/*
 Navicat Premium Data Transfer

 Source Server         : msyql
 Source Server Type    : MySQL
 Source Server Version : 80024 (8.0.24)
 Source Host           : 43.143.164.194:3306
 Source Schema         : guigu-oa

 Target Server Type    : MySQL
 Target Server Version : 80024 (8.0.24)
 File Encoding         : 65001

 Date: 25/06/2023 22:30:50
*/

SET NAMES utf8mb4;
SET FOREIGN_KEY_CHECKS = 0;

-- ----------------------------
-- Table structure for act_evt_log
-- ----------------------------
DROP TABLE IF EXISTS `act_evt_log`;
CREATE TABLE `act_evt_log` (
  `LOG_NR_` bigint NOT NULL AUTO_INCREMENT,
  `TYPE_` varchar(64) CHARACTER SET utf8 COLLATE utf8_bin DEFAULT NULL,
  `PROC_DEF_ID_` varchar(64) CHARACTER SET utf8 COLLATE utf8_bin DEFAULT NULL,
  `PROC_INST_ID_` varchar(64) CHARACTER SET utf8 COLLATE utf8_bin DEFAULT NULL,
  `EXECUTION_ID_` varchar(64) CHARACTER SET utf8 COLLATE utf8_bin DEFAULT NULL,
  `TASK_ID_` varchar(64) CHARACTER SET utf8 COLLATE utf8_bin DEFAULT NULL,
  `TIME_STAMP_` timestamp(3) NOT NULL,
  `USER_ID_` varchar(255) CHARACTER SET utf8 COLLATE utf8_bin DEFAULT NULL,
  `DATA_` longblob,
  `LOCK_OWNER_` varchar(255) CHARACTER SET utf8 COLLATE utf8_bin DEFAULT NULL,
  `LOCK_TIME_` timestamp(3) NULL DEFAULT NULL,
  `IS_PROCESSED_` tinyint DEFAULT '0',
  PRIMARY KEY (`LOG_NR_`)
) ENGINE=InnoDB DEFAULT CHARSET=utf8mb3 COLLATE=utf8_bin;

-- ----------------------------
-- Records of act_evt_log
-- ----------------------------
BEGIN;
COMMIT;

-- ----------------------------
-- Table structure for act_ge_bytearray
-- ----------------------------
DROP TABLE IF EXISTS `act_ge_bytearray`;
CREATE TABLE `act_ge_bytearray` (
  `ID_` varchar(64) CHARACTER SET utf8 COLLATE utf8_bin NOT NULL,
  `REV_` int DEFAULT NULL,
  `NAME_` varchar(255) CHARACTER SET utf8 COLLATE utf8_bin DEFAULT NULL,
  `DEPLOYMENT_ID_` varchar(64) CHARACTER SET utf8 COLLATE utf8_bin DEFAULT NULL,
  `BYTES_` longblob,
  `GENERATED_` tinyint DEFAULT NULL,
  PRIMARY KEY (`ID_`),
  KEY `ACT_FK_BYTEARR_DEPL` (`DEPLOYMENT_ID_`),
  CONSTRAINT `ACT_FK_BYTEARR_DEPL` FOREIGN KEY (`DEPLOYMENT_ID_`) REFERENCES `act_re_deployment` (`ID_`)
) ENGINE=InnoDB DEFAULT CHARSET=utf8mb3 COLLATE=utf8_bin;

-- ----------------------------
-- Records of act_ge_bytearray
-- ----------------------------
BEGIN;
INSERT INTO `act_ge_bytearray` (`ID_`, `REV_`, `NAME_`, `DEPLOYMENT_ID_`, `BYTES_`, `GENERATED_`) VALUES ('041016b0-09c3-11ee-993e-2aee215b35b7', 1, 'process/overtime04.bpmn20.xml', '041016af-09c3-11ee-993e-2aee215b35b7', 0x3C3F786D6C2076657273696F6E3D22312E302220656E636F64696E673D225554462D38223F3E0A3C646566696E6974696F6E7320786D6C6E733D22687474703A2F2F7777772E6F6D672E6F72672F737065632F42504D4E2F32303130303532342F4D4F44454C2220786D6C6E733A7873693D22687474703A2F2F7777772E77332E6F72672F323030312F584D4C536368656D612D696E7374616E63652220786D6C6E733A7873643D22687474703A2F2F7777772E77332E6F72672F323030312F584D4C536368656D612220786D6C6E733A61637469766974693D22687474703A2F2F61637469766974692E6F72672F62706D6E2220786D6C6E733A62706D6E64693D22687474703A2F2F7777772E6F6D672E6F72672F737065632F42504D4E2F32303130303532342F44492220786D6C6E733A6F6D6764633D22687474703A2F2F7777772E6F6D672E6F72672F737065632F44442F32303130303532342F44432220786D6C6E733A6F6D6764693D22687474703A2F2F7777772E6F6D672E6F72672F737065632F44442F32303130303532342F44492220747970654C616E67756167653D22687474703A2F2F7777772E77332E6F72672F323030312F584D4C536368656D61222065787072657373696F6E4C616E67756167653D22687474703A2F2F7777772E77332E6F72672F313939392F585061746822207461726765744E616D6573706163653D22687474703A2F2F7777772E61637469766974692E6F72672F70726F63657373646566223E0A20203C70726F636573732069643D226F76657274696D6530342220697345786563757461626C653D2274727565223E0A202020203C73746172744576656E742069643D227369642D39413843394246452D313043422D343045462D413741422D363132383535334439414638223E3C2F73746172744576656E743E0A202020203C757365725461736B2069643D227369642D32303532413037462D464631332D344244372D413936362D41383635453730333039343722206E616D653D224D616E6167657220617070726F76616C222061637469766974693A63616E64696461746555736572733D22746F6D30312C746F6D3032223E3C2F757365725461736B3E0A202020203C757365725461736B2069643D227369642D32464333304234392D433042462D343445312D424145302D42444445323946433232463322206E616D653D22506572736F6E6E656C20617070726F76616C222061637469766974693A63616E64696461746555736572733D22726F736530312C726F73653032223E3C2F757365725461736B3E0A202020203C656E644576656E742069643D227369642D38304630444238322D424545462D344343382D394638392D463245413739364543393742223E3C2F656E644576656E743E0A202020203C73657175656E6365466C6F772069643D227369642D33463432414132442D373144462D343139442D393032372D4543363232454135313845302220736F757263655265663D227369642D39413843394246452D313043422D343045462D413741422D36313238353533443941463822207461726765745265663D227369642D32303532413037462D464631332D344244372D413936362D413836354537303330393437223E3C2F73657175656E6365466C6F773E0A202020203C73657175656E6365466C6F772069643D227369642D36434130314241392D443341312D344543372D424543352D3137373936303435353341372220736F757263655265663D227369642D32303532413037462D464631332D344244372D413936362D41383635453730333039343722207461726765745265663D227369642D32464333304234392D433042462D343445312D424145302D424444453239464332324633223E3C2F73657175656E6365466C6F773E0A202020203C73657175656E6365466C6F772069643D227369642D38423643453038432D313131412D344632322D393233412D3932433636393233313638332220736F757263655265663D227369642D32464333304234392D433042462D343445312D424145302D42444445323946433232463322207461726765745265663D227369642D38304630444238322D424545462D344343382D394638392D463245413739364543393742223E3C2F73657175656E6365466C6F773E0A20203C2F70726F636573733E0A20203C62706D6E64693A42504D4E4469616772616D2069643D2242504D4E4469616772616D5F6F76657274696D653034223E0A202020203C62706D6E64693A42504D4E506C616E652062706D6E456C656D656E743D226F76657274696D653034222069643D2242504D4E506C616E655F6F76657274696D653034223E0A2020202020203C62706D6E64693A42504D4E53686170652062706D6E456C656D656E743D227369642D39413843394246452D313043422D343045462D413741422D363132383535334439414638222069643D2242504D4E53686170655F7369642D39413843394246452D313043422D343045462D413741422D363132383535334439414638223E0A20202020202020203C6F6D6764633A426F756E6473206865696768743D2233302E30222077696474683D2233302E302220783D223231342E302220793D223135332E30223E3C2F6F6D6764633A426F756E64733E0A2020202020203C2F62706D6E64693A42504D4E53686170653E0A2020202020203C62706D6E64693A42504D4E53686170652062706D6E456C656D656E743D227369642D32303532413037462D464631332D344244372D413936362D413836354537303330393437222069643D2242504D4E53686170655F7369642D32303532413037462D464631332D344244372D413936362D413836354537303330393437223E0A20202020202020203C6F6D6764633A426F756E6473206865696768743D2238302E30222077696474683D223130302E302220783D223337352E302220793D223132382E30223E3C2F6F6D6764633A426F756E64733E0A2020202020203C2F62706D6E64693A42504D4E53686170653E0A2020202020203C62706D6E64693A42504D4E53686170652062706D6E456C656D656E743D227369642D32464333304234392D433042462D343445312D424145302D424444453239464332324633222069643D2242504D4E53686170655F7369642D32464333304234392D433042462D343445312D424145302D424444453239464332324633223E0A20202020202020203C6F6D6764633A426F756E6473206865696768743D2238302E30222077696474683D223130302E302220783D223631352E302220793D223132382E30223E3C2F6F6D6764633A426F756E64733E0A2020202020203C2F62706D6E64693A42504D4E53686170653E0A2020202020203C62706D6E64693A42504D4E53686170652062706D6E456C656D656E743D227369642D38304630444238322D424545462D344343382D394638392D463245413739364543393742222069643D2242504D4E53686170655F7369642D38304630444238322D424545462D344343382D394638392D463245413739364543393742223E0A20202020202020203C6F6D6764633A426F756E6473206865696768743D2232382E30222077696474683D2232382E302220783D223835352E302220793D223135342E30223E3C2F6F6D6764633A426F756E64733E0A2020202020203C2F62706D6E64693A42504D4E53686170653E0A2020202020203C62706D6E64693A42504D4E456467652062706D6E456C656D656E743D227369642D36434130314241392D443341312D344543372D424543352D313737393630343535334137222069643D2242504D4E456467655F7369642D36434130314241392D443341312D344543372D424543352D313737393630343535334137223E0A20202020202020203C6F6D6764693A776179706F696E7420783D223437352E302220793D223136382E30223E3C2F6F6D6764693A776179706F696E743E0A20202020202020203C6F6D6764693A776179706F696E7420783D223631352E302220793D223136382E30223E3C2F6F6D6764693A776179706F696E743E0A2020202020203C2F62706D6E64693A42504D4E456467653E0A2020202020203C62706D6E64693A42504D4E456467652062706D6E456C656D656E743D227369642D33463432414132442D373144462D343139442D393032372D454336323245413531384530222069643D2242504D4E456467655F7369642D33463432414132442D373144462D343139442D393032372D454336323245413531384530223E0A20202020202020203C6F6D6764693A776179706F696E7420783D223234342E302220793D223136382E30223E3C2F6F6D6764693A776179706F696E743E0A20202020202020203C6F6D6764693A776179706F696E7420783D223337352E302220793D223136382E30223E3C2F6F6D6764693A776179706F696E743E0A2020202020203C2F62706D6E64693A42504D4E456467653E0A2020202020203C62706D6E64693A42504D4E456467652062706D6E456C656D656E743D227369642D38423643453038432D313131412D344632322D393233412D393243363639323331363833222069643D2242504D4E456467655F7369642D38423643453038432D313131412D344632322D393233412D393243363639323331363833223E0A20202020202020203C6F6D6764693A776179706F696E7420783D223731352E302220793D223136382E30223E3C2F6F6D6764693A776179706F696E743E0A20202020202020203C6F6D6764693A776179706F696E7420783D223835352E302220793D223136382E30223E3C2F6F6D6764693A776179706F696E743E0A2020202020203C2F62706D6E64693A42504D4E456467653E0A202020203C2F62706D6E64693A42504D4E506C616E653E0A20203C2F62706D6E64693A42504D4E4469616772616D3E0A3C2F646566696E6974696F6E733E, 0);
INSERT INTO `act_ge_bytearray` (`ID_`, `REV_`, `NAME_`, `DEPLOYMENT_ID_`, `BYTES_`, `GENERATED_`) VALUES ('0bbc9a5f-09c9-11ee-8278-2aee215b35b7', 1, 'process/overtime001.bpmn20.xml', '0bbc9a5e-09c9-11ee-8278-2aee215b35b7', 0x3C3F786D6C2076657273696F6E3D22312E302220656E636F64696E673D225554462D38223F3E0A3C646566696E6974696F6E7320786D6C6E733D22687474703A2F2F7777772E6F6D672E6F72672F737065632F42504D4E2F32303130303532342F4D4F44454C2220786D6C6E733A7873693D22687474703A2F2F7777772E77332E6F72672F323030312F584D4C536368656D612D696E7374616E63652220786D6C6E733A7873643D22687474703A2F2F7777772E77332E6F72672F323030312F584D4C536368656D612220786D6C6E733A61637469766974693D22687474703A2F2F61637469766974692E6F72672F62706D6E2220786D6C6E733A62706D6E64693D22687474703A2F2F7777772E6F6D672E6F72672F737065632F42504D4E2F32303130303532342F44492220786D6C6E733A6F6D6764633D22687474703A2F2F7777772E6F6D672E6F72672F737065632F44442F32303130303532342F44432220786D6C6E733A6F6D6764693D22687474703A2F2F7777772E6F6D672E6F72672F737065632F44442F32303130303532342F44492220747970654C616E67756167653D22687474703A2F2F7777772E77332E6F72672F323030312F584D4C536368656D61222065787072657373696F6E4C616E67756167653D22687474703A2F2F7777772E77332E6F72672F313939392F585061746822207461726765744E616D6573706163653D22687474703A2F2F7777772E61637469766974692E6F72672F70726F63657373646566223E0A20203C70726F636573732069643D226F76657274696D653030312220697345786563757461626C653D2274727565223E0A202020203C73746172744576656E742069643D227369642D41454333363932422D364544442D343834422D423131462D413138323232364633324430223E3C2F73746172744576656E743E0A202020203C656E644576656E742069643D227369642D38344231434241342D344542342D343942302D413332352D374645393841413330414445223E3C2F656E644576656E743E0A202020203C757365725461736B2069643D227369642D46333544303733332D454539332D343741382D383339442D42374431383441394331313022206E616D653D2247656E6572616C206D616E6167657220617070726F76616C222061637469766974693A61737369676E65653D22676F757368656E67223E3C2F757365725461736B3E0A202020203C757365725461736B2069643D227369642D46344237393530382D384134462D344146352D383244452D31423133373132413733373822206E616D653D224465706172746D656E74206D616E6167657220617070726F76616C222061637469766974693A61737369676E65653D227A68616F6C6975223E3C2F757365725461736B3E0A202020203C757365725461736B2069643D227369642D36303439443836392D434236342D344641362D383334452D45414341434133343646324222206E616D653D22506572736F6E6E656C207265636F7264222061637469766974693A61737369676E65653D227869616F637569223E3C2F757365725461736B3E0A202020203C6578636C7573697665476174657761792069643D227369642D44393844423730412D313337342D344343422D394535322D444632453641443030353734223E3C2F6578636C7573697665476174657761793E0A202020203C73657175656E6365466C6F772069643D227369642D34453846363433372D333941462D344636462D424230392D3334443338433832463931462220736F757263655265663D227369642D41454333363932422D364544442D343834422D423131462D41313832323236463332443022207461726765745265663D227369642D44393844423730412D313337342D344343422D394535322D444632453641443030353734223E3C2F73657175656E6365466C6F773E0A202020203C73657175656E6365466C6F772069643D227369642D38393630363344382D334533302D343137342D424242322D3930393331313334393144462220736F757263655265663D227369642D46333544303733332D454539332D343741382D383339442D42374431383441394331313022207461726765745265663D227369642D36303439443836392D434236342D344641362D383334452D454143414341333436463242223E3C2F73657175656E6365466C6F773E0A202020203C73657175656E6365466C6F772069643D227369642D36314430444643412D313642312D343943312D414237322D3834434239353746394339372220736F757263655265663D227369642D46344237393530382D384134462D344146352D383244452D31423133373132413733373822207461726765745265663D227369642D36303439443836392D434236342D344641362D383334452D454143414341333436463242223E3C2F73657175656E6365466C6F773E0A202020203C73657175656E6365466C6F772069643D227369642D32453830414631382D464544322D343445302D413135332D4342453446324639354341432220736F757263655265663D227369642D36303439443836392D434236342D344641362D383334452D45414341434133343646324222207461726765745265663D227369642D38344231434241342D344542342D343942302D413332352D374645393841413330414445223E3C2F73657175656E6365466C6F773E0A202020203C73657175656E6365466C6F772069643D227369642D38453338453437452D364231382D343632422D393636372D30413039373939463446373822206E616D653D224C657373207468616E2074776F20646179732220736F757263655265663D227369642D44393844423730412D313337342D344343422D394535322D44463245364144303035373422207461726765745265663D227369642D46344237393530382D384134462D344146352D383244452D314231333731324137333738223E0A2020202020203C636F6E646974696F6E45787072657373696F6E207873693A747970653D2274466F726D616C45787072657373696F6E223E3C215B43444154415B247B6461793C327D5D5D3E3C2F636F6E646974696F6E45787072657373696F6E3E0A202020203C2F73657175656E6365466C6F773E0A202020203C73657175656E6365466C6F772069643D227369642D43413734383045342D443141462D344346422D384436372D39323036304244333935314322206E616D653D224D6F7265207468616E2074776F20646179732220736F757263655265663D227369642D44393844423730412D313337342D344343422D394535322D44463245364144303035373422207461726765745265663D227369642D46333544303733332D454539332D343741382D383339442D423744313834413943313130223E3C2F73657175656E6365466C6F773E0A20203C2F70726F636573733E0A20203C62706D6E64693A42504D4E4469616772616D2069643D2242504D4E4469616772616D5F6F76657274696D65303031223E0A202020203C62706D6E64693A42504D4E506C616E652062706D6E456C656D656E743D226F76657274696D65303031222069643D2242504D4E506C616E655F6F76657274696D65303031223E0A2020202020203C62706D6E64693A42504D4E53686170652062706D6E456C656D656E743D227369642D41454333363932422D364544442D343834422D423131462D413138323232364633324430222069643D2242504D4E53686170655F7369642D41454333363932422D364544442D343834422D423131462D413138323232364633324430223E0A20202020202020203C6F6D6764633A426F756E6473206865696768743D2233302E30222077696474683D2233302E302220783D223130352E302220793D223135352E30223E3C2F6F6D6764633A426F756E64733E0A2020202020203C2F62706D6E64693A42504D4E53686170653E0A2020202020203C62706D6E64693A42504D4E53686170652062706D6E456C656D656E743D227369642D38344231434241342D344542342D343942302D413332352D374645393841413330414445222069643D2242504D4E53686170655F7369642D38344231434241342D344542342D343942302D413332352D374645393841413330414445223E0A20202020202020203C6F6D6764633A426F756E6473206865696768743D2232382E30222077696474683D2232382E302220783D223634352E302220793D223335362E30223E3C2F6F6D6764633A426F756E64733E0A2020202020203C2F62706D6E64693A42504D4E53686170653E0A2020202020203C62706D6E64693A42504D4E53686170652062706D6E456C656D656E743D227369642D46333544303733332D454539332D343741382D383339442D423744313834413943313130222069643D2242504D4E53686170655F7369642D46333544303733332D454539332D343741382D383339442D423744313834413943313130223E0A20202020202020203C6F6D6764633A426F756E6473206865696768743D2238302E30222077696474683D223130302E302220783D223231302E302220793D223333302E30223E3C2F6F6D6764633A426F756E64733E0A2020202020203C2F62706D6E64693A42504D4E53686170653E0A2020202020203C62706D6E64693A42504D4E53686170652062706D6E456C656D656E743D227369642D46344237393530382D384134462D344146352D383244452D314231333731324137333738222069643D2242504D4E53686170655F7369642D46344237393530382D384134462D344146352D383244452D314231333731324137333738223E0A20202020202020203C6F6D6764633A426F756E6473206865696768743D2238302E30222077696474683D223130302E302220783D223435302E302220793D223133302E30223E3C2F6F6D6764633A426F756E64733E0A2020202020203C2F62706D6E64693A42504D4E53686170653E0A2020202020203C62706D6E64693A42504D4E53686170652062706D6E456C656D656E743D227369642D36303439443836392D434236342D344641362D383334452D454143414341333436463242222069643D2242504D4E53686170655F7369642D36303439443836392D434236342D344641362D383334452D454143414341333436463242223E0A20202020202020203C6F6D6764633A426F756E6473206865696768743D2238302E30222077696474683D223130302E302220783D223435302E302220793D223333302E30223E3C2F6F6D6764633A426F756E64733E0A2020202020203C2F62706D6E64693A42504D4E53686170653E0A2020202020203C62706D6E64693A42504D4E53686170652062706D6E456C656D656E743D227369642D44393844423730412D313337342D344343422D394535322D444632453641443030353734222069643D2242504D4E53686170655F7369642D44393844423730412D313337342D344343422D394535322D444632453641443030353734223E0A20202020202020203C6F6D6764633A426F756E6473206865696768743D2234302E30222077696474683D2234302E302220783D223234302E302220793D223135302E30223E3C2F6F6D6764633A426F756E64733E0A2020202020203C2F62706D6E64693A42504D4E53686170653E0A2020202020203C62706D6E64693A42504D4E456467652062706D6E456C656D656E743D227369642D34453846363433372D333941462D344636462D424230392D333444333843383246393146222069643D2242504D4E456467655F7369642D34453846363433372D333941462D344636462D424230392D333444333843383246393146223E0A20202020202020203C6F6D6764693A776179706F696E7420783D223133352E302220793D223137302E30223E3C2F6F6D6764693A776179706F696E743E0A20202020202020203C6F6D6764693A776179706F696E7420783D223234302E302220793D223137302E30223E3C2F6F6D6764693A776179706F696E743E0A2020202020203C2F62706D6E64693A42504D4E456467653E0A2020202020203C62706D6E64693A42504D4E456467652062706D6E456C656D656E743D227369642D43413734383045342D443141462D344346422D384436372D393230363042443339353143222069643D2242504D4E456467655F7369642D43413734383045342D443141462D344346422D384436372D393230363042443339353143223E0A20202020202020203C6F6D6764693A776179706F696E7420783D223236302E34353232363133303635333236352220793D223138392E3534373733383639333436373335223E3C2F6F6D6764693A776179706F696E743E0A20202020202020203C6F6D6764693A776179706F696E7420783D223236302E31303032353036323635363634342220793D223333302E30223E3C2F6F6D6764693A776179706F696E743E0A2020202020203C2F62706D6E64693A42504D4E456467653E0A2020202020203C62706D6E64693A42504D4E456467652062706D6E456C656D656E743D227369642D38393630363344382D334533302D343137342D424242322D393039333131333439314446222069643D2242504D4E456467655F7369642D38393630363344382D334533302D343137342D424242322D393039333131333439314446223E0A20202020202020203C6F6D6764693A776179706F696E7420783D223331302E302220793D223337302E30223E3C2F6F6D6764693A776179706F696E743E0A20202020202020203C6F6D6764693A776179706F696E7420783D223435302E302220793D223337302E30223E3C2F6F6D6764693A776179706F696E743E0A2020202020203C2F62706D6E64693A42504D4E456467653E0A2020202020203C62706D6E64693A42504D4E456467652062706D6E456C656D656E743D227369642D36314430444643412D313642312D343943312D414237322D383443423935374639433937222069643D2242504D4E456467655F7369642D36314430444643412D313642312D343943312D414237322D383443423935374639433937223E0A20202020202020203C6F6D6764693A776179706F696E7420783D223530302E302220793D223231302E30223E3C2F6F6D6764693A776179706F696E743E0A20202020202020203C6F6D6764693A776179706F696E7420783D223530302E302220793D223333302E30223E3C2F6F6D6764693A776179706F696E743E0A2020202020203C2F62706D6E64693A42504D4E456467653E0A2020202020203C62706D6E64693A42504D4E456467652062706D6E456C656D656E743D227369642D38453338453437452D364231382D343632422D393636372D304130393739394634463738222069643D2242504D4E456467655F7369642D38453338453437452D364231382D343632422D393636372D304130393739394634463738223E0A20202020202020203C6F6D6764693A776179706F696E7420783D223237392E353339373438393533393734392220793D223137302E34363032353130343630323531223E3C2F6F6D6764693A776179706F696E743E0A20202020202020203C6F6D6764693A776179706F696E7420783D223435302E302220793D223137302E31303433383431333336313137223E3C2F6F6D6764693A776179706F696E743E0A2020202020203C2F62706D6E64693A42504D4E456467653E0A2020202020203C62706D6E64693A42504D4E456467652062706D6E456C656D656E743D227369642D32453830414631382D464544322D343445302D413135332D434245344632463935434143222069643D2242504D4E456467655F7369642D32453830414631382D464544322D343445302D413135332D434245344632463935434143223E0A20202020202020203C6F6D6764693A776179706F696E7420783D223535302E302220793D223337302E30223E3C2F6F6D6764693A776179706F696E743E0A20202020202020203C6F6D6764693A776179706F696E7420783D223634352E302220793D223337302E30223E3C2F6F6D6764693A776179706F696E743E0A2020202020203C2F62706D6E64693A42504D4E456467653E0A202020203C2F62706D6E64693A42504D4E506C616E653E0A20203C2F62706D6E64693A42504D4E4469616772616D3E0A3C2F646566696E6974696F6E733E, 0);
INSERT INTO `act_ge_bytearray` (`ID_`, `REV_`, `NAME_`, `DEPLOYMENT_ID_`, `BYTES_`, `GENERATED_`) VALUES ('1fc05e1c-0923-11ee-b61c-b60fbe4e0138', 1, 'process/overtime.bpmn20.xml', '1fc05e1b-0923-11ee-b61c-b60fbe4e0138', 0x3C3F786D6C2076657273696F6E3D22312E302220656E636F64696E673D225554462D38223F3E0A3C646566696E6974696F6E7320786D6C6E733D22687474703A2F2F7777772E6F6D672E6F72672F737065632F42504D4E2F32303130303532342F4D4F44454C2220786D6C6E733A7873693D22687474703A2F2F7777772E77332E6F72672F323030312F584D4C536368656D612D696E7374616E63652220786D6C6E733A7873643D22687474703A2F2F7777772E77332E6F72672F323030312F584D4C536368656D612220786D6C6E733A61637469766974693D22687474703A2F2F61637469766974692E6F72672F62706D6E2220786D6C6E733A62706D6E64693D22687474703A2F2F7777772E6F6D672E6F72672F737065632F42504D4E2F32303130303532342F44492220786D6C6E733A6F6D6764633D22687474703A2F2F7777772E6F6D672E6F72672F737065632F44442F32303130303532342F44432220786D6C6E733A6F6D6764693D22687474703A2F2F7777772E6F6D672E6F72672F737065632F44442F32303130303532342F44492220747970654C616E67756167653D22687474703A2F2F7777772E77332E6F72672F323030312F584D4C536368656D61222065787072657373696F6E4C616E67756167653D22687474703A2F2F7777772E77332E6F72672F313939392F585061746822207461726765744E616D6573706163653D22687474703A2F2F7777772E61637469766974692E6F72672F70726F63657373646566223E0A20203C70726F636573732069643D226F76657274696D652220697345786563757461626C653D2274727565223E0A202020203C73746172744576656E742069643D227369642D35444333413634452D334542382D343839452D413143442D394444463038423431454535223E3C2F73746172744576656E743E0A202020203C656E644576656E742069643D227369642D45343734393033342D443930412D343032462D413244432D433436333233443238323137223E3C2F656E644576656E743E0A202020203C757365725461736B2069643D227369642D31433033433531462D424431312D343945332D423337332D45374243343842363144364122206E616D653D224D616E6167657220617070726F76616C222061637469766974693A61737369676E65653D22247B61737369676E6565317D223E3C2F757365725461736B3E0A202020203C757365725461736B2069643D227369642D33313436423935322D383246332D343945382D384339382D33444237424244383631363622206E616D653D22506572736F6E6E656C20617070726F76616C222061637469766974693A61737369676E65653D22247B61737369676E6565327D223E3C2F757365725461736B3E0A202020203C73657175656E6365466C6F772069643D227369642D42464335383337332D353341442D343038312D383244442D3344413636354437334536462220736F757263655265663D227369642D35444333413634452D334542382D343839452D413143442D39444446303842343145453522207461726765745265663D227369642D31433033433531462D424431312D343945332D423337332D453742433438423631443641223E3C2F73657175656E6365466C6F773E0A202020203C73657175656E6365466C6F772069643D227369642D30413032304142362D453645412D343036432D423439412D4242393631344444334243462220736F757263655265663D227369642D31433033433531462D424431312D343945332D423337332D45374243343842363144364122207461726765745265663D227369642D33313436423935322D383246332D343945382D384339382D334442374242443836313636223E3C2F73657175656E6365466C6F773E0A202020203C73657175656E6365466C6F772069643D227369642D36393036463234352D334134372D343530382D393830372D4643374643384336434341302220736F757263655265663D227369642D33313436423935322D383246332D343945382D384339382D33444237424244383631363622207461726765745265663D227369642D45343734393033342D443930412D343032462D413244432D433436333233443238323137223E3C2F73657175656E6365466C6F773E0A20203C2F70726F636573733E0A20203C62706D6E64693A42504D4E4469616772616D2069643D2242504D4E4469616772616D5F6F76657274696D65223E0A202020203C62706D6E64693A42504D4E506C616E652062706D6E456C656D656E743D226F76657274696D65222069643D2242504D4E506C616E655F6F76657274696D65223E0A2020202020203C62706D6E64693A42504D4E53686170652062706D6E456C656D656E743D227369642D35444333413634452D334542382D343839452D413143442D394444463038423431454535222069643D2242504D4E53686170655F7369642D35444333413634452D334542382D343839452D413143442D394444463038423431454535223E0A20202020202020203C6F6D6764633A426F756E6473206865696768743D2233302E30222077696474683D2233302E302220783D223135302E302220793D223139352E30223E3C2F6F6D6764633A426F756E64733E0A2020202020203C2F62706D6E64693A42504D4E53686170653E0A2020202020203C62706D6E64693A42504D4E53686170652062706D6E456C656D656E743D227369642D45343734393033342D443930412D343032462D413244432D433436333233443238323137222069643D2242504D4E53686170655F7369642D45343734393033342D443930412D343032462D413244432D433436333233443238323137223E0A20202020202020203C6F6D6764633A426F756E6473206865696768743D2232382E30222077696474683D2232382E302220783D223730352E302220793D223139362E30223E3C2F6F6D6764633A426F756E64733E0A2020202020203C2F62706D6E64693A42504D4E53686170653E0A2020202020203C62706D6E64693A42504D4E53686170652062706D6E456C656D656E743D227369642D31433033433531462D424431312D343945332D423337332D453742433438423631443641222069643D2242504D4E53686170655F7369642D31433033433531462D424431312D343945332D423337332D453742433438423631443641223E0A20202020202020203C6F6D6764633A426F756E6473206865696768743D2238302E30222077696474683D223130302E302220783D223330302E352220793D223137302E30223E3C2F6F6D6764633A426F756E64733E0A2020202020203C2F62706D6E64693A42504D4E53686170653E0A2020202020203C62706D6E64693A42504D4E53686170652062706D6E456C656D656E743D227369642D33313436423935322D383246332D343945382D384339382D334442374242443836313636222069643D2242504D4E53686170655F7369642D33313436423935322D383246332D343945382D384339382D334442374242443836313636223E0A20202020202020203C6F6D6764633A426F756E6473206865696768743D2238302E30222077696474683D223130302E302220783D223439352E302220793D223137302E30223E3C2F6F6D6764633A426F756E64733E0A2020202020203C2F62706D6E64693A42504D4E53686170653E0A2020202020203C62706D6E64693A42504D4E456467652062706D6E456C656D656E743D227369642D36393036463234352D334134372D343530382D393830372D464337464338433643434130222069643D2242504D4E456467655F7369642D36393036463234352D334134372D343530382D393830372D464337464338433643434130223E0A20202020202020203C6F6D6764693A776179706F696E7420783D223539352E302220793D223231302E30223E3C2F6F6D6764693A776179706F696E743E0A20202020202020203C6F6D6764693A776179706F696E7420783D223730352E302220793D223231302E30223E3C2F6F6D6764693A776179706F696E743E0A2020202020203C2F62706D6E64693A42504D4E456467653E0A2020202020203C62706D6E64693A42504D4E456467652062706D6E456C656D656E743D227369642D30413032304142362D453645412D343036432D423439412D424239363134444433424346222069643D2242504D4E456467655F7369642D30413032304142362D453645412D343036432D423439412D424239363134444433424346223E0A20202020202020203C6F6D6764693A776179706F696E7420783D223430302E352220793D223231302E30223E3C2F6F6D6764693A776179706F696E743E0A20202020202020203C6F6D6764693A776179706F696E7420783D223439352E302220793D223231302E30223E3C2F6F6D6764693A776179706F696E743E0A2020202020203C2F62706D6E64693A42504D4E456467653E0A2020202020203C62706D6E64693A42504D4E456467652062706D6E456C656D656E743D227369642D42464335383337332D353341442D343038312D383244442D334441363635443733453646222069643D2242504D4E456467655F7369642D42464335383337332D353341442D343038312D383244442D334441363635443733453646223E0A20202020202020203C6F6D6764693A776179706F696E7420783D223138302E302220793D223231302E30223E3C2F6F6D6764693A776179706F696E743E0A20202020202020203C6F6D6764693A776179706F696E7420783D223330302E352220793D223231302E30223E3C2F6F6D6764693A776179706F696E743E0A2020202020203C2F62706D6E64693A42504D4E456467653E0A202020203C2F62706D6E64693A42504D4E506C616E653E0A20203C2F62706D6E64693A42504D4E4469616772616D3E0A3C2F646566696E6974696F6E733E, 0);
INSERT INTO `act_ge_bytearray` (`ID_`, `REV_`, `NAME_`, `DEPLOYMENT_ID_`, `BYTES_`, `GENERATED_`) VALUES ('2e3dd06c-0851-11ee-a131-f6047975ea81', 1, 'process/qingjia.png', '2e3dd06b-0851-11ee-a131-f6047975ea81', 0x89504E470D0A1A0A0000000D494844520000032D000000FA0806000000ACC3A80C000000206348524D00007A26000080840000FA00000080E8000075300000EA6000003A98000017709CBA513C0000000467414D410000B18E7CFB5193000000017352474200AECE1CE900000006624B474400FF00FF00FFA0BDA793000000097048597300000EC400000EC401952B0E1B00001D354944415478DAEDDD097C5D55BD2FF09DA14D6A4B5B4A8BA12054844B11842A283CADD0AB05940B8ACAD05A2ED4E78727CA03115001158A57E1F98477C18F5C669929C83C83F44A19E496A18C1528629B32B469299D877448F2D6FF98D37B9A266DDAE664EAF7FBF9ECCF3939539275F6B07E6BADBD76960100000000000000000000000000000000000000000000000000000000000000000000000000000000000000000000000000000000000000000000000000000000000000000000000000000000000000000000000000000000000000000000000000000000000000000000000000000000000000000000000000000000000000000000000000000000000000000000000000000000000000000000000000000000000000000000000000000000000000000000000000000000000000000000000000000000000000000000000000000000000000000000000000000000000000000000000000000000000000000000000000000000000000000000000000000000000000000000000000000000000000000000000000000000000000000000000000000000000000000000000000000000000000000000000000000000000000000000000000000000000000000000000000000000000000000000000000000000000000000000000000000000000000001BAD441100009BAAA1A1A172FAF4E9FF7BC99225C72E5BB66CB7A54B9756D6D7D72B98CDADA09594345454547CD8B367CFE756AD5A75E1F0E1C31F572A082D00001B29859513E7CE9D7B516D6DED47AAAAAAB27EFDFA655B6DB555565A5AAA70365304BF1404B3458B16653535352BEBEAEADE58BE7CF9B1871C72C814A583D00200D00AEFBCF3CE3DD3A64DFBFA8E3BEE980D1E3C387A06144A11CD9C3933ABAEAE5EDED0D030FA4B5FFAD2BD4A04A105800D3224A64807254362BA4C6049CBD777DB6DB7AC6FDFBE0AA49DA4FD4CF6EAABAF2E5EBD7AF5B7478E1CF98012416801A04586C4148F21315D63FD9F3163C6657BECB147B38165D5F279D9ECA90F66CBE64F4FE1BE3EEBD57FA7AC6AB7C3B29EBD0729BC360A2E2FBDF4D282145CBE68BB604B52A608005A2F5A98ABABAB4FDF6EBBED7A0C1D3A34EBDFBF7F56595969684C1B8972ACA8A8C85586070F1E5C968260D5E2C58BBF73FCF1C74FB9FEFAEBA72AA18E153D8C6FBFFDF67FC6FA3F68D0A06603CB8CE7AFC86A17CF4AAFAD4B6FA84F8FCDCF16CD7E35EB3370B7ACBC671F85B8997AF6EC190D24CB162E5CF8991B6EB8E17A25C29642B320C04604961812132DCCDB6FBFBDA0D20EE25C89BDF7DEBB57AAA4DD3861C284C39448C78A2191D1C318DF4B733EAC7E325BBD72E93A8FD7AD5A9ECD9BF194026C233BECB0C380F2F2F25D1F7BECB1FD9506420B008595B513E3A4E396C6F0AF58323B7BEFE51BB3B71EFF6536F5CFE3B2775EBC36AB5DF4BE826B03BD7BF7CEF6DA6BAFAD5248BCF1D1471FDD5389749C38872B8644B614D8972F7CB7C5F72EB73DB4A96DB7DDB626DD7C4B4920B40090134362E21C969825A9A5C0F2EE8B7FC896CC9D9AD5D7ADCC1AEA5767CBE6FD3D7B67F235824B1B0697214386D4979595FD4E69749C987422CEE16A49FDEA152D6F4775AB14601B1A3870E0F6E9668492406801206743436262D84B73436222C0CC9D3E5101B61143623A5ECC9217934ED0F1D2F7B05DBA19A624105A00C8D9E09098F5F4A6442F0C6DC790988E15B3BB9925AF9354E0FEF13D942B098416007236342466BDC35E1A5CBBA52D1912D3B9F5E8B5758BCF9557E8A101841680A23124A6F33024A6731BB0E3E7B3F29EBDD779BCAC47AF6CC04EC3151020B400148B21319DE8A065484CA7D667D0EE59EF81BB35FBF856DBEEA18000A105A0A3181203FF2D66CF5B27F8AF67563100A105A01D181203596E06BD59AFDF952D9E3D659DE716CFF96BEEB9BA954B1414B04974B1036CA6DC90980FDEC816CE7C719DC70D89614B10A164CE5B0F67AB6A17B4F89AD83E96CE9D9A0DFCC44159FFEDF7556880D002D0DEEA562D5FE7B1D52B162B18BAF77ABF724936EB8D7BB32529B4B746F4C6D4BC714FEEF555BB7F3D2BAFE8AB108156313C0C6033AC5CFA41EECAF7CD55DA967EF8B7EC9D17AECABD06BAA369FF7549AB034BA12573A766D39EB9580102420B40B1C5709777265F9D2D9B3FBDC5D72C5B3023AB7EEEB26CFE3BCF640DAED94237D35C0F636BD5D7AD548040AB191E06B091A2E764F65B0FE57A525A5B398BD72FFEE08D6CDB7F3A34ABCC5D6A04BABEA1237FA5108076A1A705602345CF496B034BA1E89199F1FC150A1000841680E2DA9C612DCD5DC30200583FC3C3003692213100D0BEF4B40000009D9A9E16E8404F3CF1C4A16FBEF9E6F7E6CE9DFB3F6A6A6AFA2F5AB4A87CC58A1525E5E5E50DFDFAF5AB1B3468D0DC0103063C3774E8D0DF1D7CF0C1FFA9C400A0FB1B3366CC0EAB57AF3EA2A4A4E4C0F4E3B0B454A5A54F5A6AD352D3D0D0F0727AEE2F656565B7DE7CF3CDEF092D4051FCFEF7BFFFF99C39737E72F7DD776FB5FBEEBB675FFEF297B38F7DEC63590A2859656565565B5B5BB278F1E2F277DF7DB76ACA94295F7BE8A187BE76D65967CDEFDBB7EFEFD2ED38250800DDCFE8D1A38F483727D5D7D71F904249CF665E52999621E9B921E9F688BABABADF8E1A356A62FAF99AF1E3C7DF24B4006DE2DA6BAFDD7FDAB4690FCC9831639BB493C9F6DE7BEFACACAC6CDD3D520A2EB10C1A3428FBCC673E931D77DC71D92BAFBCB2F51FFFF8C7734F3BEDB413D373079F7FFEF9AF2A5100E8FA529D2082C8E50D0D0D876CC2DB47A4F78D489FF1BD1462BE73FBEDB7BF2DB4009BECD24B2FBD70D2A4493F3AECB0C34ABFFAD5AF361B56D627024E2C8F3EFAE847EFBAEBAE177FFDEB5F9FF7B39FFDECDF942C00745DC71C73CCA8D2D2D2FFA8AFAFDF3AFF58D411F6DC73CF6CBFFDF6CB76D96597AC7FFFFED9565B6D952D5BB62C5BB06041565D5D9D3DF7DC73D98B2FBE98AD5AB52AFFB6E1E97D2F8D1E3DFAFBDDB1D74568817670CB2DB7FCFB33CF3CF3C3D34F3FBD64D75D77DDACCF3AE49043B2A14387965D78E185E3CE3BEFBC8A73CF3DF7E74A1800BA6460392C05969B526029CB879568D83CF8E08373A32D9AFAC8473E925B060F1E9C7DFEF39FCF0598071F7C307BF8E187B3BABABA78499F8686861B5370A94CC1E5EAEE5456660F8322BBE8A28B7E1981E59C73CED9ECC092B7D34E3B65E9F34AE7CC9973E6A9A79E7A925206802E1758A287E59E143272812582C805175C1027E1371B589A133D30F1FA785F9C1B9B973EF3AA145C8E155A805619376EDC27A74E9D7AF629A79C52D2DA1D506BC5E7FDF8C73F2E5BB264C9FF4B3BA6A14A1B00BA863887A5ACACEC3FF28165B7DD768B3AC35AC16363C4FBE2FD9FFAD4A70A83CB65DDA97E20B440112D5DBAF491C30F3FBCACAD7A589A8A1E97238F3CB2E78001031E50DA00D0452AE0A5A557E7CF61891E96D34F3F3D77CECAE6886163A79E7A6A61F089A16257092DC07AFDE217BFF85F6967B1439C83524CF1F9BD7AF5DAF1B8E38E3B5EA90340E716D31AA7C0F2E5B81FE7B044D0D8DCC052185C4E3EF9E4C2C97E8677976162420B14C9CA952BCF493B8A921E3D7A14FD77A5C0D2A34F9F3E4EC80780221B356AD4CF23788C1831625327B45A732E6A9C74BFA943C25A129F77D86187ADF9B9A1A1E17B420BD0AC534F3D75C8D2A54BB78B298ADB43E318D6C1314656E9377B803943D9C03F2A5B6939F2A8A38EEAD3D5FEF63FFFF9CFB9295E5B3273E6CCACBEBEBEC5E7E7CC9993BDF75ECB170EBFFAEAABA3B169BD7F43BCE68D37DEC8DD7FE59557D63CFECE3BEF58B9B62CFF9682C0DD5555550B8E39E6989B5280F94A6BB7A9B8D27DBAF9E7B89F9F29AC18BEF295AF64058DA6C3BBC331D094C750047DFAF4F9C19021434A37F65A2C9B63FFFDF7EF3161C28451E9EEFFF10DACE3B7B1A483CB3DA5A5A5D78F1F3FFE1E45C2965AD96AAC2CD5A5EDE1B59292927BD38F132B2B2B275D77DD75B59DE90FFDF0C30FD7FAF9ADB7DECA8DFDCF3F5E535393DD7BEFBDD9D9679F9DFBF92F7FF94B3675EAD46CDF7DF7CD2EBFFCF26CECD8B1B9EB57DC7CF3CDD989279E98BDF0C20BD936DB6C937DFFFBDFCFBD3E02CC0E3BECB0E6F37BF7EE9D7B4D4C239BD7F435AFBDF65A04BFDCFD1FFDE847D9238F3C92F5ECD9337701E0085569FF620DDBB2F44EDBD0981460C6A46D6A515A37EE4D3FDF52515131B1A5ED69F5EAD547A4D7E42A07D1B03960C080A2FC6131AB585C9CFAD9679FCD3F74645A2E145A80B5AC5CB9F290B828547BDA638F3D7A3CF5D453870A2D2D4B078A23D2C1E588746089E6D6EBD241E68A54A1794FC9B0052A4BDBC3B0741BCBB9B5B5B54B478F1EFD5F69FB783455BC27CC9C3973CAC489135777E41F1881E1139FF844EEFEC5175F9CA5FD5BF6852F7C21D7B31CB327C64424A79C72CA5AEF89C0122DCC0F3DF450EE3A17CB972FCF9E7EFAE9DC6361F1E2C56B5E7BEBADB7669FFCE427D7048DE889E9D7AF5F2E8884279E78221772CE38E38CA86866A98C72B77FFFFBDF73C169FBEDB7CF059610C37104962D5EDFB4FC6BDA86FE35AD2BB5697BFA63FAF9EE59B3663D50B82DA5EDEEC0FCFDCF7DEE7345FD83E2F30B42CB81420BB08EF9F3E7EF1007D4F61407CDB49FDC5DE9B74A349DFEBCAEAEEEAC14601E490791AB2B2A2A1EE94C2DCD31CC25AE7CDCA74F9FECB2CB2E5BD33ADCD662B84BB412E72B5F2DBD262A8BBBEFBE7B6E484C7ED8630C89D971C71DAD4DDD43EF54D91A996E47C6BA57555555932A5D1323C4A4703FA123C27D7E3D8BF010C3B6623DDD6EBBEDB2EBAFBF3E3BFEF8E3B38F7FFCE32DBE77C58A15B9753A42CBFA1C7AE8A16B85A4D88FE6A78C8D2968F3BF2302CBECD9B373DBE5D65B6F9D7BFCDA6BAF8D7D7DE1109CEC9BDFFC6676CD35D7E45EC316AD326D3BC7A5DBE3D2B6143D307F4AC7996BA20726AD4BC3F22FDA79E79D8BFA470C1932A4F0C7615DBD5085162882B453DA2ABA66DBD392254BA2157040DA398E6B7CA826FE94FCF36987B93A55D26B4A4B4BD76A3D4D8FD7A49DEB5A95F5F4BAB9B7DF7EFB922DE0AB8A2EFA7F49FFFFBFA4EF6C762ABB981AF29A5B6FBDB5BAA382CADD77DFBD66984ACC26F3C31FFE30773F2F2A70FBECB34F2ECC8468F95DDF38FE181AB3FFFEFBE70247BE6266484CF71663EB53D018B8991F5395B68BF8D247C555B6D3F71F277BBC19E78DB4A758D7221CFFF297BFCC6EBCF1C6AC6FDFBED999679E999D74D249B975377A50A247A5BC7CEDEA4C6C174D1F6B2A7A50CE3FFFFCDC109A10E7AA0C1C38307BFFFDF7B3EAEAEA6CD1A245D94F7EF293DC73B1BDC512EB7D0CE789D7446089DE9F7C03557C560C556BAFC03277EEDCECC5175FCC0AF6F9744ED1037364DA9E8E8CF01BBBFAFC13C5AE2734F9FC815DBD208516288255AB56F5A8ACAC6CD7DF3979F2E49821246A8FE736F77C7AAED9CA653CBE4E4DBEAC6C4D25B5C05A21287FDC8CBCD434B335BEB6E963B39BF9B3D6F9CC085011A436F45848655CD386BD231F4DCBCFD3EF393BFDEF4FA6DB4B9A76EB175B7C3FDFFAD6B7D6FC5C38942544E5EDD24B2FCD7EF39BDFAC092D31AEFFF5D75F6FB1821615AAC2938B0D89D938313B50FA9FAB52C5BDBC49D88F96D4AA66B6A7AA786E438FA59F2B9A7B7F848558B55BF1D8FA1E2F86F8D2F77AE9A5979ADB37B4B9080C4F3EF96416D7B8EAD5AB576EFD8C216151518FC0F2D9CF7E36DB65975D72E1A1B975B0B5FBDF58AFF3E7C4A4ED3D1B3972646EDB8A21653366CC58EBB5B1ADC4EB6FB9E596ECD8638FCD8593AF7DED6B6BDE7BC51557E4A69B6D2F1198E2FB68699F4FA7B566856DAB698E5BD2647DACECEA0527B4403136ACF2F295A9B2D7B33D834BB4BEDF79E79D75E9EEAF0A2AE1857F4079AA2845EB69792B2A3ED122D3A799D73535A4ADFF8FF437B6EAB15C124A15EAA615A8F4FF2D48AF5FB0A9BFBF31F88D48B723AAAAAAE2F3A74430682FF7DD775F2E1444EF470C4FC98B16EE081CB11456D2A247A4B057A435BAF29098A81C36695DEE9D35D382D852A8C8175B33C7BFCA16D6F1E8796C55D8DF98F5B7A5F7B791258D0D0ACD89615EC337F173DFFAF4A73FFD4FEDB11D448F4A7ECAD6FC7610DBE175D75D979D76DA69710E5F8BEF8D753A8691E5E57B239BEB918CE7F2817DCA9429B97538F6DB71BFF03322C4442889E7BFFDED6FAF134EE2B5ED1958C217BFF8C55CB04AC1E53C47DD76D79AA05897B6F386B4FD376DF0A86F3CCEE41AA68A195C628871E121536801D6910E7A8B162C5830302ABDED255A075358FAF0A69B6E1A578CCF3FEAA8A3AACACACA36186E5AA82CB654216C1AAC36F6FD55CDBC3FFAC3DBB2CF7DCFE8C53AFAE8A3DBE57BBCFFFEFBB3ABAEBA2ADB6BAFBDD654B222B0FCED6F7F5B3354258602E67B5A3656571F123369D2A456B52EB76128889EB69AC6DBA615809A6602CA3AC32D1B1F5BD1E4EF6BB6F7703DEFAF6D663FB3493D8D29F06DA870E2F97CD29A94962BD2EFBA357ED777BFFBDD86F6F89E234CC4C9F485E75A4505EFF1C71FCF860D1B96BDFBEEBBB99F6FBFFDF65C90290C0C575E79E59A7538D6CB78EE84134EC88591112346346D605A73927E614F4B2C853D2DC3870FCF2D315C737D3EF8E0835C8F507B88ED36B6E39FFEF4A7E332DA55DA865A1AD110FB89FAB4CDC68A1B935DE41BD226A4E5E63877B2B6B6F6B5F4DC2EF1FA544F286A6889CF2F30576801D6912AF7AFA403DE97DB33B4A4DF579B2AB92F14EBF353E5A0B9EE86EACE56F663C78EED9F0E0A4D43CBF40DBDAFB145ACB92E9D29A992D46E53C1E52B6951218B80F0EAABAFE6C24B048A38A9382A738F3DF65876D14517AD1912F6CC33CFE40E4E4D87C944A52F7AE0E2A4E5425D79484C9C9FD3A475B9D95E85964241A8ABAB7B2F6DA3AB9B3C56DBC23ABEA588EEA4B2C6B25B986EAE4BCB35B7DD76DB940EA99CA4753B7A5A0AD7E908EB8533813536A6AC136AE3BCAB7CA88FF7FFF6B7BFCDDD8F1E95A6432EE35CAFE67A5AA64F9FBE564F674B62FB886D33EFF9E79F5FAB27932DC2CAC6EDA75741AF4AEC9762C5BAAD57AF5E1352B05E5010785ECE879669D3A6B5F98525D73A4057AF75887E596801D6910E8CF7BDF2CA2BC3F7DB6FBF8AF6FA9D2FBCF0C2EC54B97D7C4B2FFBC683C35ACD4BAD1983DF18586AD2CD3A3326B567EB729C6F1295A84B2EB92437142B2AE977DE7967F6D18F7E34D74A1C15AAC22B1D8798D6B2B9735A0A2B774D7F4F571D1213BF53EB72DB8856E1C6F5BEAC71C9F5AAA4FDC81D9D61228EC2C012E7653569356E31EC144CF1DA741FB94E10899EC7BCC200DF5434202C5DBA346B3C913AD790F0F2CB2FE7B6CD98D92F1F8662685A0C5FCCF764B245E8591054EE48CB83697FFA404BBDA069BB7B226D7671CD94DCC5520F3CF0C0A2FD614D2EC6FA84D002345701BE2B1D207F952ABB15ED7581C9E79F7FBE57E30E93D65B92BEAB499DE5DA1451E18A938C430C7B29ECA93BE080037201A2B9E1291B9A25A9B9D777D52131B4E97E2A569CE8A5BA23269E183F7EFC9B9DF56F8D2010E120AED7B2BE90133389B574ED8B783E027B4BE242943104B2B91E9608EE312C328669E6434D4C8891EF55898B57462343454545515BCEE974C13F92F4C4B86871E305253798ACD3FEF79EBABABA7F8FBB3185FCBC79F38A7281C908F993274F2E1CEAD9E5EB07420B1441B4D08F1D3BF6D5975F7E79FF7DF6D9A7E8A9E5A5975EFA60F9F2E56F77D454BD5D48D458A28BFCC1AC935E05BCA52092EFD1983061422E646C8C68152E6CB536248664525C372255E26FED0AD39B478F63AC67EB0BE88533EF352702CDFAA47DF67AAF5714C322F3432343E13ADF52AF26DDD62FD2F6539DF69B776CEC3124EA078DD7401A19937C3CFCF0C3D9983163DAFC0F8C7D7CDABEF381E5E9EE503F105AA04856AC5871E11FFEF087AB870D1BB64DB17B5BAEBCF2CAB882DA654ABDE5034C5ADE4C079809AD6909EB4871FE48F45AE487A184187272F9E59767E94097FDE0073FC89DD372F2C927E78248B440AFAF2217C36A2EB8E082DC3929F959C10C89D9B2A5F5E6D3697DE872E3DB37B6477163AD2FB040A114007EB5991F71695A72AD4F115AA227BD2D7BE862A28AFBEFBF7F4D2F4B0A5857748772175AA048C68F1F7FCF9831634EBBEFBEFBF6FCC637BE51B4A995EEBAEBAEBF2F58B0A026B955A917ED00D36E62269968318EA1272166F38A8BE8452B70F486C494C70F3CF0C09A698E070F1EBCC1CF2C6C1D6ECA90982D4F570C2CD0DDEA07A3468D9A98EE8E88DE9618F6386EDCB83699492CA639BEE4924BEAEAEBEBF3ADA54FCF9A35AB5BD40F841628A2B4333AEEEEBBEF9EBCE79E7BD6EDBAEBAE6DDEDD327DFAF40FEFBCF3CEAD4A4A4A0EEBC87331683BDB6EBB6DAE27252FAE579182E97FEFB4CBCBB3238E38A2CD7E9F2131001DE23B69793E2D03635AFB9811F2F4D34FDFACE012812505A086F7DF7F3F5FDF88F3364FE82EF58352EB0C144F8C215DB972E549175C70C1FC0F3EF8A0AE2D3F7BCE9C398BCE3DF7DC950D0D0DA777E61368E9DC0C8901E898FA413A7E9F9C355E036AEAD4A9B9DE9618DAB529E27DE79C734EDD6BAFBDB666EAFE1458BEDF9DEA07420B14D96DB7DD76EBF2E5CB7F9C7C98764A6D72C2EBB469D3669F71C6194B5320FA5DDA21DDA49401A0EBD50FD2CD09F9E0123D2E679D75569CACDFAA29BE43BC2E860D9F79E699853D2C31B3D959DDAD7E607818B483B443B9EE98638EA93DEFBCF32E3DFCF0C3FF76F4D147EFBAA927E7DF72CB2DCF3FF8E0833BD5D7D79F9D7678D7295D00E8DAF58374F7B2929292FE718E4B9CB71827E8EFBDF7DEB929BC77DE79E7AC7FFFFEB9A16331042C824ACCE03879F2E458EA57AC58119D10F91E96681C3DB93BD60F84166827D1A2326AD4A849F7DF7FFF558F3DF6588F388939ED8C86B4F6FDCF3EFBEC2B575E796559DA61AD483BB603D38ECE903000E826F583746CBF2AA6428EC722BCC4AC8CB16C40E1A8A9A7E31C96EE3A645C688176D4384FFA4169E774E4C5175FFCBDF2F2F28A5D77DDF5BD030E38A0D72EBBECB2F5364965525B5BBB70C182058BDF7EFBEDF79F7AEAA9DA37DF7C73E7952B57C6FCB2D7D4D4D4DCE4A47B00E89EF583143CBE97C2CB888DA8A73FBD25D40F8416E8989D535C99F68E3163C6ECF0C61B6F1CF9FAEBAF7F21FDBC6FC14B2AD21221E583B43C11AF75E14800D872EA07F5F5F547A6F092AF1F54A5A5322D31946C6EF68F0B256F51F503A1053A505C1937DD5CDCB80000A81F34C3EC61000080D002000020B4000000420B000080D002000020B4000000420B000080D0020000082D000000420B000080D0020000082D000000420B000020B4000000082D004057AA34949636D4D7D72B884E207D0F33D2CD6A2581D0020050A0B2B272CEE2C58B154427307FFEFC29E9E6652581D0020050A0478F1E4F2F5CB8504174023535358BD2CD442581D002C03F769486C4741A86C474ACDADADAFF3B6BD6AC550D0D0D0AA36355CF9B376FEF747BA7A240680120C79098CEC390988E75C001073C9702CBAB3367CE54181D68CA94298FA5EF61E641071D34496920B4009063484CE761484CC7ABADAD3DB6BABA7AD9A2458B14460758B060C1BDF3E6CD3BBCBEBEFE474A03A10580C24A9A21319D8321319DC021871CF266AA307FFDAF7FFDEB42C1A5FD03CB6BAFBDF6A992929213D2F7304589B02529530400EB77EDB5D7BE3F76ECD8AF9796960EEEDBB7AF02E92053A64CB97DF9F2E5E5071D74D0054AA363DD70C30DD38E3DF6D81766CF9E7D44AA402F4DDB45AF74AB608A18D863FDAFAEAEFE522AE71F8C1C39F2014582D002C03A468F1EFDE4E2C58BFF67FFFEFD7B545454289076162DCC5161ABAFAF1F73D34D37CD51229D23B88C1933E69E850B17EE3D73E6CCBEB5B5B56FA5605F92B68F3E02CCE68B4927E6CD9BF797E9D3A74F9E3A75EA3611D863FD3FF8E0839F563A6C89EC55005A69C2840923CBCBCBEFD8638F3DFAE97169DFC0124362D2DD1F6A61EE9CFEF4A73F0D4B41E55BE9EE88B4EC9B964AA5B2D96296BC987462625AEE74D23D420B001B155CA202B1D34E3BADFED8C73E36408B7251C59098C7E2A4E318C32FB000082D00B4D2A38F3E3AB4B4B4F492F2F2F24F0F1A34E8BD8103076ED7AF5FBFAAF498C2D94C312426A6358E59C2E2A4FB98D635664972D23180D002C0263024A6280C890100000000000000000000000000000000000000000000000000000000000000000000000000000000000000000000000000000000000000000000000000000000000000000000000000000000000000000000000000000000000000000000000000000000000000000000000000000000000000000000000000000000000000000000000000000000000000000000000000000000000000000000802DC1FF0784BD56372546A4E20000000049454E44AE426082, 0);
INSERT INTO `act_ge_bytearray` (`ID_`, `REV_`, `NAME_`, `DEPLOYMENT_ID_`, `BYTES_`, `GENERATED_`) VALUES ('2e3df77d-0851-11ee-a131-f6047975ea81', 1, 'process/qingjia.bpmn20.xml', '2e3dd06b-0851-11ee-a131-f6047975ea81', 0x3C3F786D6C2076657273696F6E3D22312E302220656E636F64696E673D225554462D38223F3E0A3C646566696E6974696F6E7320786D6C6E733D22687474703A2F2F7777772E6F6D672E6F72672F737065632F42504D4E2F32303130303532342F4D4F44454C2220786D6C6E733A7873693D22687474703A2F2F7777772E77332E6F72672F323030312F584D4C536368656D612D696E7374616E63652220786D6C6E733A7873643D22687474703A2F2F7777772E77332E6F72672F323030312F584D4C536368656D612220786D6C6E733A61637469766974693D22687474703A2F2F61637469766974692E6F72672F62706D6E2220786D6C6E733A62706D6E64693D22687474703A2F2F7777772E6F6D672E6F72672F737065632F42504D4E2F32303130303532342F44492220786D6C6E733A6F6D6764633D22687474703A2F2F7777772E6F6D672E6F72672F737065632F44442F32303130303532342F44432220786D6C6E733A6F6D6764693D22687474703A2F2F7777772E6F6D672E6F72672F737065632F44442F32303130303532342F44492220747970654C616E67756167653D22687474703A2F2F7777772E77332E6F72672F323030312F584D4C536368656D61222065787072657373696F6E4C616E67756167653D22687474703A2F2F7777772E77332E6F72672F313939392F585061746822207461726765744E616D6573706163653D22687474703A2F2F7777772E61637469766974692E6F72672F70726F63657373646566223E0A20203C70726F636573732069643D2271696E676A69612220697345786563757461626C653D2274727565223E0A202020203C73746172744576656E742069643D227369642D41453132304531422D323545432D343343302D423730332D384545313343423133383335223E3C2F73746172744576656E743E0A202020203C757365725461736B2069643D227369642D33304145393943332D363035352D343437322D423341332D39433442304242333937354122206E616D653D22E5BCA0E4B889E5AEA1E689B9222061637469766974693A61737369676E65653D227A68616E6773616E223E3C2F757365725461736B3E0A202020203C757365725461736B2069643D227369642D41383336313332312D314630442D343239462D384535442D35463044334645374237363422206E616D653D22E69D8EE59B9BE5AEA1E689B9222061637469766974693A61737369676E65653D226C697369223E3C2F757365725461736B3E0A202020203C656E644576656E742069643D227369642D31383430334131342D444142452D343846382D423433462D313642434146433636434537223E3C2F656E644576656E743E0A202020203C73657175656E6365466C6F772069643D227369642D45383843424331332D363935302D343432382D384138382D3732313835303832334133322220736F757263655265663D227369642D41453132304531422D323545432D343343302D423730332D38454531334342313338333522207461726765745265663D227369642D33304145393943332D363035352D343437322D423341332D394334423042423339373541223E3C2F73657175656E6365466C6F773E0A202020203C73657175656E6365466C6F772069643D227369642D38443632414330462D433734322D343733382D413631412D3546433831393136414343312220736F757263655265663D227369642D33304145393943332D363035352D343437322D423341332D39433442304242333937354122207461726765745265663D227369642D41383336313332312D314630442D343239462D384535442D354630443346453742373634223E3C2F73657175656E6365466C6F773E0A202020203C73657175656E6365466C6F772069643D227369642D34353436443035372D443543342D343637452D384243432D4145443344463131304231332220736F757263655265663D227369642D41383336313332312D314630442D343239462D384535442D35463044334645374237363422207461726765745265663D227369642D31383430334131342D444142452D343846382D423433462D313642434146433636434537223E3C2F73657175656E6365466C6F773E0A20203C2F70726F636573733E0A20203C62706D6E64693A42504D4E4469616772616D2069643D2242504D4E4469616772616D5F71696E676A6961223E0A202020203C62706D6E64693A42504D4E506C616E652062706D6E456C656D656E743D2271696E676A6961222069643D2242504D4E506C616E655F71696E676A6961223E0A2020202020203C62706D6E64693A42504D4E53686170652062706D6E456C656D656E743D227369642D41453132304531422D323545432D343343302D423730332D384545313343423133383335222069643D2242504D4E53686170655F7369642D41453132304531422D323545432D343343302D423730332D384545313343423133383335223E0A20202020202020203C6F6D6764633A426F756E6473206865696768743D2233302E30222077696474683D2233302E302220783D223231342E34333238343536303534313534322220793D223134322E30323331343130383535323837223E3C2F6F6D6764633A426F756E64733E0A2020202020203C2F62706D6E64693A42504D4E53686170653E0A2020202020203C62706D6E64693A42504D4E53686170652062706D6E456C656D656E743D227369642D33304145393943332D363035352D343437322D423341332D394334423042423339373541222069643D2242504D4E53686170655F7369642D33304145393943332D363035352D343437322D423341332D394334423042423339373541223E0A20202020202020203C6F6D6764633A426F756E6473206865696768743D2238302E30222077696474683D223130302E302220783D223333302E302220793D223132302E30223E3C2F6F6D6764633A426F756E64733E0A2020202020203C2F62706D6E64693A42504D4E53686170653E0A2020202020203C62706D6E64693A42504D4E53686170652062706D6E456C656D656E743D227369642D41383336313332312D314630442D343239462D384535442D354630443346453742373634222069643D2242504D4E53686170655F7369642D41383336313332312D314630442D343239462D384535442D354630443346453742373634223E0A20202020202020203C6F6D6764633A426F756E6473206865696768743D2238302E30222077696474683D223130302E302220783D223532352E302220793D223131372E3032333134313038353532383639223E3C2F6F6D6764633A426F756E64733E0A2020202020203C2F62706D6E64693A42504D4E53686170653E0A2020202020203C62706D6E64693A42504D4E53686170652062706D6E456C656D656E743D227369642D31383430334131342D444142452D343846382D423433462D313642434146433636434537222069643D2242504D4E53686170655F7369642D31383430334131342D444142452D343846382D423433462D313642434146433636434537223E0A20202020202020203C6F6D6764633A426F756E6473206865696768743D2232382E30222077696474683D2232382E302220783D223733352E302220793D223134332E30323331343130383535323837223E3C2F6F6D6764633A426F756E64733E0A2020202020203C2F62706D6E64693A42504D4E53686170653E0A2020202020203C62706D6E64693A42504D4E456467652062706D6E456C656D656E743D227369642D38443632414330462D433734322D343733382D413631412D354643383139313641434331222069643D2242504D4E456467655F7369642D38443632414330462D433734322D343733382D413631412D354643383139313641434331223E0A20202020202020203C6F6D6764693A776179706F696E7420783D223433302E302220793D223135392E3233363730323834323434333236223E3C2F6F6D6764693A776179706F696E743E0A20202020202020203C6F6D6764693A776179706F696E7420783D223532352E302220793D223135372E3738363433383234333038353436223E3C2F6F6D6764693A776179706F696E743E0A2020202020203C2F62706D6E64693A42504D4E456467653E0A2020202020203C62706D6E64693A42504D4E456467652062706D6E456C656D656E743D227369642D45383843424331332D363935302D343432382D384138382D373231383530383233413332222069643D2242504D4E456467655F7369642D45383843424331332D363935302D343432382D384138382D373231383530383233413332223E0A20202020202020203C6F6D6764693A776179706F696E7420783D223234342E34323939313437373937363534332220793D223135372E3331393634373731323336393833223E3C2F6F6D6764693A776179706F696E743E0A20202020202020203C6F6D6764693A776179706F696E7420783D223333302E302220793D223135392E3031313435313432363239353134223E3C2F6F6D6764693A776179706F696E743E0A2020202020203C2F62706D6E64693A42504D4E456467653E0A2020202020203C62706D6E64693A42504D4E456467652062706D6E456C656D656E743D227369642D34353436443035372D443543342D343637452D384243432D414544334446313130423133222069643D2242504D4E456467655F7369642D34353436443035372D443543342D343637452D384243432D414544334446313130423133223E0A20202020202020203C6F6D6764693A776179706F696E7420783D223632352E302220793D223135372E30323331343130383535323837223E3C2F6F6D6764693A776179706F696E743E0A20202020202020203C6F6D6764693A776179706F696E7420783D223733352E302220793D223135372E30323331343130383535323837223E3C2F6F6D6764693A776179706F696E743E0A2020202020203C2F62706D6E64693A42504D4E456467653E0A202020203C2F62706D6E64693A42504D4E506C616E653E0A20203C2F62706D6E64693A42504D4E4469616772616D3E0A3C2F646566696E6974696F6E733E, 0);
INSERT INTO `act_ge_bytearray` (`ID_`, `REV_`, `NAME_`, `DEPLOYMENT_ID_`, `BYTES_`, `GENERATED_`) VALUES ('3c97058e-09cd-11ee-858d-2aee215b35b7', 1, 'process/leave001.bpmn20.xml', '3c97058d-09cd-11ee-858d-2aee215b35b7', 0x3C3F786D6C2076657273696F6E3D22312E302220656E636F64696E673D225554462D38223F3E0A3C646566696E6974696F6E7320786D6C6E733D22687474703A2F2F7777772E6F6D672E6F72672F737065632F42504D4E2F32303130303532342F4D4F44454C2220786D6C6E733A7873693D22687474703A2F2F7777772E77332E6F72672F323030312F584D4C536368656D612D696E7374616E63652220786D6C6E733A7873643D22687474703A2F2F7777772E77332E6F72672F323030312F584D4C536368656D612220786D6C6E733A61637469766974693D22687474703A2F2F61637469766974692E6F72672F62706D6E2220786D6C6E733A62706D6E64693D22687474703A2F2F7777772E6F6D672E6F72672F737065632F42504D4E2F32303130303532342F44492220786D6C6E733A6F6D6764633D22687474703A2F2F7777772E6F6D672E6F72672F737065632F44442F32303130303532342F44432220786D6C6E733A6F6D6764693D22687474703A2F2F7777772E6F6D672E6F72672F737065632F44442F32303130303532342F44492220747970654C616E67756167653D22687474703A2F2F7777772E77332E6F72672F323030312F584D4C536368656D61222065787072657373696F6E4C616E67756167653D22687474703A2F2F7777772E77332E6F72672F313939392F585061746822207461726765744E616D6573706163653D22687474703A2F2F7777772E61637469766974692E6F72672F70726F63657373646566223E0A20203C70726F636573732069643D226C656176653030312220697345786563757461626C653D2274727565223E0A202020203C73746172744576656E742069643D227369642D44304434434543382D304237382D343231392D413935372D313943364244323634344337223E3C2F73746172744576656E743E0A202020203C656E644576656E742069643D227369642D44433342324541382D364236342D343243452D384137352D363531394438443444343331223E3C2F656E644576656E743E0A202020203C757365725461736B2069643D227369642D46313533464138352D444439332D343539452D424334332D32313637424137324533454322206E616D653D2247656E6572616C206D616E6167657220617070726F76616C222061637469766974693A61737369676E65653D22676F757761223E3C2F757365725461736B3E0A202020203C757365725461736B2069643D227369642D31353232333441442D374445312D343532332D383437392D43313244453833413638333522206E616D653D224465706172746D656E74206D616E6167657220617070726F76616C222061637469766974693A61737369676E65653D2277616E6735223E3C2F757365725461736B3E0A202020203C757365725461736B2069643D227369642D43383631423534352D394646302D343432432D423846442D36413039433532464439453022206E616D653D22E4BABAE4BA8BE5AEA1E689B9222061637469766974693A61737369676E65653D22E5B08FE4B8BD223E3C2F757365725461736B3E0A202020203C706172616C6C656C476174657761792069643D227369642D35363035383441352D423245392D343445432D424641362D344243373142373339323530223E3C2F706172616C6C656C476174657761793E0A202020203C706172616C6C656C476174657761792069643D227369642D38344139363346412D414230332D343343302D394232432D393430463441453034424533223E3C2F706172616C6C656C476174657761793E0A202020203C73657175656E6365466C6F772069643D227369642D43443346443939322D383041412D344231352D423533372D4132384342434232453938312220736F757263655265663D227369642D44304434434543382D304237382D343231392D413935372D31394336424432363434433722207461726765745265663D227369642D35363035383441352D423245392D343445432D424641362D344243373142373339323530223E3C2F73657175656E6365466C6F773E0A202020203C73657175656E6365466C6F772069643D227369642D34324133313932432D423431462D343037392D393737342D3842463245394446433439392220736F757263655265663D227369642D35363035383441352D423245392D343445432D424641362D34424337314237333932353022207461726765745265663D227369642D31353232333441442D374445312D343532332D383437392D433132444538334136383335223E3C2F73657175656E6365466C6F773E0A202020203C73657175656E6365466C6F772069643D227369642D35443532343944452D413939302D343342342D394139332D4244354135453338313132392220736F757263655265663D227369642D35363035383441352D423245392D343445432D424641362D34424337314237333932353022207461726765745265663D227369642D46313533464138352D444439332D343539452D424334332D323136374241373245334543223E3C2F73657175656E6365466C6F773E0A202020203C73657175656E6365466C6F772069643D227369642D42444330334445462D343842342D343245352D394134352D3738444535323044313642372220736F757263655265663D227369642D46313533464138352D444439332D343539452D424334332D32313637424137324533454322207461726765745265663D227369642D38344139363346412D414230332D343343302D394232432D393430463441453034424533223E3C2F73657175656E6365466C6F773E0A202020203C73657175656E6365466C6F772069643D227369642D33393835373039342D353737322D343941352D393044352D4333343230333537384244322220736F757263655265663D227369642D31353232333441442D374445312D343532332D383437392D43313244453833413638333522207461726765745265663D227369642D38344139363346412D414230332D343343302D394232432D393430463441453034424533223E3C2F73657175656E6365466C6F773E0A202020203C73657175656E6365466C6F772069643D227369642D45434133434430382D354131322D344441422D413332432D4343454346443433383039442220736F757263655265663D227369642D38344139363346412D414230332D343343302D394232432D39343046344145303442453322207461726765745265663D227369642D43383631423534352D394646302D343432432D423846442D364130394335324644394530223E3C2F73657175656E6365466C6F773E0A202020203C73657175656E6365466C6F772069643D227369642D43354235424543422D463635452D343238432D413731322D3743373936423539434539452220736F757263655265663D227369642D43383631423534352D394646302D343432432D423846442D36413039433532464439453022207461726765745265663D227369642D44433342324541382D364236342D343243452D384137352D363531394438443444343331223E3C2F73657175656E6365466C6F773E0A20203C2F70726F636573733E0A20203C62706D6E64693A42504D4E4469616772616D2069643D2242504D4E4469616772616D5F6C65617665303031223E0A202020203C62706D6E64693A42504D4E506C616E652062706D6E456C656D656E743D226C65617665303031222069643D2242504D4E506C616E655F6C65617665303031223E0A2020202020203C62706D6E64693A42504D4E53686170652062706D6E456C656D656E743D227369642D44304434434543382D304237382D343231392D413935372D313943364244323634344337222069643D2242504D4E53686170655F7369642D44304434434543382D304237382D343231392D413935372D313943364244323634344337223E0A20202020202020203C6F6D6764633A426F756E6473206865696768743D2233302E30222077696474683D2233302E302220783D223135302E302220793D223134332E30223E3C2F6F6D6764633A426F756E64733E0A2020202020203C2F62706D6E64693A42504D4E53686170653E0A2020202020203C62706D6E64693A42504D4E53686170652062706D6E456C656D656E743D227369642D44433342324541382D364236342D343243452D384137352D363531394438443444343331222069643D2242504D4E53686170655F7369642D44433342324541382D364236342D343243452D384137352D363531394438443444343331223E0A20202020202020203C6F6D6764633A426F756E6473206865696768743D2232382E30222077696474683D2232382E302220783D223738302E302220793D223134342E30223E3C2F6F6D6764633A426F756E64733E0A2020202020203C2F62706D6E64693A42504D4E53686170653E0A2020202020203C62706D6E64693A42504D4E53686170652062706D6E456C656D656E743D227369642D46313533464138352D444439332D343539452D424334332D323136374241373245334543222069643D2242504D4E53686170655F7369642D46313533464138352D444439332D343539452D424334332D323136374241373245334543223E0A20202020202020203C6F6D6764633A426F756E6473206865696768743D2238302E30222077696474683D223130302E302220783D223334352E302220793D223138302E30223E3C2F6F6D6764633A426F756E64733E0A2020202020203C2F62706D6E64693A42504D4E53686170653E0A2020202020203C62706D6E64693A42504D4E53686170652062706D6E456C656D656E743D227369642D31353232333441442D374445312D343532332D383437392D433132444538334136383335222069643D2242504D4E53686170655F7369642D31353232333441442D374445312D343532332D383437392D433132444538334136383335223E0A20202020202020203C6F6D6764633A426F756E6473206865696768743D2238302E30222077696474683D223130302E302220783D223334352E302220793D2235322E30223E3C2F6F6D6764633A426F756E64733E0A2020202020203C2F62706D6E64693A42504D4E53686170653E0A2020202020203C62706D6E64693A42504D4E53686170652062706D6E456C656D656E743D227369642D43383631423534352D394646302D343432432D423846442D364130394335324644394530222069643D2242504D4E53686170655F7369642D43383631423534352D394646302D343432432D423846442D364130394335324644394530223E0A20202020202020203C6F6D6764633A426F756E6473206865696768743D2238302E30222077696474683D223130302E302220783D223631352E302220793D223131382E30223E3C2F6F6D6764633A426F756E64733E0A2020202020203C2F62706D6E64693A42504D4E53686170653E0A2020202020203C62706D6E64693A42504D4E53686170652062706D6E456C656D656E743D227369642D35363035383441352D423245392D343445432D424641362D344243373142373339323530222069643D2242504D4E53686170655F7369642D35363035383441352D423245392D343445432D424641362D344243373142373339323530223E0A20202020202020203C6F6D6764633A426F756E6473206865696768743D2234302E30222077696474683D2234302E302220783D223234302E302220793D223133382E30223E3C2F6F6D6764633A426F756E64733E0A2020202020203C2F62706D6E64693A42504D4E53686170653E0A2020202020203C62706D6E64693A42504D4E53686170652062706D6E456C656D656E743D227369642D38344139363346412D414230332D343343302D394232432D393430463441453034424533222069643D2242504D4E53686170655F7369642D38344139363346412D414230332D343343302D394232432D393430463441453034424533223E0A20202020202020203C6F6D6764633A426F756E6473206865696768743D2234302E30222077696474683D2234302E302220783D223531302E302220793D223133382E30223E3C2F6F6D6764633A426F756E64733E0A2020202020203C2F62706D6E64693A42504D4E53686170653E0A2020202020203C62706D6E64693A42504D4E456467652062706D6E456C656D656E743D227369642D35443532343944452D413939302D343342342D394139332D424435413545333831313239222069643D2242504D4E456467655F7369642D35443532343944452D413939302D343342342D394139332D424435413545333831313239223E0A20202020202020203C6F6D6764693A776179706F696E7420783D223237332E35333832363533303631323234372220793D223136342E3436313733343639333837373536223E3C2F6F6D6764693A776179706F696E743E0A20202020202020203C6F6D6764693A776179706F696E7420783D223334352E302220793D223139372E3133373534363436383430313437223E3C2F6F6D6764693A776179706F696E743E0A2020202020203C2F62706D6E64693A42504D4E456467653E0A2020202020203C62706D6E64693A42504D4E456467652062706D6E456C656D656E743D227369642D45434133434430382D354131322D344441422D413332432D434345434644343338303944222069643D2242504D4E456467655F7369642D45434133434430382D354131322D344441422D413332432D434345434644343338303944223E0A20202020202020203C6F6D6764693A776179706F696E7420783D223534392E3537303839353532323338382220793D223135382E3432393130343437373631313933223E3C2F6F6D6764693A776179706F696E743E0A20202020202020203C6F6D6764693A776179706F696E7420783D223631352E302220793D223135382E3138353837333630353934373936223E3C2F6F6D6764693A776179706F696E743E0A2020202020203C2F62706D6E64693A42504D4E456467653E0A2020202020203C62706D6E64693A42504D4E456467652062706D6E456C656D656E743D227369642D33393835373039342D353737322D343941352D393044352D433334323033353738424432222069643D2242504D4E456467655F7369642D33393835373039342D353737322D343941352D393044352D433334323033353738424432223E0A20202020202020203C6F6D6764693A776179706F696E7420783D223434352E302220793D223131362E3434343434343434343434343434223E3C2F6F6D6764693A776179706F696E743E0A20202020202020203C6F6D6764693A776179706F696E7420783D223531362E353637313634313739313034352220793D223135312E3433323833353832303839353532223E3C2F6F6D6764693A776179706F696E743E0A2020202020203C2F62706D6E64693A42504D4E456467653E0A2020202020203C62706D6E64693A42504D4E456467652062706D6E456C656D656E743D227369642D43354235424543422D463635452D343238432D413731322D374337393642353943453945222069643D2242504D4E456467655F7369642D43354235424543422D463635452D343238432D413731322D374337393642353943453945223E0A20202020202020203C6F6D6764693A776179706F696E7420783D223731352E302220793D223135382E30223E3C2F6F6D6764693A776179706F696E743E0A20202020202020203C6F6D6764693A776179706F696E7420783D223738302E302220793D223135382E30223E3C2F6F6D6764693A776179706F696E743E0A2020202020203C2F62706D6E64693A42504D4E456467653E0A2020202020203C62706D6E64693A42504D4E456467652062706D6E456C656D656E743D227369642D42444330334445462D343842342D343245352D394134352D373844453532304431364237222069643D2242504D4E456467655F7369642D42444330334445462D343842342D343245352D394134352D373844453532304431364237223E0A20202020202020203C6F6D6764693A776179706F696E7420783D223434352E302220793D223139372E3033373033373033373033373034223E3C2F6F6D6764693A776179706F696E743E0A20202020202020203C6F6D6764693A776179706F696E7420783D223531362E323934343136323433363534382220793D223136342E3239343431363234333635343834223E3C2F6F6D6764693A776179706F696E743E0A2020202020203C2F62706D6E64693A42504D4E456467653E0A2020202020203C62706D6E64693A42504D4E456467652062706D6E456C656D656E743D227369642D43443346443939322D383041412D344231352D423533372D413238434243423245393831222069643D2242504D4E456467655F7369642D43443346443939322D383041412D344231352D423533372D413238434243423245393831223E0A20202020202020203C6F6D6764693A776179706F696E7420783D223138302E302220793D223135382E30223E3C2F6F6D6764693A776179706F696E743E0A20202020202020203C6F6D6764693A776179706F696E7420783D223234302E302220793D223135382E30223E3C2F6F6D6764693A776179706F696E743E0A2020202020203C2F62706D6E64693A42504D4E456467653E0A2020202020203C62706D6E64693A42504D4E456467652062706D6E456C656D656E743D227369642D34324133313932432D423431462D343037392D393737342D384246324539444643343939222069643D2242504D4E456467655F7369642D34324133313932432D423431462D343037392D393737342D384246324539444643343939223E0A20202020202020203C6F6D6764693A776179706F696E7420783D223237332E383833303834353737313134342220793D223135312E3838333038343537373131343433223E3C2F6F6D6764693A776179706F696E743E0A20202020202020203C6F6D6764693A776179706F696E7420783D223334352E302220793D223131362E3732313138393539313037383037223E3C2F6F6D6764693A776179706F696E743E0A2020202020203C2F62706D6E64693A42504D4E456467653E0A202020203C2F62706D6E64693A42504D4E506C616E653E0A20203C2F62706D6E64693A42504D4E4469616772616D3E0A3C2F646566696E6974696F6E733E0A, 0);
INSERT INTO `act_ge_bytearray` (`ID_`, `REV_`, `NAME_`, `DEPLOYMENT_ID_`, `BYTES_`, `GENERATED_`) VALUES ('643348e3-0920-11ee-b502-b60fbe4e0138', 1, 'process/overtime.bpmn20.xml', '643348e2-0920-11ee-b502-b60fbe4e0138', 0x3C3F786D6C2076657273696F6E3D22312E302220656E636F64696E673D225554462D38223F3E0A3C646566696E6974696F6E7320786D6C6E733D22687474703A2F2F7777772E6F6D672E6F72672F737065632F42504D4E2F32303130303532342F4D4F44454C2220786D6C6E733A7873693D22687474703A2F2F7777772E77332E6F72672F323030312F584D4C536368656D612D696E7374616E63652220786D6C6E733A7873643D22687474703A2F2F7777772E77332E6F72672F323030312F584D4C536368656D612220786D6C6E733A61637469766974693D22687474703A2F2F61637469766974692E6F72672F62706D6E2220786D6C6E733A62706D6E64693D22687474703A2F2F7777772E6F6D672E6F72672F737065632F42504D4E2F32303130303532342F44492220786D6C6E733A6F6D6764633D22687474703A2F2F7777772E6F6D672E6F72672F737065632F44442F32303130303532342F44432220786D6C6E733A6F6D6764693D22687474703A2F2F7777772E6F6D672E6F72672F737065632F44442F32303130303532342F44492220747970654C616E67756167653D22687474703A2F2F7777772E77332E6F72672F323030312F584D4C536368656D61222065787072657373696F6E4C616E67756167653D22687474703A2F2F7777772E77332E6F72672F313939392F585061746822207461726765744E616D6573706163653D22687474703A2F2F7777772E61637469766974692E6F72672F70726F63657373646566223E0A20203C70726F636573732069643D226F76657274696D652220697345786563757461626C653D2274727565223E0A202020203C73746172744576656E742069643D227369642D35444333413634452D334542382D343839452D413143442D394444463038423431454535223E3C2F73746172744576656E743E0A202020203C656E644576656E742069643D227369642D45343734393033342D443930412D343032462D413244432D433436333233443238323137223E3C2F656E644576656E743E0A202020203C757365725461736B2069643D227369642D31433033433531462D424431312D343945332D423337332D45374243343842363144364122206E616D653D224D616E6167657220617070726F76616C222061637469766974693A61737369676E65653D22247B61737369676E6565317D223E3C2F757365725461736B3E0A202020203C757365725461736B2069643D227369642D33313436423935322D383246332D343945382D384339382D33444237424244383631363622206E616D653D22506572736F6E6E656C20617070726F76616C222061637469766974693A61737369676E65653D22247B61737369676E6565327D223E3C2F757365725461736B3E0A202020203C73657175656E6365466C6F772069643D227369642D42464335383337332D353341442D343038312D383244442D3344413636354437334536462220736F757263655265663D227369642D35444333413634452D334542382D343839452D413143442D39444446303842343145453522207461726765745265663D227369642D31433033433531462D424431312D343945332D423337332D453742433438423631443641223E3C2F73657175656E6365466C6F773E0A202020203C73657175656E6365466C6F772069643D227369642D30413032304142362D453645412D343036432D423439412D4242393631344444334243462220736F757263655265663D227369642D31433033433531462D424431312D343945332D423337332D45374243343842363144364122207461726765745265663D227369642D33313436423935322D383246332D343945382D384339382D334442374242443836313636223E3C2F73657175656E6365466C6F773E0A202020203C73657175656E6365466C6F772069643D227369642D36393036463234352D334134372D343530382D393830372D4643374643384336434341302220736F757263655265663D227369642D33313436423935322D383246332D343945382D384339382D33444237424244383631363622207461726765745265663D227369642D45343734393033342D443930412D343032462D413244432D433436333233443238323137223E3C2F73657175656E6365466C6F773E0A20203C2F70726F636573733E0A20203C62706D6E64693A42504D4E4469616772616D2069643D2242504D4E4469616772616D5F6F76657274696D65223E0A202020203C62706D6E64693A42504D4E506C616E652062706D6E456C656D656E743D226F76657274696D65222069643D2242504D4E506C616E655F6F76657274696D65223E0A2020202020203C62706D6E64693A42504D4E53686170652062706D6E456C656D656E743D227369642D35444333413634452D334542382D343839452D413143442D394444463038423431454535222069643D2242504D4E53686170655F7369642D35444333413634452D334542382D343839452D413143442D394444463038423431454535223E0A20202020202020203C6F6D6764633A426F756E6473206865696768743D2233302E30222077696474683D2233302E302220783D223135302E302220793D223139352E30223E3C2F6F6D6764633A426F756E64733E0A2020202020203C2F62706D6E64693A42504D4E53686170653E0A2020202020203C62706D6E64693A42504D4E53686170652062706D6E456C656D656E743D227369642D45343734393033342D443930412D343032462D413244432D433436333233443238323137222069643D2242504D4E53686170655F7369642D45343734393033342D443930412D343032462D413244432D433436333233443238323137223E0A20202020202020203C6F6D6764633A426F756E6473206865696768743D2232382E30222077696474683D2232382E302220783D223730352E302220793D223139362E30223E3C2F6F6D6764633A426F756E64733E0A2020202020203C2F62706D6E64693A42504D4E53686170653E0A2020202020203C62706D6E64693A42504D4E53686170652062706D6E456C656D656E743D227369642D31433033433531462D424431312D343945332D423337332D453742433438423631443641222069643D2242504D4E53686170655F7369642D31433033433531462D424431312D343945332D423337332D453742433438423631443641223E0A20202020202020203C6F6D6764633A426F756E6473206865696768743D2238302E30222077696474683D223130302E302220783D223330302E352220793D223137302E30223E3C2F6F6D6764633A426F756E64733E0A2020202020203C2F62706D6E64693A42504D4E53686170653E0A2020202020203C62706D6E64693A42504D4E53686170652062706D6E456C656D656E743D227369642D33313436423935322D383246332D343945382D384339382D334442374242443836313636222069643D2242504D4E53686170655F7369642D33313436423935322D383246332D343945382D384339382D334442374242443836313636223E0A20202020202020203C6F6D6764633A426F756E6473206865696768743D2238302E30222077696474683D223130302E302220783D223439352E302220793D223137302E30223E3C2F6F6D6764633A426F756E64733E0A2020202020203C2F62706D6E64693A42504D4E53686170653E0A2020202020203C62706D6E64693A42504D4E456467652062706D6E456C656D656E743D227369642D36393036463234352D334134372D343530382D393830372D464337464338433643434130222069643D2242504D4E456467655F7369642D36393036463234352D334134372D343530382D393830372D464337464338433643434130223E0A20202020202020203C6F6D6764693A776179706F696E7420783D223539352E302220793D223231302E30223E3C2F6F6D6764693A776179706F696E743E0A20202020202020203C6F6D6764693A776179706F696E7420783D223730352E302220793D223231302E30223E3C2F6F6D6764693A776179706F696E743E0A2020202020203C2F62706D6E64693A42504D4E456467653E0A2020202020203C62706D6E64693A42504D4E456467652062706D6E456C656D656E743D227369642D30413032304142362D453645412D343036432D423439412D424239363134444433424346222069643D2242504D4E456467655F7369642D30413032304142362D453645412D343036432D423439412D424239363134444433424346223E0A20202020202020203C6F6D6764693A776179706F696E7420783D223430302E352220793D223231302E30223E3C2F6F6D6764693A776179706F696E743E0A20202020202020203C6F6D6764693A776179706F696E7420783D223439352E302220793D223231302E30223E3C2F6F6D6764693A776179706F696E743E0A2020202020203C2F62706D6E64693A42504D4E456467653E0A2020202020203C62706D6E64693A42504D4E456467652062706D6E456C656D656E743D227369642D42464335383337332D353341442D343038312D383244442D334441363635443733453646222069643D2242504D4E456467655F7369642D42464335383337332D353341442D343038312D383244442D334441363635443733453646223E0A20202020202020203C6F6D6764693A776179706F696E7420783D223138302E302220793D223231302E30223E3C2F6F6D6764693A776179706F696E743E0A20202020202020203C6F6D6764693A776179706F696E7420783D223330302E352220793D223231302E30223E3C2F6F6D6764693A776179706F696E743E0A2020202020203C2F62706D6E64693A42504D4E456467653E0A202020203C2F62706D6E64693A42504D4E506C616E653E0A20203C2F62706D6E64693A42504D4E4469616772616D3E0A3C2F646566696E6974696F6E733E, 0);
INSERT INTO `act_ge_bytearray` (`ID_`, `REV_`, `NAME_`, `DEPLOYMENT_ID_`, `BYTES_`, `GENERATED_`) VALUES ('6a6af1ee-08f4-11ee-8e71-969bbc5bdb82', 1, 'process/overtime02.bpmn20.xml', '6a6af1ed-08f4-11ee-8e71-969bbc5bdb82', 0x3C3F786D6C2076657273696F6E3D22312E302220656E636F64696E673D225554462D38223F3E0A3C646566696E6974696F6E7320786D6C6E733D22687474703A2F2F7777772E6F6D672E6F72672F737065632F42504D4E2F32303130303532342F4D4F44454C2220786D6C6E733A7873693D22687474703A2F2F7777772E77332E6F72672F323030312F584D4C536368656D612D696E7374616E63652220786D6C6E733A7873643D22687474703A2F2F7777772E77332E6F72672F323030312F584D4C536368656D612220786D6C6E733A61637469766974693D22687474703A2F2F61637469766974692E6F72672F62706D6E2220786D6C6E733A62706D6E64693D22687474703A2F2F7777772E6F6D672E6F72672F737065632F42504D4E2F32303130303532342F44492220786D6C6E733A6F6D6764633D22687474703A2F2F7777772E6F6D672E6F72672F737065632F44442F32303130303532342F44432220786D6C6E733A6F6D6764693D22687474703A2F2F7777772E6F6D672E6F72672F737065632F44442F32303130303532342F44492220747970654C616E67756167653D22687474703A2F2F7777772E77332E6F72672F323030312F584D4C536368656D61222065787072657373696F6E4C616E67756167653D22687474703A2F2F7777772E77332E6F72672F313939392F585061746822207461726765744E616D6573706163653D22687474703A2F2F7777772E61637469766974692E6F72672F70726F63657373646566223E0A20203C70726F636573732069643D226F76657274696D6530322220697345786563757461626C653D2274727565223E0A202020203C73746172744576656E742069643D227369642D35444333413634452D334542382D343839452D413143442D394444463038423431454535223E3C2F73746172744576656E743E0A202020203C656E644576656E742069643D227369642D45343734393033342D443930412D343032462D413244432D433436333233443238323137223E3C2F656E644576656E743E0A202020203C757365725461736B2069643D227369642D31433033433531462D424431312D343945332D423337332D45374243343842363144364122206E616D653D224D616E6167657220617070726F76616C223E0A2020202020203C657874656E73696F6E456C656D656E74733E0A20202020202020203C61637469766974693A7461736B4C697374656E6572206576656E743D226372656174652220636C6173733D22636F6D2E617467756967752E617574682E616374697674692E4D795461736B4C697374656E6572223E3C2F61637469766974693A7461736B4C697374656E65723E0A2020202020203C2F657874656E73696F6E456C656D656E74733E0A202020203C2F757365725461736B3E0A202020203C757365725461736B2069643D227369642D33313436423935322D383246332D343945382D384339382D33444237424244383631363622206E616D653D22506572736F6E6E656C20617070726F76616C223E0A2020202020203C657874656E73696F6E456C656D656E74733E0A20202020202020203C61637469766974693A7461736B4C697374656E6572206576656E743D226372656174652220636C6173733D22636F6D2E617467756967752E617574682E616374697674692E4D795461736B4C697374656E6572223E3C2F61637469766974693A7461736B4C697374656E65723E0A2020202020203C2F657874656E73696F6E456C656D656E74733E0A202020203C2F757365725461736B3E0A202020203C73657175656E6365466C6F772069643D227369642D42464335383337332D353341442D343038312D383244442D3344413636354437334536462220736F757263655265663D227369642D35444333413634452D334542382D343839452D413143442D39444446303842343145453522207461726765745265663D227369642D31433033433531462D424431312D343945332D423337332D453742433438423631443641223E3C2F73657175656E6365466C6F773E0A202020203C73657175656E6365466C6F772069643D227369642D30413032304142362D453645412D343036432D423439412D4242393631344444334243462220736F757263655265663D227369642D31433033433531462D424431312D343945332D423337332D45374243343842363144364122207461726765745265663D227369642D33313436423935322D383246332D343945382D384339382D334442374242443836313636223E3C2F73657175656E6365466C6F773E0A202020203C73657175656E6365466C6F772069643D227369642D36393036463234352D334134372D343530382D393830372D4643374643384336434341302220736F757263655265663D227369642D33313436423935322D383246332D343945382D384339382D33444237424244383631363622207461726765745265663D227369642D45343734393033342D443930412D343032462D413244432D433436333233443238323137223E3C2F73657175656E6365466C6F773E0A20203C2F70726F636573733E0A20203C62706D6E64693A42504D4E4469616772616D2069643D2242504D4E4469616772616D5F6F76657274696D653032223E0A202020203C62706D6E64693A42504D4E506C616E652062706D6E456C656D656E743D226F76657274696D653032222069643D2242504D4E506C616E655F6F76657274696D653032223E0A2020202020203C62706D6E64693A42504D4E53686170652062706D6E456C656D656E743D227369642D35444333413634452D334542382D343839452D413143442D394444463038423431454535222069643D2242504D4E53686170655F7369642D35444333413634452D334542382D343839452D413143442D394444463038423431454535223E0A20202020202020203C6F6D6764633A426F756E6473206865696768743D2233302E30222077696474683D2233302E302220783D223135302E302220793D223139352E30223E3C2F6F6D6764633A426F756E64733E0A2020202020203C2F62706D6E64693A42504D4E53686170653E0A2020202020203C62706D6E64693A42504D4E53686170652062706D6E456C656D656E743D227369642D45343734393033342D443930412D343032462D413244432D433436333233443238323137222069643D2242504D4E53686170655F7369642D45343734393033342D443930412D343032462D413244432D433436333233443238323137223E0A20202020202020203C6F6D6764633A426F756E6473206865696768743D2232382E30222077696474683D2232382E302220783D223730352E302220793D223139362E30223E3C2F6F6D6764633A426F756E64733E0A2020202020203C2F62706D6E64693A42504D4E53686170653E0A2020202020203C62706D6E64693A42504D4E53686170652062706D6E456C656D656E743D227369642D31433033433531462D424431312D343945332D423337332D453742433438423631443641222069643D2242504D4E53686170655F7369642D31433033433531462D424431312D343945332D423337332D453742433438423631443641223E0A20202020202020203C6F6D6764633A426F756E6473206865696768743D2238302E30222077696474683D223130302E302220783D223330302E352220793D223137302E30223E3C2F6F6D6764633A426F756E64733E0A2020202020203C2F62706D6E64693A42504D4E53686170653E0A2020202020203C62706D6E64693A42504D4E53686170652062706D6E456C656D656E743D227369642D33313436423935322D383246332D343945382D384339382D334442374242443836313636222069643D2242504D4E53686170655F7369642D33313436423935322D383246332D343945382D384339382D334442374242443836313636223E0A20202020202020203C6F6D6764633A426F756E6473206865696768743D2238302E30222077696474683D223130302E302220783D223439352E302220793D223136352E30223E3C2F6F6D6764633A426F756E64733E0A2020202020203C2F62706D6E64693A42504D4E53686170653E0A2020202020203C62706D6E64693A42504D4E456467652062706D6E456C656D656E743D227369642D36393036463234352D334134372D343530382D393830372D464337464338433643434130222069643D2242504D4E456467655F7369642D36393036463234352D334134372D343530382D393830372D464337464338433643434130223E0A20202020202020203C6F6D6764693A776179706F696E7420783D223539352E302220793D223230352E30223E3C2F6F6D6764693A776179706F696E743E0A20202020202020203C6F6D6764693A776179706F696E7420783D223635302E302220793D223230352E30223E3C2F6F6D6764693A776179706F696E743E0A20202020202020203C6F6D6764693A776179706F696E7420783D223635302E302220793D223231302E30223E3C2F6F6D6764693A776179706F696E743E0A20202020202020203C6F6D6764693A776179706F696E7420783D223730352E302220793D223231302E30223E3C2F6F6D6764693A776179706F696E743E0A2020202020203C2F62706D6E64693A42504D4E456467653E0A2020202020203C62706D6E64693A42504D4E456467652062706D6E456C656D656E743D227369642D30413032304142362D453645412D343036432D423439412D424239363134444433424346222069643D2242504D4E456467655F7369642D30413032304142362D453645412D343036432D423439412D424239363134444433424346223E0A20202020202020203C6F6D6764693A776179706F696E7420783D223430302E352220793D223231302E30223E3C2F6F6D6764693A776179706F696E743E0A20202020202020203C6F6D6764693A776179706F696E7420783D223434372E37352220793D223231302E30223E3C2F6F6D6764693A776179706F696E743E0A20202020202020203C6F6D6764693A776179706F696E7420783D223434372E37352220793D223230352E30223E3C2F6F6D6764693A776179706F696E743E0A20202020202020203C6F6D6764693A776179706F696E7420783D223439352E302220793D223230352E30223E3C2F6F6D6764693A776179706F696E743E0A2020202020203C2F62706D6E64693A42504D4E456467653E0A2020202020203C62706D6E64693A42504D4E456467652062706D6E456C656D656E743D227369642D42464335383337332D353341442D343038312D383244442D334441363635443733453646222069643D2242504D4E456467655F7369642D42464335383337332D353341442D343038312D383244442D334441363635443733453646223E0A20202020202020203C6F6D6764693A776179706F696E7420783D223138302E302220793D223231302E30223E3C2F6F6D6764693A776179706F696E743E0A20202020202020203C6F6D6764693A776179706F696E7420783D223330302E352220793D223231302E30223E3C2F6F6D6764693A776179706F696E743E0A2020202020203C2F62706D6E64693A42504D4E456467653E0A202020203C2F62706D6E64693A42504D4E506C616E653E0A20203C2F62706D6E64693A42504D4E4469616772616D3E0A3C2F646566696E6974696F6E733E, 0);
INSERT INTO `act_ge_bytearray` (`ID_`, `REV_`, `NAME_`, `DEPLOYMENT_ID_`, `BYTES_`, `GENERATED_`) VALUES ('7f00ef87-09cc-11ee-858f-2aee215b35b7', 1, 'process/leave001.bpmn20.xml', '7f00c876-09cc-11ee-858f-2aee215b35b7', 0x3C3F786D6C2076657273696F6E3D22312E302220656E636F64696E673D225554462D38223F3E0A3C646566696E6974696F6E7320786D6C6E733D22687474703A2F2F7777772E6F6D672E6F72672F737065632F42504D4E2F32303130303532342F4D4F44454C2220786D6C6E733A7873693D22687474703A2F2F7777772E77332E6F72672F323030312F584D4C536368656D612D696E7374616E63652220786D6C6E733A7873643D22687474703A2F2F7777772E77332E6F72672F323030312F584D4C536368656D612220786D6C6E733A61637469766974693D22687474703A2F2F61637469766974692E6F72672F62706D6E2220786D6C6E733A62706D6E64693D22687474703A2F2F7777772E6F6D672E6F72672F737065632F42504D4E2F32303130303532342F44492220786D6C6E733A6F6D6764633D22687474703A2F2F7777772E6F6D672E6F72672F737065632F44442F32303130303532342F44432220786D6C6E733A6F6D6764693D22687474703A2F2F7777772E6F6D672E6F72672F737065632F44442F32303130303532342F44492220747970654C616E67756167653D22687474703A2F2F7777772E77332E6F72672F323030312F584D4C536368656D61222065787072657373696F6E4C616E67756167653D22687474703A2F2F7777772E77332E6F72672F313939392F585061746822207461726765744E616D6573706163653D22687474703A2F2F7777772E61637469766974692E6F72672F70726F63657373646566223E0A20203C70726F636573732069643D226C656176653030312220697345786563757461626C653D2274727565223E0A202020203C73746172744576656E742069643D227369642D44304434434543382D304237382D343231392D413935372D313943364244323634344337223E3C2F73746172744576656E743E0A202020203C656E644576656E742069643D227369642D44433342324541382D364236342D343243452D384137352D363531394438443444343331223E3C2F656E644576656E743E0A202020203C757365725461736B2069643D227369642D46313533464138352D444439332D343539452D424334332D32313637424137324533454322206E616D653D2247656E6572616C206D616E6167657220617070726F76616C222061637469766974693A61737369676E65653D22676F757761223E3C2F757365725461736B3E0A202020203C757365725461736B2069643D227369642D31353232333441442D374445312D343532332D383437392D43313244453833413638333522206E616D653D224465706172746D656E74206D616E6167657220617070726F76616C222061637469766974693A61737369676E65653D2277616E6735223E3C2F757365725461736B3E0A202020203C757365725461736B2069643D227369642D43383631423534352D394646302D343432432D423846442D36413039433532464439453022206E616D653D22506572736F6E6E656C207265636F7264222061637469766974693A61737369676E65653D227869616F6C69223E3C2F757365725461736B3E0A202020203C706172616C6C656C476174657761792069643D227369642D35363035383441352D423245392D343445432D424641362D344243373142373339323530223E3C2F706172616C6C656C476174657761793E0A202020203C706172616C6C656C476174657761792069643D227369642D38344139363346412D414230332D343343302D394232432D393430463441453034424533223E3C2F706172616C6C656C476174657761793E0A202020203C73657175656E6365466C6F772069643D227369642D43443346443939322D383041412D344231352D423533372D4132384342434232453938312220736F757263655265663D227369642D44304434434543382D304237382D343231392D413935372D31394336424432363434433722207461726765745265663D227369642D35363035383441352D423245392D343445432D424641362D344243373142373339323530223E3C2F73657175656E6365466C6F773E0A202020203C73657175656E6365466C6F772069643D227369642D34324133313932432D423431462D343037392D393737342D3842463245394446433439392220736F757263655265663D227369642D35363035383441352D423245392D343445432D424641362D34424337314237333932353022207461726765745265663D227369642D31353232333441442D374445312D343532332D383437392D433132444538334136383335223E3C2F73657175656E6365466C6F773E0A202020203C73657175656E6365466C6F772069643D227369642D35443532343944452D413939302D343342342D394139332D4244354135453338313132392220736F757263655265663D227369642D35363035383441352D423245392D343445432D424641362D34424337314237333932353022207461726765745265663D227369642D46313533464138352D444439332D343539452D424334332D323136374241373245334543223E3C2F73657175656E6365466C6F773E0A202020203C73657175656E6365466C6F772069643D227369642D42444330334445462D343842342D343245352D394134352D3738444535323044313642372220736F757263655265663D227369642D46313533464138352D444439332D343539452D424334332D32313637424137324533454322207461726765745265663D227369642D38344139363346412D414230332D343343302D394232432D393430463441453034424533223E3C2F73657175656E6365466C6F773E0A202020203C73657175656E6365466C6F772069643D227369642D33393835373039342D353737322D343941352D393044352D4333343230333537384244322220736F757263655265663D227369642D31353232333441442D374445312D343532332D383437392D43313244453833413638333522207461726765745265663D227369642D38344139363346412D414230332D343343302D394232432D393430463441453034424533223E3C2F73657175656E6365466C6F773E0A202020203C73657175656E6365466C6F772069643D227369642D45434133434430382D354131322D344441422D413332432D4343454346443433383039442220736F757263655265663D227369642D38344139363346412D414230332D343343302D394232432D39343046344145303442453322207461726765745265663D227369642D43383631423534352D394646302D343432432D423846442D364130394335324644394530223E3C2F73657175656E6365466C6F773E0A202020203C73657175656E6365466C6F772069643D227369642D43354235424543422D463635452D343238432D413731322D3743373936423539434539452220736F757263655265663D227369642D43383631423534352D394646302D343432432D423846442D36413039433532464439453022207461726765745265663D227369642D44433342324541382D364236342D343243452D384137352D363531394438443444343331223E3C2F73657175656E6365466C6F773E0A20203C2F70726F636573733E0A20203C62706D6E64693A42504D4E4469616772616D2069643D2242504D4E4469616772616D5F6C65617665303031223E0A202020203C62706D6E64693A42504D4E506C616E652062706D6E456C656D656E743D226C65617665303031222069643D2242504D4E506C616E655F6C65617665303031223E0A2020202020203C62706D6E64693A42504D4E53686170652062706D6E456C656D656E743D227369642D44304434434543382D304237382D343231392D413935372D313943364244323634344337222069643D2242504D4E53686170655F7369642D44304434434543382D304237382D343231392D413935372D313943364244323634344337223E0A20202020202020203C6F6D6764633A426F756E6473206865696768743D2233302E30222077696474683D2233302E302220783D223135302E302220793D223134332E30223E3C2F6F6D6764633A426F756E64733E0A2020202020203C2F62706D6E64693A42504D4E53686170653E0A2020202020203C62706D6E64693A42504D4E53686170652062706D6E456C656D656E743D227369642D44433342324541382D364236342D343243452D384137352D363531394438443444343331222069643D2242504D4E53686170655F7369642D44433342324541382D364236342D343243452D384137352D363531394438443444343331223E0A20202020202020203C6F6D6764633A426F756E6473206865696768743D2232382E30222077696474683D2232382E302220783D223738302E302220793D223134342E30223E3C2F6F6D6764633A426F756E64733E0A2020202020203C2F62706D6E64693A42504D4E53686170653E0A2020202020203C62706D6E64693A42504D4E53686170652062706D6E456C656D656E743D227369642D46313533464138352D444439332D343539452D424334332D323136374241373245334543222069643D2242504D4E53686170655F7369642D46313533464138352D444439332D343539452D424334332D323136374241373245334543223E0A20202020202020203C6F6D6764633A426F756E6473206865696768743D2238302E30222077696474683D223130302E302220783D223334352E302220793D223138302E30223E3C2F6F6D6764633A426F756E64733E0A2020202020203C2F62706D6E64693A42504D4E53686170653E0A2020202020203C62706D6E64693A42504D4E53686170652062706D6E456C656D656E743D227369642D31353232333441442D374445312D343532332D383437392D433132444538334136383335222069643D2242504D4E53686170655F7369642D31353232333441442D374445312D343532332D383437392D433132444538334136383335223E0A20202020202020203C6F6D6764633A426F756E6473206865696768743D2238302E30222077696474683D223130302E302220783D223334352E302220793D2235322E30223E3C2F6F6D6764633A426F756E64733E0A2020202020203C2F62706D6E64693A42504D4E53686170653E0A2020202020203C62706D6E64693A42504D4E53686170652062706D6E456C656D656E743D227369642D43383631423534352D394646302D343432432D423846442D364130394335324644394530222069643D2242504D4E53686170655F7369642D43383631423534352D394646302D343432432D423846442D364130394335324644394530223E0A20202020202020203C6F6D6764633A426F756E6473206865696768743D2238302E30222077696474683D223130302E302220783D223631352E302220793D223131382E30223E3C2F6F6D6764633A426F756E64733E0A2020202020203C2F62706D6E64693A42504D4E53686170653E0A2020202020203C62706D6E64693A42504D4E53686170652062706D6E456C656D656E743D227369642D35363035383441352D423245392D343445432D424641362D344243373142373339323530222069643D2242504D4E53686170655F7369642D35363035383441352D423245392D343445432D424641362D344243373142373339323530223E0A20202020202020203C6F6D6764633A426F756E6473206865696768743D2234302E30222077696474683D2234302E302220783D223234302E302220793D223133382E30223E3C2F6F6D6764633A426F756E64733E0A2020202020203C2F62706D6E64693A42504D4E53686170653E0A2020202020203C62706D6E64693A42504D4E53686170652062706D6E456C656D656E743D227369642D38344139363346412D414230332D343343302D394232432D393430463441453034424533222069643D2242504D4E53686170655F7369642D38344139363346412D414230332D343343302D394232432D393430463441453034424533223E0A20202020202020203C6F6D6764633A426F756E6473206865696768743D2234302E30222077696474683D2234302E302220783D223531302E302220793D223133382E30223E3C2F6F6D6764633A426F756E64733E0A2020202020203C2F62706D6E64693A42504D4E53686170653E0A2020202020203C62706D6E64693A42504D4E456467652062706D6E456C656D656E743D227369642D35443532343944452D413939302D343342342D394139332D424435413545333831313239222069643D2242504D4E456467655F7369642D35443532343944452D413939302D343342342D394139332D424435413545333831313239223E0A20202020202020203C6F6D6764693A776179706F696E7420783D223237332E35333832363533303631323234372220793D223136342E3436313733343639333837373536223E3C2F6F6D6764693A776179706F696E743E0A20202020202020203C6F6D6764693A776179706F696E7420783D223334352E302220793D223139372E3133373534363436383430313437223E3C2F6F6D6764693A776179706F696E743E0A2020202020203C2F62706D6E64693A42504D4E456467653E0A2020202020203C62706D6E64693A42504D4E456467652062706D6E456C656D656E743D227369642D45434133434430382D354131322D344441422D413332432D434345434644343338303944222069643D2242504D4E456467655F7369642D45434133434430382D354131322D344441422D413332432D434345434644343338303944223E0A20202020202020203C6F6D6764693A776179706F696E7420783D223534392E3537303839353532323338382220793D223135382E3432393130343437373631313933223E3C2F6F6D6764693A776179706F696E743E0A20202020202020203C6F6D6764693A776179706F696E7420783D223631352E302220793D223135382E3138353837333630353934373936223E3C2F6F6D6764693A776179706F696E743E0A2020202020203C2F62706D6E64693A42504D4E456467653E0A2020202020203C62706D6E64693A42504D4E456467652062706D6E456C656D656E743D227369642D33393835373039342D353737322D343941352D393044352D433334323033353738424432222069643D2242504D4E456467655F7369642D33393835373039342D353737322D343941352D393044352D433334323033353738424432223E0A20202020202020203C6F6D6764693A776179706F696E7420783D223434352E302220793D223131362E3434343434343434343434343434223E3C2F6F6D6764693A776179706F696E743E0A20202020202020203C6F6D6764693A776179706F696E7420783D223531362E353637313634313739313034352220793D223135312E3433323833353832303839353532223E3C2F6F6D6764693A776179706F696E743E0A2020202020203C2F62706D6E64693A42504D4E456467653E0A2020202020203C62706D6E64693A42504D4E456467652062706D6E456C656D656E743D227369642D43354235424543422D463635452D343238432D413731322D374337393642353943453945222069643D2242504D4E456467655F7369642D43354235424543422D463635452D343238432D413731322D374337393642353943453945223E0A20202020202020203C6F6D6764693A776179706F696E7420783D223731352E302220793D223135382E30223E3C2F6F6D6764693A776179706F696E743E0A20202020202020203C6F6D6764693A776179706F696E7420783D223738302E302220793D223135382E30223E3C2F6F6D6764693A776179706F696E743E0A2020202020203C2F62706D6E64693A42504D4E456467653E0A2020202020203C62706D6E64693A42504D4E456467652062706D6E456C656D656E743D227369642D42444330334445462D343842342D343245352D394134352D373844453532304431364237222069643D2242504D4E456467655F7369642D42444330334445462D343842342D343245352D394134352D373844453532304431364237223E0A20202020202020203C6F6D6764693A776179706F696E7420783D223434352E302220793D223139372E3033373033373033373033373034223E3C2F6F6D6764693A776179706F696E743E0A20202020202020203C6F6D6764693A776179706F696E7420783D223531362E323934343136323433363534382220793D223136342E3239343431363234333635343834223E3C2F6F6D6764693A776179706F696E743E0A2020202020203C2F62706D6E64693A42504D4E456467653E0A2020202020203C62706D6E64693A42504D4E456467652062706D6E456C656D656E743D227369642D43443346443939322D383041412D344231352D423533372D413238434243423245393831222069643D2242504D4E456467655F7369642D43443346443939322D383041412D344231352D423533372D413238434243423245393831223E0A20202020202020203C6F6D6764693A776179706F696E7420783D223138302E302220793D223135382E30223E3C2F6F6D6764693A776179706F696E743E0A20202020202020203C6F6D6764693A776179706F696E7420783D223234302E302220793D223135382E30223E3C2F6F6D6764693A776179706F696E743E0A2020202020203C2F62706D6E64693A42504D4E456467653E0A2020202020203C62706D6E64693A42504D4E456467652062706D6E456C656D656E743D227369642D34324133313932432D423431462D343037392D393737342D384246324539444643343939222069643D2242504D4E456467655F7369642D34324133313932432D423431462D343037392D393737342D384246324539444643343939223E0A20202020202020203C6F6D6764693A776179706F696E7420783D223237332E383833303834353737313134342220793D223135312E3838333038343537373131343433223E3C2F6F6D6764693A776179706F696E743E0A20202020202020203C6F6D6764693A776179706F696E7420783D223334352E302220793D223131362E3732313138393539313037383037223E3C2F6F6D6764693A776179706F696E743E0A2020202020203C2F62706D6E64693A42504D4E456467653E0A202020203C2F62706D6E64693A42504D4E506C616E653E0A20203C2F62706D6E64693A42504D4E4469616772616D3E0A3C2F646566696E6974696F6E733E, 0);
INSERT INTO `act_ge_bytearray` (`ID_`, `REV_`, `NAME_`, `DEPLOYMENT_ID_`, `BYTES_`, `GENERATED_`) VALUES ('92c98239-09c9-11ee-817c-2aee215b35b7', 1, 'process/overtime001.bpmn20.xml', '92c98238-09c9-11ee-817c-2aee215b35b7', 0x3C3F786D6C2076657273696F6E3D22312E302220656E636F64696E673D225554462D38223F3E0A3C646566696E6974696F6E7320786D6C6E733D22687474703A2F2F7777772E6F6D672E6F72672F737065632F42504D4E2F32303130303532342F4D4F44454C2220786D6C6E733A7873693D22687474703A2F2F7777772E77332E6F72672F323030312F584D4C536368656D612D696E7374616E63652220786D6C6E733A7873643D22687474703A2F2F7777772E77332E6F72672F323030312F584D4C536368656D612220786D6C6E733A61637469766974693D22687474703A2F2F61637469766974692E6F72672F62706D6E2220786D6C6E733A62706D6E64693D22687474703A2F2F7777772E6F6D672E6F72672F737065632F42504D4E2F32303130303532342F44492220786D6C6E733A6F6D6764633D22687474703A2F2F7777772E6F6D672E6F72672F737065632F44442F32303130303532342F44432220786D6C6E733A6F6D6764693D22687474703A2F2F7777772E6F6D672E6F72672F737065632F44442F32303130303532342F44492220747970654C616E67756167653D22687474703A2F2F7777772E77332E6F72672F323030312F584D4C536368656D61222065787072657373696F6E4C616E67756167653D22687474703A2F2F7777772E77332E6F72672F313939392F585061746822207461726765744E616D6573706163653D22687474703A2F2F7777772E61637469766974692E6F72672F70726F63657373646566223E0A20203C70726F636573732069643D226F76657274696D653030312220697345786563757461626C653D2274727565223E0A202020203C73746172744576656E742069643D227369642D41454333363932422D364544442D343834422D423131462D413138323232364633324430223E3C2F73746172744576656E743E0A202020203C656E644576656E742069643D227369642D38344231434241342D344542342D343942302D413332352D374645393841413330414445223E3C2F656E644576656E743E0A202020203C757365725461736B2069643D227369642D46333544303733332D454539332D343741382D383339442D42374431383441394331313022206E616D653D2247656E6572616C206D616E6167657220617070726F76616C222061637469766974693A61737369676E65653D22676F757368656E67223E3C2F757365725461736B3E0A202020203C757365725461736B2069643D227369642D46344237393530382D384134462D344146352D383244452D31423133373132413733373822206E616D653D224465706172746D656E74206D616E6167657220617070726F76616C222061637469766974693A61737369676E65653D227A68616F6C6975223E3C2F757365725461736B3E0A202020203C757365725461736B2069643D227369642D36303439443836392D434236342D344641362D383334452D45414341434133343646324222206E616D653D22506572736F6E6E656C207265636F7264222061637469766974693A61737369676E65653D227869616F637569223E3C2F757365725461736B3E0A202020203C6578636C7573697665476174657761792069643D227369642D44393844423730412D313337342D344343422D394535322D444632453641443030353734223E3C2F6578636C7573697665476174657761793E0A202020203C73657175656E6365466C6F772069643D227369642D34453846363433372D333941462D344636462D424230392D3334443338433832463931462220736F757263655265663D227369642D41454333363932422D364544442D343834422D423131462D41313832323236463332443022207461726765745265663D227369642D44393844423730412D313337342D344343422D394535322D444632453641443030353734223E3C2F73657175656E6365466C6F773E0A202020203C73657175656E6365466C6F772069643D227369642D38393630363344382D334533302D343137342D424242322D3930393331313334393144462220736F757263655265663D227369642D46333544303733332D454539332D343741382D383339442D42374431383441394331313022207461726765745265663D227369642D36303439443836392D434236342D344641362D383334452D454143414341333436463242223E3C2F73657175656E6365466C6F773E0A202020203C73657175656E6365466C6F772069643D227369642D36314430444643412D313642312D343943312D414237322D3834434239353746394339372220736F757263655265663D227369642D46344237393530382D384134462D344146352D383244452D31423133373132413733373822207461726765745265663D227369642D36303439443836392D434236342D344641362D383334452D454143414341333436463242223E3C2F73657175656E6365466C6F773E0A202020203C73657175656E6365466C6F772069643D227369642D32453830414631382D464544322D343445302D413135332D4342453446324639354341432220736F757263655265663D227369642D36303439443836392D434236342D344641362D383334452D45414341434133343646324222207461726765745265663D227369642D38344231434241342D344542342D343942302D413332352D374645393841413330414445223E3C2F73657175656E6365466C6F773E0A202020203C73657175656E6365466C6F772069643D227369642D43413734383045342D443141462D344346422D384436372D39323036304244333935314322206E616D653D224D6F7265207468616E2074776F20646179732220736F757263655265663D227369642D44393844423730412D313337342D344343422D394535322D44463245364144303035373422207461726765745265663D227369642D46333544303733332D454539332D343741382D383339442D423744313834413943313130223E3C2F73657175656E6365466C6F773E0A202020203C73657175656E6365466C6F772069643D227369642D38453338453437452D364231382D343632422D393636372D30413039373939463446373822206E616D653D224C657373207468616E2074776F20646179732220736F757263655265663D227369642D44393844423730412D313337342D344343422D394535322D44463245364144303035373422207461726765745265663D227369642D46344237393530382D384134462D344146352D383244452D314231333731324137333738223E0A2020202020203C636F6E646974696F6E45787072657373696F6E207873693A747970653D2274466F726D616C45787072657373696F6E223E3C215B43444154415B247B6461793C3D327D5D5D3E3C2F636F6E646974696F6E45787072657373696F6E3E0A202020203C2F73657175656E6365466C6F773E0A20203C2F70726F636573733E0A20203C62706D6E64693A42504D4E4469616772616D2069643D2242504D4E4469616772616D5F6F76657274696D65303031223E0A202020203C62706D6E64693A42504D4E506C616E652062706D6E456C656D656E743D226F76657274696D65303031222069643D2242504D4E506C616E655F6F76657274696D65303031223E0A2020202020203C62706D6E64693A42504D4E53686170652062706D6E456C656D656E743D227369642D41454333363932422D364544442D343834422D423131462D413138323232364633324430222069643D2242504D4E53686170655F7369642D41454333363932422D364544442D343834422D423131462D413138323232364633324430223E0A20202020202020203C6F6D6764633A426F756E6473206865696768743D2233302E30222077696474683D2233302E302220783D223130352E302220793D223135352E30223E3C2F6F6D6764633A426F756E64733E0A2020202020203C2F62706D6E64693A42504D4E53686170653E0A2020202020203C62706D6E64693A42504D4E53686170652062706D6E456C656D656E743D227369642D38344231434241342D344542342D343942302D413332352D374645393841413330414445222069643D2242504D4E53686170655F7369642D38344231434241342D344542342D343942302D413332352D374645393841413330414445223E0A20202020202020203C6F6D6764633A426F756E6473206865696768743D2232382E30222077696474683D2232382E302220783D223634352E302220793D223335362E30223E3C2F6F6D6764633A426F756E64733E0A2020202020203C2F62706D6E64693A42504D4E53686170653E0A2020202020203C62706D6E64693A42504D4E53686170652062706D6E456C656D656E743D227369642D46333544303733332D454539332D343741382D383339442D423744313834413943313130222069643D2242504D4E53686170655F7369642D46333544303733332D454539332D343741382D383339442D423744313834413943313130223E0A20202020202020203C6F6D6764633A426F756E6473206865696768743D2238302E30222077696474683D223130302E302220783D223231302E302220793D223333302E30223E3C2F6F6D6764633A426F756E64733E0A2020202020203C2F62706D6E64693A42504D4E53686170653E0A2020202020203C62706D6E64693A42504D4E53686170652062706D6E456C656D656E743D227369642D46344237393530382D384134462D344146352D383244452D314231333731324137333738222069643D2242504D4E53686170655F7369642D46344237393530382D384134462D344146352D383244452D314231333731324137333738223E0A20202020202020203C6F6D6764633A426F756E6473206865696768743D2238302E30222077696474683D223130302E302220783D223435302E302220793D223133302E30223E3C2F6F6D6764633A426F756E64733E0A2020202020203C2F62706D6E64693A42504D4E53686170653E0A2020202020203C62706D6E64693A42504D4E53686170652062706D6E456C656D656E743D227369642D36303439443836392D434236342D344641362D383334452D454143414341333436463242222069643D2242504D4E53686170655F7369642D36303439443836392D434236342D344641362D383334452D454143414341333436463242223E0A20202020202020203C6F6D6764633A426F756E6473206865696768743D2238302E30222077696474683D223130302E302220783D223435302E302220793D223333302E30223E3C2F6F6D6764633A426F756E64733E0A2020202020203C2F62706D6E64693A42504D4E53686170653E0A2020202020203C62706D6E64693A42504D4E53686170652062706D6E456C656D656E743D227369642D44393844423730412D313337342D344343422D394535322D444632453641443030353734222069643D2242504D4E53686170655F7369642D44393844423730412D313337342D344343422D394535322D444632453641443030353734223E0A20202020202020203C6F6D6764633A426F756E6473206865696768743D2234302E30222077696474683D2234302E302220783D223234302E302220793D223135302E30223E3C2F6F6D6764633A426F756E64733E0A2020202020203C2F62706D6E64693A42504D4E53686170653E0A2020202020203C62706D6E64693A42504D4E456467652062706D6E456C656D656E743D227369642D34453846363433372D333941462D344636462D424230392D333444333843383246393146222069643D2242504D4E456467655F7369642D34453846363433372D333941462D344636462D424230392D333444333843383246393146223E0A20202020202020203C6F6D6764693A776179706F696E7420783D223133352E302220793D223137302E30223E3C2F6F6D6764693A776179706F696E743E0A20202020202020203C6F6D6764693A776179706F696E7420783D223234302E302220793D223137302E30223E3C2F6F6D6764693A776179706F696E743E0A2020202020203C2F62706D6E64693A42504D4E456467653E0A2020202020203C62706D6E64693A42504D4E456467652062706D6E456C656D656E743D227369642D43413734383045342D443141462D344346422D384436372D393230363042443339353143222069643D2242504D4E456467655F7369642D43413734383045342D443141462D344346422D384436372D393230363042443339353143223E0A20202020202020203C6F6D6764693A776179706F696E7420783D223236302E34353232363133303635333236352220793D223138392E3534373733383639333436373335223E3C2F6F6D6764693A776179706F696E743E0A20202020202020203C6F6D6764693A776179706F696E7420783D223236302E31303032353036323635363634342220793D223333302E30223E3C2F6F6D6764693A776179706F696E743E0A2020202020203C2F62706D6E64693A42504D4E456467653E0A2020202020203C62706D6E64693A42504D4E456467652062706D6E456C656D656E743D227369642D38393630363344382D334533302D343137342D424242322D393039333131333439314446222069643D2242504D4E456467655F7369642D38393630363344382D334533302D343137342D424242322D393039333131333439314446223E0A20202020202020203C6F6D6764693A776179706F696E7420783D223331302E302220793D223337302E30223E3C2F6F6D6764693A776179706F696E743E0A20202020202020203C6F6D6764693A776179706F696E7420783D223435302E302220793D223337302E30223E3C2F6F6D6764693A776179706F696E743E0A2020202020203C2F62706D6E64693A42504D4E456467653E0A2020202020203C62706D6E64693A42504D4E456467652062706D6E456C656D656E743D227369642D36314430444643412D313642312D343943312D414237322D383443423935374639433937222069643D2242504D4E456467655F7369642D36314430444643412D313642312D343943312D414237322D383443423935374639433937223E0A20202020202020203C6F6D6764693A776179706F696E7420783D223530302E302220793D223231302E30223E3C2F6F6D6764693A776179706F696E743E0A20202020202020203C6F6D6764693A776179706F696E7420783D223530302E302220793D223333302E30223E3C2F6F6D6764693A776179706F696E743E0A2020202020203C2F62706D6E64693A42504D4E456467653E0A2020202020203C62706D6E64693A42504D4E456467652062706D6E456C656D656E743D227369642D38453338453437452D364231382D343632422D393636372D304130393739394634463738222069643D2242504D4E456467655F7369642D38453338453437452D364231382D343632422D393636372D304130393739394634463738223E0A20202020202020203C6F6D6764693A776179706F696E7420783D223237392E353339373438393533393734392220793D223137302E34363032353130343630323531223E3C2F6F6D6764693A776179706F696E743E0A20202020202020203C6F6D6764693A776179706F696E7420783D223435302E302220793D223137302E31303433383431333336313137223E3C2F6F6D6764693A776179706F696E743E0A2020202020203C2F62706D6E64693A42504D4E456467653E0A2020202020203C62706D6E64693A42504D4E456467652062706D6E456C656D656E743D227369642D32453830414631382D464544322D343445302D413135332D434245344632463935434143222069643D2242504D4E456467655F7369642D32453830414631382D464544322D343445302D413135332D434245344632463935434143223E0A20202020202020203C6F6D6764693A776179706F696E7420783D223535302E302220793D223337302E30223E3C2F6F6D6764693A776179706F696E743E0A20202020202020203C6F6D6764693A776179706F696E7420783D223634352E302220793D223337302E30223E3C2F6F6D6764693A776179706F696E743E0A2020202020203C2F62706D6E64693A42504D4E456467653E0A202020203C2F62706D6E64693A42504D4E506C616E653E0A20203C2F62706D6E64693A42504D4E4469616772616D3E0A3C2F646566696E6974696F6E733E, 0);
INSERT INTO `act_ge_bytearray` (`ID_`, `REV_`, `NAME_`, `DEPLOYMENT_ID_`, `BYTES_`, `GENERATED_`) VALUES ('9c1528d3-09ca-11ee-8d3f-2aee215b35b7', 1, 'process/overtime001.bpmn20.xml', '9c1528d2-09ca-11ee-8d3f-2aee215b35b7', 0x3C3F786D6C2076657273696F6E3D22312E302220656E636F64696E673D225554462D38223F3E0A3C646566696E6974696F6E7320786D6C6E733D22687474703A2F2F7777772E6F6D672E6F72672F737065632F42504D4E2F32303130303532342F4D4F44454C2220786D6C6E733A7873693D22687474703A2F2F7777772E77332E6F72672F323030312F584D4C536368656D612D696E7374616E63652220786D6C6E733A7873643D22687474703A2F2F7777772E77332E6F72672F323030312F584D4C536368656D612220786D6C6E733A61637469766974693D22687474703A2F2F61637469766974692E6F72672F62706D6E2220786D6C6E733A62706D6E64693D22687474703A2F2F7777772E6F6D672E6F72672F737065632F42504D4E2F32303130303532342F44492220786D6C6E733A6F6D6764633D22687474703A2F2F7777772E6F6D672E6F72672F737065632F44442F32303130303532342F44432220786D6C6E733A6F6D6764693D22687474703A2F2F7777772E6F6D672E6F72672F737065632F44442F32303130303532342F44492220747970654C616E67756167653D22687474703A2F2F7777772E77332E6F72672F323030312F584D4C536368656D61222065787072657373696F6E4C616E67756167653D22687474703A2F2F7777772E77332E6F72672F313939392F585061746822207461726765744E616D6573706163653D22687474703A2F2F7777772E61637469766974692E6F72672F70726F63657373646566223E0A20203C70726F636573732069643D226F76657274696D653030312220697345786563757461626C653D2274727565223E0A202020203C73746172744576656E742069643D227369642D41454333363932422D364544442D343834422D423131462D413138323232364633324430223E3C2F73746172744576656E743E0A202020203C656E644576656E742069643D227369642D38344231434241342D344542342D343942302D413332352D374645393841413330414445223E3C2F656E644576656E743E0A202020203C757365725461736B2069643D227369642D46333544303733332D454539332D343741382D383339442D42374431383441394331313022206E616D653D2247656E6572616C206D616E6167657220617070726F76616C222061637469766974693A61737369676E65653D22676F757368656E67223E3C2F757365725461736B3E0A202020203C757365725461736B2069643D227369642D46344237393530382D384134462D344146352D383244452D31423133373132413733373822206E616D653D224465706172746D656E74206D616E6167657220617070726F76616C222061637469766974693A61737369676E65653D227A68616F6C6975223E3C2F757365725461736B3E0A202020203C757365725461736B2069643D227369642D36303439443836392D434236342D344641362D383334452D45414341434133343646324222206E616D653D22506572736F6E6E656C207265636F7264222061637469766974693A61737369676E65653D227869616F637569223E3C2F757365725461736B3E0A202020203C6578636C7573697665476174657761792069643D227369642D44393844423730412D313337342D344343422D394535322D444632453641443030353734223E3C2F6578636C7573697665476174657761793E0A202020203C73657175656E6365466C6F772069643D227369642D34453846363433372D333941462D344636462D424230392D3334443338433832463931462220736F757263655265663D227369642D41454333363932422D364544442D343834422D423131462D41313832323236463332443022207461726765745265663D227369642D44393844423730412D313337342D344343422D394535322D444632453641443030353734223E3C2F73657175656E6365466C6F773E0A202020203C73657175656E6365466C6F772069643D227369642D38393630363344382D334533302D343137342D424242322D3930393331313334393144462220736F757263655265663D227369642D46333544303733332D454539332D343741382D383339442D42374431383441394331313022207461726765745265663D227369642D36303439443836392D434236342D344641362D383334452D454143414341333436463242223E3C2F73657175656E6365466C6F773E0A202020203C73657175656E6365466C6F772069643D227369642D36314430444643412D313642312D343943312D414237322D3834434239353746394339372220736F757263655265663D227369642D46344237393530382D384134462D344146352D383244452D31423133373132413733373822207461726765745265663D227369642D36303439443836392D434236342D344641362D383334452D454143414341333436463242223E3C2F73657175656E6365466C6F773E0A202020203C73657175656E6365466C6F772069643D227369642D32453830414631382D464544322D343445302D413135332D4342453446324639354341432220736F757263655265663D227369642D36303439443836392D434236342D344641362D383334452D45414341434133343646324222207461726765745265663D227369642D38344231434241342D344542342D343942302D413332352D374645393841413330414445223E3C2F73657175656E6365466C6F773E0A202020203C73657175656E6365466C6F772069643D227369642D43413734383045342D443141462D344346422D384436372D39323036304244333935314322206E616D653D224D6F7265207468616E2074776F20646179732220736F757263655265663D227369642D44393844423730412D313337342D344343422D394535322D44463245364144303035373422207461726765745265663D227369642D46333544303733332D454539332D343741382D383339442D423744313834413943313130223E3C2F73657175656E6365466C6F773E0A202020203C73657175656E6365466C6F772069643D227369642D38453338453437452D364231382D343632422D393636372D30413039373939463446373822206E616D653D224C657373207468616E2074776F20646179732220736F757263655265663D227369642D44393844423730412D313337342D344343422D394535322D44463245364144303035373422207461726765745265663D227369642D46344237393530382D384134462D344146352D383244452D314231333731324137333738223E0A2020202020203C636F6E646974696F6E45787072657373696F6E207873693A747970653D2274466F726D616C45787072657373696F6E223E3C215B43444154415B247B6461793C3D327D5D5D3E3C2F636F6E646974696F6E45787072657373696F6E3E0A202020203C2F73657175656E6365466C6F773E0A20203C2F70726F636573733E0A20203C62706D6E64693A42504D4E4469616772616D2069643D2242504D4E4469616772616D5F6F76657274696D65303031223E0A202020203C62706D6E64693A42504D4E506C616E652062706D6E456C656D656E743D226F76657274696D65303031222069643D2242504D4E506C616E655F6F76657274696D65303031223E0A2020202020203C62706D6E64693A42504D4E53686170652062706D6E456C656D656E743D227369642D41454333363932422D364544442D343834422D423131462D413138323232364633324430222069643D2242504D4E53686170655F7369642D41454333363932422D364544442D343834422D423131462D413138323232364633324430223E0A20202020202020203C6F6D6764633A426F756E6473206865696768743D2233302E30222077696474683D2233302E302220783D223130352E302220793D223135352E30223E3C2F6F6D6764633A426F756E64733E0A2020202020203C2F62706D6E64693A42504D4E53686170653E0A2020202020203C62706D6E64693A42504D4E53686170652062706D6E456C656D656E743D227369642D38344231434241342D344542342D343942302D413332352D374645393841413330414445222069643D2242504D4E53686170655F7369642D38344231434241342D344542342D343942302D413332352D374645393841413330414445223E0A20202020202020203C6F6D6764633A426F756E6473206865696768743D2232382E30222077696474683D2232382E302220783D223634352E302220793D223335362E30223E3C2F6F6D6764633A426F756E64733E0A2020202020203C2F62706D6E64693A42504D4E53686170653E0A2020202020203C62706D6E64693A42504D4E53686170652062706D6E456C656D656E743D227369642D46333544303733332D454539332D343741382D383339442D423744313834413943313130222069643D2242504D4E53686170655F7369642D46333544303733332D454539332D343741382D383339442D423744313834413943313130223E0A20202020202020203C6F6D6764633A426F756E6473206865696768743D2238302E30222077696474683D223130302E302220783D223231302E302220793D223333302E30223E3C2F6F6D6764633A426F756E64733E0A2020202020203C2F62706D6E64693A42504D4E53686170653E0A2020202020203C62706D6E64693A42504D4E53686170652062706D6E456C656D656E743D227369642D46344237393530382D384134462D344146352D383244452D314231333731324137333738222069643D2242504D4E53686170655F7369642D46344237393530382D384134462D344146352D383244452D314231333731324137333738223E0A20202020202020203C6F6D6764633A426F756E6473206865696768743D2238302E30222077696474683D223130302E302220783D223435302E302220793D223133302E30223E3C2F6F6D6764633A426F756E64733E0A2020202020203C2F62706D6E64693A42504D4E53686170653E0A2020202020203C62706D6E64693A42504D4E53686170652062706D6E456C656D656E743D227369642D36303439443836392D434236342D344641362D383334452D454143414341333436463242222069643D2242504D4E53686170655F7369642D36303439443836392D434236342D344641362D383334452D454143414341333436463242223E0A20202020202020203C6F6D6764633A426F756E6473206865696768743D2238302E30222077696474683D223130302E302220783D223435302E302220793D223333302E30223E3C2F6F6D6764633A426F756E64733E0A2020202020203C2F62706D6E64693A42504D4E53686170653E0A2020202020203C62706D6E64693A42504D4E53686170652062706D6E456C656D656E743D227369642D44393844423730412D313337342D344343422D394535322D444632453641443030353734222069643D2242504D4E53686170655F7369642D44393844423730412D313337342D344343422D394535322D444632453641443030353734223E0A20202020202020203C6F6D6764633A426F756E6473206865696768743D2234302E30222077696474683D2234302E302220783D223234302E302220793D223135302E30223E3C2F6F6D6764633A426F756E64733E0A2020202020203C2F62706D6E64693A42504D4E53686170653E0A2020202020203C62706D6E64693A42504D4E456467652062706D6E456C656D656E743D227369642D34453846363433372D333941462D344636462D424230392D333444333843383246393146222069643D2242504D4E456467655F7369642D34453846363433372D333941462D344636462D424230392D333444333843383246393146223E0A20202020202020203C6F6D6764693A776179706F696E7420783D223133352E302220793D223137302E30223E3C2F6F6D6764693A776179706F696E743E0A20202020202020203C6F6D6764693A776179706F696E7420783D223234302E302220793D223137302E30223E3C2F6F6D6764693A776179706F696E743E0A2020202020203C2F62706D6E64693A42504D4E456467653E0A2020202020203C62706D6E64693A42504D4E456467652062706D6E456C656D656E743D227369642D43413734383045342D443141462D344346422D384436372D393230363042443339353143222069643D2242504D4E456467655F7369642D43413734383045342D443141462D344346422D384436372D393230363042443339353143223E0A20202020202020203C6F6D6764693A776179706F696E7420783D223236302E34353232363133303635333236352220793D223138392E3534373733383639333436373335223E3C2F6F6D6764693A776179706F696E743E0A20202020202020203C6F6D6764693A776179706F696E7420783D223236302E31303032353036323635363634342220793D223333302E30223E3C2F6F6D6764693A776179706F696E743E0A2020202020203C2F62706D6E64693A42504D4E456467653E0A2020202020203C62706D6E64693A42504D4E456467652062706D6E456C656D656E743D227369642D38393630363344382D334533302D343137342D424242322D393039333131333439314446222069643D2242504D4E456467655F7369642D38393630363344382D334533302D343137342D424242322D393039333131333439314446223E0A20202020202020203C6F6D6764693A776179706F696E7420783D223331302E302220793D223337302E30223E3C2F6F6D6764693A776179706F696E743E0A20202020202020203C6F6D6764693A776179706F696E7420783D223435302E302220793D223337302E30223E3C2F6F6D6764693A776179706F696E743E0A2020202020203C2F62706D6E64693A42504D4E456467653E0A2020202020203C62706D6E64693A42504D4E456467652062706D6E456C656D656E743D227369642D36314430444643412D313642312D343943312D414237322D383443423935374639433937222069643D2242504D4E456467655F7369642D36314430444643412D313642312D343943312D414237322D383443423935374639433937223E0A20202020202020203C6F6D6764693A776179706F696E7420783D223530302E302220793D223231302E30223E3C2F6F6D6764693A776179706F696E743E0A20202020202020203C6F6D6764693A776179706F696E7420783D223530302E302220793D223333302E30223E3C2F6F6D6764693A776179706F696E743E0A2020202020203C2F62706D6E64693A42504D4E456467653E0A2020202020203C62706D6E64693A42504D4E456467652062706D6E456C656D656E743D227369642D38453338453437452D364231382D343632422D393636372D304130393739394634463738222069643D2242504D4E456467655F7369642D38453338453437452D364231382D343632422D393636372D304130393739394634463738223E0A20202020202020203C6F6D6764693A776179706F696E7420783D223237392E353339373438393533393734392220793D223137302E34363032353130343630323531223E3C2F6F6D6764693A776179706F696E743E0A20202020202020203C6F6D6764693A776179706F696E7420783D223435302E302220793D223137302E31303433383431333336313137223E3C2F6F6D6764693A776179706F696E743E0A2020202020203C2F62706D6E64693A42504D4E456467653E0A2020202020203C62706D6E64693A42504D4E456467652062706D6E456C656D656E743D227369642D32453830414631382D464544322D343445302D413135332D434245344632463935434143222069643D2242504D4E456467655F7369642D32453830414631382D464544322D343445302D413135332D434245344632463935434143223E0A20202020202020203C6F6D6764693A776179706F696E7420783D223535302E302220793D223337302E30223E3C2F6F6D6764693A776179706F696E743E0A20202020202020203C6F6D6764693A776179706F696E7420783D223634352E302220793D223337302E30223E3C2F6F6D6764693A776179706F696E743E0A2020202020203C2F62706D6E64693A42504D4E456467653E0A202020203C2F62706D6E64693A42504D4E506C616E653E0A20203C2F62706D6E64693A42504D4E4469616772616D3E0A3C2F646566696E6974696F6E733E, 0);
COMMIT;

-- ----------------------------
-- Table structure for act_ge_property
-- ----------------------------
DROP TABLE IF EXISTS `act_ge_property`;
CREATE TABLE `act_ge_property` (
  `NAME_` varchar(64) CHARACTER SET utf8 COLLATE utf8_bin NOT NULL,
  `VALUE_` varchar(300) CHARACTER SET utf8 COLLATE utf8_bin DEFAULT NULL,
  `REV_` int DEFAULT NULL,
  PRIMARY KEY (`NAME_`)
) ENGINE=InnoDB DEFAULT CHARSET=utf8mb3 COLLATE=utf8_bin;

-- ----------------------------
-- Records of act_ge_property
-- ----------------------------
BEGIN;
INSERT INTO `act_ge_property` (`NAME_`, `VALUE_`, `REV_`) VALUES ('cfg.execution-related-entities-count', 'false', 1);
INSERT INTO `act_ge_property` (`NAME_`, `VALUE_`, `REV_`) VALUES ('next.dbid', '1', 1);
INSERT INTO `act_ge_property` (`NAME_`, `VALUE_`, `REV_`) VALUES ('schema.history', 'create(7.1.0-M6)', 1);
INSERT INTO `act_ge_property` (`NAME_`, `VALUE_`, `REV_`) VALUES ('schema.version', '7.1.0-M6', 1);
COMMIT;

-- ----------------------------
-- Table structure for act_hi_actinst
-- ----------------------------
DROP TABLE IF EXISTS `act_hi_actinst`;
CREATE TABLE `act_hi_actinst` (
  `ID_` varchar(64) CHARACTER SET utf8 COLLATE utf8_bin NOT NULL,
  `PROC_DEF_ID_` varchar(64) CHARACTER SET utf8 COLLATE utf8_bin NOT NULL,
  `PROC_INST_ID_` varchar(64) CHARACTER SET utf8 COLLATE utf8_bin NOT NULL,
  `EXECUTION_ID_` varchar(64) CHARACTER SET utf8 COLLATE utf8_bin NOT NULL,
  `ACT_ID_` varchar(255) CHARACTER SET utf8 COLLATE utf8_bin NOT NULL,
  `TASK_ID_` varchar(64) CHARACTER SET utf8 COLLATE utf8_bin DEFAULT NULL,
  `CALL_PROC_INST_ID_` varchar(64) CHARACTER SET utf8 COLLATE utf8_bin DEFAULT NULL,
  `ACT_NAME_` varchar(255) CHARACTER SET utf8 COLLATE utf8_bin DEFAULT NULL,
  `ACT_TYPE_` varchar(255) CHARACTER SET utf8 COLLATE utf8_bin NOT NULL,
  `ASSIGNEE_` varchar(255) CHARACTER SET utf8 COLLATE utf8_bin DEFAULT NULL,
  `START_TIME_` datetime(3) NOT NULL,
  `END_TIME_` datetime(3) DEFAULT NULL,
  `DURATION_` bigint DEFAULT NULL,
  `DELETE_REASON_` varchar(4000) CHARACTER SET utf8 COLLATE utf8_bin DEFAULT NULL,
  `TENANT_ID_` varchar(255) CHARACTER SET utf8 COLLATE utf8_bin DEFAULT '',
  PRIMARY KEY (`ID_`),
  KEY `ACT_IDX_HI_ACT_INST_START` (`START_TIME_`),
  KEY `ACT_IDX_HI_ACT_INST_END` (`END_TIME_`),
  KEY `ACT_IDX_HI_ACT_INST_PROCINST` (`PROC_INST_ID_`,`ACT_ID_`),
  KEY `ACT_IDX_HI_ACT_INST_EXEC` (`EXECUTION_ID_`,`ACT_ID_`)
) ENGINE=InnoDB DEFAULT CHARSET=utf8mb3 COLLATE=utf8_bin;

-- ----------------------------
-- Records of act_hi_actinst
-- ----------------------------
BEGIN;
INSERT INTO `act_hi_actinst` (`ID_`, `PROC_DEF_ID_`, `PROC_INST_ID_`, `EXECUTION_ID_`, `ACT_ID_`, `TASK_ID_`, `CALL_PROC_INST_ID_`, `ACT_NAME_`, `ACT_TYPE_`, `ASSIGNEE_`, `START_TIME_`, `END_TIME_`, `DURATION_`, `DELETE_REASON_`, `TENANT_ID_`) VALUES ('0b653570-09ca-11ee-89e6-2aee215b35b7', 'overtime001:2:92d3bb6a-09c9-11ee-817c-2aee215b35b7', '0b64992c-09ca-11ee-89e6-2aee215b35b7', '0b64e74f-09ca-11ee-89e6-2aee215b35b7', 'sid-AEC3692B-6EDD-484B-B11F-A182226F32D0', NULL, NULL, NULL, 'startEvent', NULL, '2023-06-13 17:09:47.429', '2023-06-13 17:09:47.430', 1, NULL, '');
INSERT INTO `act_hi_actinst` (`ID_`, `PROC_DEF_ID_`, `PROC_INST_ID_`, `EXECUTION_ID_`, `ACT_ID_`, `TASK_ID_`, `CALL_PROC_INST_ID_`, `ACT_NAME_`, `ACT_TYPE_`, `ASSIGNEE_`, `START_TIME_`, `END_TIME_`, `DURATION_`, `DELETE_REASON_`, `TENANT_ID_`) VALUES ('0b65aaa1-09ca-11ee-89e6-2aee215b35b7', 'overtime001:2:92d3bb6a-09c9-11ee-817c-2aee215b35b7', '0b64992c-09ca-11ee-89e6-2aee215b35b7', '0b64e74f-09ca-11ee-89e6-2aee215b35b7', 'sid-D98DB70A-1374-4CCB-9E52-DF2E6AD00574', NULL, NULL, NULL, 'exclusiveGateway', NULL, '2023-06-13 17:09:47.432', '2023-06-13 17:09:47.432', 0, NULL, '');
INSERT INTO `act_hi_actinst` (`ID_`, `PROC_DEF_ID_`, `PROC_INST_ID_`, `EXECUTION_ID_`, `ACT_ID_`, `TASK_ID_`, `CALL_PROC_INST_ID_`, `ACT_NAME_`, `ACT_TYPE_`, `ASSIGNEE_`, `START_TIME_`, `END_TIME_`, `DURATION_`, `DELETE_REASON_`, `TENANT_ID_`) VALUES ('0b65aaa2-09ca-11ee-89e6-2aee215b35b7', 'overtime001:2:92d3bb6a-09c9-11ee-817c-2aee215b35b7', '0b64992c-09ca-11ee-89e6-2aee215b35b7', '0b64e74f-09ca-11ee-89e6-2aee215b35b7', 'sid-F35D0733-EE93-47A8-839D-B7D184A9C110', '0b675853-09ca-11ee-89e6-2aee215b35b7', NULL, 'General manager approval', 'userTask', 'gousheng', '2023-06-13 17:09:47.432', NULL, NULL, NULL, '');
INSERT INTO `act_hi_actinst` (`ID_`, `PROC_DEF_ID_`, `PROC_INST_ID_`, `EXECUTION_ID_`, `ACT_ID_`, `TASK_ID_`, `CALL_PROC_INST_ID_`, `ACT_NAME_`, `ACT_TYPE_`, `ASSIGNEE_`, `START_TIME_`, `END_TIME_`, `DURATION_`, `DELETE_REASON_`, `TENANT_ID_`) VALUES ('245ace1b-0923-11ee-8637-b60fbe4e0138', 'overtime:2:1fccba2d-0923-11ee-b61c-b60fbe4e0138', '245a58e7-0923-11ee-8637-b60fbe4e0138', '245aa70a-0923-11ee-8637-b60fbe4e0138', 'sid-5DC3A64E-3EB8-489E-A1CD-9DDF08B41EE5', NULL, NULL, NULL, 'startEvent', NULL, '2023-06-12 21:15:03.350', '2023-06-12 21:15:03.352', 2, NULL, '');
INSERT INTO `act_hi_actinst` (`ID_`, `PROC_DEF_ID_`, `PROC_INST_ID_`, `EXECUTION_ID_`, `ACT_ID_`, `TASK_ID_`, `CALL_PROC_INST_ID_`, `ACT_NAME_`, `ACT_TYPE_`, `ASSIGNEE_`, `START_TIME_`, `END_TIME_`, `DURATION_`, `DELETE_REASON_`, `TENANT_ID_`) VALUES ('245b434c-0923-11ee-8637-b60fbe4e0138', 'overtime:2:1fccba2d-0923-11ee-b61c-b60fbe4e0138', '245a58e7-0923-11ee-8637-b60fbe4e0138', '245aa70a-0923-11ee-8637-b60fbe4e0138', 'sid-1C03C51F-BD11-49E3-B373-E7BC48B61D6A', '245cc9ed-0923-11ee-8637-b60fbe4e0138', NULL, 'Manager approval', 'userTask', 'Lucy03', '2023-06-12 21:15:03.353', '2023-06-12 21:15:12.453', 9100, NULL, '');
INSERT INTO `act_hi_actinst` (`ID_`, `PROC_DEF_ID_`, `PROC_INST_ID_`, `EXECUTION_ID_`, `ACT_ID_`, `TASK_ID_`, `CALL_PROC_INST_ID_`, `ACT_NAME_`, `ACT_TYPE_`, `ASSIGNEE_`, `START_TIME_`, `END_TIME_`, `DURATION_`, `DELETE_REASON_`, `TENANT_ID_`) VALUES ('246f393c-130f-11ee-a64b-6c6a7719157b', 'qingjia:1:2e501fee-0851-11ee-a131-f6047975ea81', '358e8ad5-12a2-11ee-960f-6c6a7719157b', '358f7538-12a2-11ee-960f-6c6a7719157b', 'sid-A8361321-1F0D-429F-8E5D-5F0D3FE7B764', '2471350d-130f-11ee-a64b-6c6a7719157b', NULL, '', 'userTask', 'lisi', '2023-06-25 12:17:05.177', '2023-06-25 17:29:38.831', 18753654, NULL, '');
INSERT INTO `act_hi_actinst` (`ID_`, `PROC_DEF_ID_`, `PROC_INST_ID_`, `EXECUTION_ID_`, `ACT_ID_`, `TASK_ID_`, `CALL_PROC_INST_ID_`, `ACT_NAME_`, `ACT_TYPE_`, `ASSIGNEE_`, `START_TIME_`, `END_TIME_`, `DURATION_`, `DELETE_REASON_`, `TENANT_ID_`) VALUES ('29c84559-0923-11ee-abdf-b60fbe4e0138', 'overtime:2:1fccba2d-0923-11ee-b61c-b60fbe4e0138', '245a58e7-0923-11ee-8637-b60fbe4e0138', '245aa70a-0923-11ee-8637-b60fbe4e0138', 'sid-3146B952-82F3-49E8-8C98-3DB7BBD86166', '29c9f30a-0923-11ee-abdf-b60fbe4e0138', NULL, 'Personnel approval', 'userTask', 'zhao', '2023-06-12 21:15:12.456', NULL, NULL, NULL, '');
INSERT INTO `act_hi_actinst` (`ID_`, `PROC_DEF_ID_`, `PROC_INST_ID_`, `EXECUTION_ID_`, `ACT_ID_`, `TASK_ID_`, `CALL_PROC_INST_ID_`, `ACT_NAME_`, `ACT_TYPE_`, `ASSIGNEE_`, `START_TIME_`, `END_TIME_`, `DURATION_`, `DELETE_REASON_`, `TENANT_ID_`) VALUES ('33f87f18-09c3-11ee-84f1-2aee215b35b7', 'overtime04:1:041b6151-09c3-11ee-993e-2aee215b35b7', '33f830f6-09c3-11ee-84f1-2aee215b35b7', '33f85807-09c3-11ee-84f1-2aee215b35b7', 'sid-9A8C9BFE-10CB-40EF-A7AB-6128553D9AF8', NULL, NULL, NULL, 'startEvent', NULL, '2023-06-13 16:20:49.026', '2023-06-13 16:20:49.028', 2, NULL, '');
INSERT INTO `act_hi_actinst` (`ID_`, `PROC_DEF_ID_`, `PROC_INST_ID_`, `EXECUTION_ID_`, `ACT_ID_`, `TASK_ID_`, `CALL_PROC_INST_ID_`, `ACT_NAME_`, `ACT_TYPE_`, `ASSIGNEE_`, `START_TIME_`, `END_TIME_`, `DURATION_`, `DELETE_REASON_`, `TENANT_ID_`) VALUES ('33f91b59-09c3-11ee-84f1-2aee215b35b7', 'overtime04:1:041b6151-09c3-11ee-993e-2aee215b35b7', '33f830f6-09c3-11ee-84f1-2aee215b35b7', '33f85807-09c3-11ee-84f1-2aee215b35b7', 'sid-2052A07F-FF13-4BD7-A966-A865E7030947', '33faa1fa-09c3-11ee-84f1-2aee215b35b7', NULL, 'Manager approval', 'userTask', 'tom01', '2023-06-13 16:20:49.030', '2023-06-13 16:24:08.161', 199131, NULL, '');
INSERT INTO `act_hi_actinst` (`ID_`, `PROC_DEF_ID_`, `PROC_INST_ID_`, `EXECUTION_ID_`, `ACT_ID_`, `TASK_ID_`, `CALL_PROC_INST_ID_`, `ACT_NAME_`, `ACT_TYPE_`, `ASSIGNEE_`, `START_TIME_`, `END_TIME_`, `DURATION_`, `DELETE_REASON_`, `TENANT_ID_`) VALUES ('35901179-12a2-11ee-960f-6c6a7719157b', 'qingjia:1:2e501fee-0851-11ee-a131-f6047975ea81', '358e8ad5-12a2-11ee-960f-6c6a7719157b', '358f7538-12a2-11ee-960f-6c6a7719157b', 'sid-AE120E1B-25EC-43C0-B703-8EE13CB13835', NULL, NULL, NULL, 'startEvent', NULL, '2023-06-24 23:17:18.770', '2023-06-24 23:17:18.784', 14, NULL, '');
INSERT INTO `act_hi_actinst` (`ID_`, `PROC_DEF_ID_`, `PROC_INST_ID_`, `EXECUTION_ID_`, `ACT_ID_`, `TASK_ID_`, `CALL_PROC_INST_ID_`, `ACT_NAME_`, `ACT_TYPE_`, `ASSIGNEE_`, `START_TIME_`, `END_TIME_`, `DURATION_`, `DELETE_REASON_`, `TENANT_ID_`) VALUES ('3592a98a-12a2-11ee-960f-6c6a7719157b', 'qingjia:1:2e501fee-0851-11ee-a131-f6047975ea81', '358e8ad5-12a2-11ee-960f-6c6a7719157b', '358f7538-12a2-11ee-960f-6c6a7719157b', 'sid-30AE99C3-6055-4472-B3A3-9C4B0BB3975A', '35951a8b-12a2-11ee-960f-6c6a7719157b', NULL, '', 'userTask', 'zhangsan', '2023-06-24 23:17:18.787', '2023-06-25 12:17:05.171', 46786384, NULL, '');
INSERT INTO `act_hi_actinst` (`ID_`, `PROC_DEF_ID_`, `PROC_INST_ID_`, `EXECUTION_ID_`, `ACT_ID_`, `TASK_ID_`, `CALL_PROC_INST_ID_`, `ACT_NAME_`, `ACT_TYPE_`, `ASSIGNEE_`, `START_TIME_`, `END_TIME_`, `DURATION_`, `DELETE_REASON_`, `TENANT_ID_`) VALUES ('41423edb-09cd-11ee-a2d5-2aee215b35b7', 'leave001:2:3ca29e4f-09cd-11ee-858d-2aee215b35b7', '4141c9a7-09cd-11ee-a2d5-2aee215b35b7', '414217ca-09cd-11ee-a2d5-2aee215b35b7', 'sid-D0D4CEC8-0B78-4219-A957-19C6BD2644C7', NULL, NULL, NULL, 'startEvent', NULL, '2023-06-13 17:32:46.287', '2023-06-13 17:32:46.288', 1, NULL, '');
INSERT INTO `act_hi_actinst` (`ID_`, `PROC_DEF_ID_`, `PROC_INST_ID_`, `EXECUTION_ID_`, `ACT_ID_`, `TASK_ID_`, `CALL_PROC_INST_ID_`, `ACT_NAME_`, `ACT_TYPE_`, `ASSIGNEE_`, `START_TIME_`, `END_TIME_`, `DURATION_`, `DELETE_REASON_`, `TENANT_ID_`) VALUES ('4142b40c-09cd-11ee-a2d5-2aee215b35b7', 'leave001:2:3ca29e4f-09cd-11ee-858d-2aee215b35b7', '4141c9a7-09cd-11ee-a2d5-2aee215b35b7', '414217ca-09cd-11ee-a2d5-2aee215b35b7', 'sid-560584A5-B2E9-44EC-BFA6-4BC71B739250', NULL, NULL, NULL, 'parallelGateway', NULL, '2023-06-13 17:32:46.290', '2023-06-13 17:32:46.295', 5, NULL, '');
INSERT INTO `act_hi_actinst` (`ID_`, `PROC_DEF_ID_`, `PROC_INST_ID_`, `EXECUTION_ID_`, `ACT_ID_`, `TASK_ID_`, `CALL_PROC_INST_ID_`, `ACT_NAME_`, `ACT_TYPE_`, `ASSIGNEE_`, `START_TIME_`, `END_TIME_`, `DURATION_`, `DELETE_REASON_`, `TENANT_ID_`) VALUES ('4143775e-09cd-11ee-a2d5-2aee215b35b7', 'leave001:2:3ca29e4f-09cd-11ee-858d-2aee215b35b7', '4141c9a7-09cd-11ee-a2d5-2aee215b35b7', '414217ca-09cd-11ee-a2d5-2aee215b35b7', 'sid-152234AD-7DE1-4523-8479-C12DE83A6835', '4145250f-09cd-11ee-a2d5-2aee215b35b7', NULL, 'Department manager approval', 'userTask', 'wang5', '2023-06-13 17:32:46.295', NULL, NULL, NULL, '');
INSERT INTO `act_hi_actinst` (`ID_`, `PROC_DEF_ID_`, `PROC_INST_ID_`, `EXECUTION_ID_`, `ACT_ID_`, `TASK_ID_`, `CALL_PROC_INST_ID_`, `ACT_NAME_`, `ACT_TYPE_`, `ASSIGNEE_`, `START_TIME_`, `END_TIME_`, `DURATION_`, `DELETE_REASON_`, `TENANT_ID_`) VALUES ('41454c20-09cd-11ee-a2d5-2aee215b35b7', 'leave001:2:3ca29e4f-09cd-11ee-858d-2aee215b35b7', '4141c9a7-09cd-11ee-a2d5-2aee215b35b7', '4143775d-09cd-11ee-a2d5-2aee215b35b7', 'sid-F153FA85-DD93-459E-BC43-2167BA72E3EC', '41454c21-09cd-11ee-a2d5-2aee215b35b7', NULL, 'General manager approval', 'userTask', 'gouwa', '2023-06-13 17:32:46.307', NULL, NULL, NULL, '');
INSERT INTO `act_hi_actinst` (`ID_`, `PROC_DEF_ID_`, `PROC_INST_ID_`, `EXECUTION_ID_`, `ACT_ID_`, `TASK_ID_`, `CALL_PROC_INST_ID_`, `ACT_NAME_`, `ACT_TYPE_`, `ASSIGNEE_`, `START_TIME_`, `END_TIME_`, `DURATION_`, `DELETE_REASON_`, `TENANT_ID_`) VALUES ('6b2bcd5e-0920-11ee-b7b6-b60fbe4e0138', 'overtime:1:643e9384-0920-11ee-b502-b60fbe4e0138', '6b2b3118-0920-11ee-b7b6-b60fbe4e0138', '6b2ba64d-0920-11ee-b7b6-b60fbe4e0138', 'sid-5DC3A64E-3EB8-489E-A1CD-9DDF08B41EE5', NULL, NULL, NULL, 'startEvent', NULL, '2023-06-12 20:55:33.670', '2023-06-12 20:55:33.672', 2, NULL, '');
INSERT INTO `act_hi_actinst` (`ID_`, `PROC_DEF_ID_`, `PROC_INST_ID_`, `EXECUTION_ID_`, `ACT_ID_`, `TASK_ID_`, `CALL_PROC_INST_ID_`, `ACT_NAME_`, `ACT_TYPE_`, `ASSIGNEE_`, `START_TIME_`, `END_TIME_`, `DURATION_`, `DELETE_REASON_`, `TENANT_ID_`) VALUES ('6b2c699f-0920-11ee-b7b6-b60fbe4e0138', 'overtime:1:643e9384-0920-11ee-b502-b60fbe4e0138', '6b2b3118-0920-11ee-b7b6-b60fbe4e0138', '6b2ba64d-0920-11ee-b7b6-b60fbe4e0138', 'sid-1C03C51F-BD11-49E3-B373-E7BC48B61D6A', '6b2def40-0920-11ee-b7b6-b60fbe4e0138', NULL, 'Manager approval', 'userTask', 'Lucy01', '2023-06-12 20:55:33.674', NULL, NULL, NULL, '');
INSERT INTO `act_hi_actinst` (`ID_`, `PROC_DEF_ID_`, `PROC_INST_ID_`, `EXECUTION_ID_`, `ACT_ID_`, `TASK_ID_`, `CALL_PROC_INST_ID_`, `ACT_NAME_`, `ACT_TYPE_`, `ASSIGNEE_`, `START_TIME_`, `END_TIME_`, `DURATION_`, `DELETE_REASON_`, `TENANT_ID_`) VALUES ('708ee779-08f4-11ee-8d42-969bbc5bdb82', 'overtime02:1:6a7922bf-08f4-11ee-8e71-969bbc5bdb82', '708e9957-08f4-11ee-8d42-969bbc5bdb82', '708ec068-08f4-11ee-8d42-969bbc5bdb82', 'sid-5DC3A64E-3EB8-489E-A1CD-9DDF08B41EE5', NULL, NULL, NULL, 'startEvent', NULL, '2023-06-12 15:40:44.852', '2023-06-12 15:40:44.853', 1, NULL, '');
INSERT INTO `act_hi_actinst` (`ID_`, `PROC_DEF_ID_`, `PROC_INST_ID_`, `EXECUTION_ID_`, `ACT_ID_`, `TASK_ID_`, `CALL_PROC_INST_ID_`, `ACT_NAME_`, `ACT_TYPE_`, `ASSIGNEE_`, `START_TIME_`, `END_TIME_`, `DURATION_`, `DELETE_REASON_`, `TENANT_ID_`) VALUES ('708f5caa-08f4-11ee-8d42-969bbc5bdb82', 'overtime02:1:6a7922bf-08f4-11ee-8e71-969bbc5bdb82', '708e9957-08f4-11ee-8d42-969bbc5bdb82', '708ec068-08f4-11ee-8d42-969bbc5bdb82', 'sid-1C03C51F-BD11-49E3-B373-E7BC48B61D6A', '70910a5b-08f4-11ee-8d42-969bbc5bdb82', NULL, 'Manager approval', 'userTask', NULL, '2023-06-12 15:40:44.855', NULL, NULL, NULL, '');
INSERT INTO `act_hi_actinst` (`ID_`, `PROC_DEF_ID_`, `PROC_INST_ID_`, `EXECUTION_ID_`, `ACT_ID_`, `TASK_ID_`, `CALL_PROC_INST_ID_`, `ACT_NAME_`, `ACT_TYPE_`, `ASSIGNEE_`, `START_TIME_`, `END_TIME_`, `DURATION_`, `DELETE_REASON_`, `TENANT_ID_`) VALUES ('714b2674-09cd-11ee-b620-2aee215b35b7', 'leave001:2:3ca29e4f-09cd-11ee-858d-2aee215b35b7', '714ab140-09cd-11ee-b620-2aee215b35b7', '714aff63-09cd-11ee-b620-2aee215b35b7', 'sid-D0D4CEC8-0B78-4219-A957-19C6BD2644C7', NULL, NULL, NULL, 'startEvent', NULL, '2023-06-13 17:34:06.876', '2023-06-13 17:34:06.878', 2, NULL, '');
INSERT INTO `act_hi_actinst` (`ID_`, `PROC_DEF_ID_`, `PROC_INST_ID_`, `EXECUTION_ID_`, `ACT_ID_`, `TASK_ID_`, `CALL_PROC_INST_ID_`, `ACT_NAME_`, `ACT_TYPE_`, `ASSIGNEE_`, `START_TIME_`, `END_TIME_`, `DURATION_`, `DELETE_REASON_`, `TENANT_ID_`) VALUES ('714bc2b5-09cd-11ee-b620-2aee215b35b7', 'leave001:2:3ca29e4f-09cd-11ee-858d-2aee215b35b7', '714ab140-09cd-11ee-b620-2aee215b35b7', '714aff63-09cd-11ee-b620-2aee215b35b7', 'sid-560584A5-B2E9-44EC-BFA6-4BC71B739250', NULL, NULL, NULL, 'parallelGateway', NULL, '2023-06-13 17:34:06.880', '2023-06-13 17:34:06.883', 3, NULL, '');
INSERT INTO `act_hi_actinst` (`ID_`, `PROC_DEF_ID_`, `PROC_INST_ID_`, `EXECUTION_ID_`, `ACT_ID_`, `TASK_ID_`, `CALL_PROC_INST_ID_`, `ACT_NAME_`, `ACT_TYPE_`, `ASSIGNEE_`, `START_TIME_`, `END_TIME_`, `DURATION_`, `DELETE_REASON_`, `TENANT_ID_`) VALUES ('714c5ef7-09cd-11ee-b620-2aee215b35b7', 'leave001:2:3ca29e4f-09cd-11ee-858d-2aee215b35b7', '714ab140-09cd-11ee-b620-2aee215b35b7', '714aff63-09cd-11ee-b620-2aee215b35b7', 'sid-152234AD-7DE1-4523-8479-C12DE83A6835', '714e0ca8-09cd-11ee-b620-2aee215b35b7', NULL, 'Department manager approval', 'userTask', 'wang5', '2023-06-13 17:34:06.884', NULL, NULL, NULL, '');
INSERT INTO `act_hi_actinst` (`ID_`, `PROC_DEF_ID_`, `PROC_INST_ID_`, `EXECUTION_ID_`, `ACT_ID_`, `TASK_ID_`, `CALL_PROC_INST_ID_`, `ACT_NAME_`, `ACT_TYPE_`, `ASSIGNEE_`, `START_TIME_`, `END_TIME_`, `DURATION_`, `DELETE_REASON_`, `TENANT_ID_`) VALUES ('714e0ca9-09cd-11ee-b620-2aee215b35b7', 'leave001:2:3ca29e4f-09cd-11ee-858d-2aee215b35b7', '714ab140-09cd-11ee-b620-2aee215b35b7', '714c37e6-09cd-11ee-b620-2aee215b35b7', 'sid-F153FA85-DD93-459E-BC43-2167BA72E3EC', '714e0caa-09cd-11ee-b620-2aee215b35b7', NULL, 'General manager approval', 'userTask', 'gouwa', '2023-06-13 17:34:06.895', NULL, NULL, NULL, '');
INSERT INTO `act_hi_actinst` (`ID_`, `PROC_DEF_ID_`, `PROC_INST_ID_`, `EXECUTION_ID_`, `ACT_ID_`, `TASK_ID_`, `CALL_PROC_INST_ID_`, `ACT_NAME_`, `ACT_TYPE_`, `ASSIGNEE_`, `START_TIME_`, `END_TIME_`, `DURATION_`, `DELETE_REASON_`, `TENANT_ID_`) VALUES ('851cf655-09cc-11ee-a8fc-2aee215b35b7', 'leave001:1:7f0d2488-09cc-11ee-858f-2aee215b35b7', '851c5a11-09cc-11ee-a8fc-2aee215b35b7', '851ccf44-09cc-11ee-a8fc-2aee215b35b7', 'sid-D0D4CEC8-0B78-4219-A957-19C6BD2644C7', NULL, NULL, NULL, 'startEvent', NULL, '2023-06-13 17:27:30.631', '2023-06-13 17:27:30.632', 1, NULL, '');
INSERT INTO `act_hi_actinst` (`ID_`, `PROC_DEF_ID_`, `PROC_INST_ID_`, `EXECUTION_ID_`, `ACT_ID_`, `TASK_ID_`, `CALL_PROC_INST_ID_`, `ACT_NAME_`, `ACT_TYPE_`, `ASSIGNEE_`, `START_TIME_`, `END_TIME_`, `DURATION_`, `DELETE_REASON_`, `TENANT_ID_`) VALUES ('851d6b86-09cc-11ee-a8fc-2aee215b35b7', 'leave001:1:7f0d2488-09cc-11ee-858f-2aee215b35b7', '851c5a11-09cc-11ee-a8fc-2aee215b35b7', '851ccf44-09cc-11ee-a8fc-2aee215b35b7', 'sid-560584A5-B2E9-44EC-BFA6-4BC71B739250', NULL, NULL, NULL, 'parallelGateway', NULL, '2023-06-13 17:27:30.634', '2023-06-13 17:27:30.639', 5, NULL, '');
INSERT INTO `act_hi_actinst` (`ID_`, `PROC_DEF_ID_`, `PROC_INST_ID_`, `EXECUTION_ID_`, `ACT_ID_`, `TASK_ID_`, `CALL_PROC_INST_ID_`, `ACT_NAME_`, `ACT_TYPE_`, `ASSIGNEE_`, `START_TIME_`, `END_TIME_`, `DURATION_`, `DELETE_REASON_`, `TENANT_ID_`) VALUES ('851e55e8-09cc-11ee-a8fc-2aee215b35b7', 'leave001:1:7f0d2488-09cc-11ee-858f-2aee215b35b7', '851c5a11-09cc-11ee-a8fc-2aee215b35b7', '851ccf44-09cc-11ee-a8fc-2aee215b35b7', 'sid-152234AD-7DE1-4523-8479-C12DE83A6835', '85200399-09cc-11ee-a8fc-2aee215b35b7', NULL, 'Department manager approval', 'userTask', 'wang5', '2023-06-13 17:27:30.640', '2023-06-13 17:29:42.042', 131402, NULL, '');
INSERT INTO `act_hi_actinst` (`ID_`, `PROC_DEF_ID_`, `PROC_INST_ID_`, `EXECUTION_ID_`, `ACT_ID_`, `TASK_ID_`, `CALL_PROC_INST_ID_`, `ACT_NAME_`, `ACT_TYPE_`, `ASSIGNEE_`, `START_TIME_`, `END_TIME_`, `DURATION_`, `DELETE_REASON_`, `TENANT_ID_`) VALUES ('8520039a-09cc-11ee-a8fc-2aee215b35b7', 'leave001:1:7f0d2488-09cc-11ee-858f-2aee215b35b7', '851c5a11-09cc-11ee-a8fc-2aee215b35b7', '851e2ed7-09cc-11ee-a8fc-2aee215b35b7', 'sid-F153FA85-DD93-459E-BC43-2167BA72E3EC', '8520039b-09cc-11ee-a8fc-2aee215b35b7', NULL, 'General manager approval', 'userTask', 'gouwa', '2023-06-13 17:27:30.651', '2023-06-13 17:28:42.156', 71505, NULL, '');
INSERT INTO `act_hi_actinst` (`ID_`, `PROC_DEF_ID_`, `PROC_INST_ID_`, `EXECUTION_ID_`, `ACT_ID_`, `TASK_ID_`, `CALL_PROC_INST_ID_`, `ACT_NAME_`, `ACT_TYPE_`, `ASSIGNEE_`, `START_TIME_`, `END_TIME_`, `DURATION_`, `DELETE_REASON_`, `TENANT_ID_`) VALUES ('99e08ab8-09c9-11ee-b45a-2aee215b35b7', 'overtime001:2:92d3bb6a-09c9-11ee-817c-2aee215b35b7', '99e01586-09c9-11ee-b45a-2aee215b35b7', '99e063a7-09c9-11ee-b45a-2aee215b35b7', 'sid-AEC3692B-6EDD-484B-B11F-A182226F32D0', NULL, NULL, NULL, 'startEvent', NULL, '2023-06-13 17:06:36.977', '2023-06-13 17:06:36.978', 1, NULL, '');
INSERT INTO `act_hi_actinst` (`ID_`, `PROC_DEF_ID_`, `PROC_INST_ID_`, `EXECUTION_ID_`, `ACT_ID_`, `TASK_ID_`, `CALL_PROC_INST_ID_`, `ACT_NAME_`, `ACT_TYPE_`, `ASSIGNEE_`, `START_TIME_`, `END_TIME_`, `DURATION_`, `DELETE_REASON_`, `TENANT_ID_`) VALUES ('99e0ffe9-09c9-11ee-b45a-2aee215b35b7', 'overtime001:2:92d3bb6a-09c9-11ee-817c-2aee215b35b7', '99e01586-09c9-11ee-b45a-2aee215b35b7', '99e063a7-09c9-11ee-b45a-2aee215b35b7', 'sid-D98DB70A-1374-4CCB-9E52-DF2E6AD00574', NULL, NULL, NULL, 'exclusiveGateway', NULL, '2023-06-13 17:06:36.980', '2023-06-13 17:06:36.980', 0, NULL, '');
INSERT INTO `act_hi_actinst` (`ID_`, `PROC_DEF_ID_`, `PROC_INST_ID_`, `EXECUTION_ID_`, `ACT_ID_`, `TASK_ID_`, `CALL_PROC_INST_ID_`, `ACT_NAME_`, `ACT_TYPE_`, `ASSIGNEE_`, `START_TIME_`, `END_TIME_`, `DURATION_`, `DELETE_REASON_`, `TENANT_ID_`) VALUES ('99e0ffea-09c9-11ee-b45a-2aee215b35b7', 'overtime001:2:92d3bb6a-09c9-11ee-817c-2aee215b35b7', '99e01586-09c9-11ee-b45a-2aee215b35b7', '99e063a7-09c9-11ee-b45a-2aee215b35b7', 'sid-F35D0733-EE93-47A8-839D-B7D184A9C110', '99e2ad9b-09c9-11ee-b45a-2aee215b35b7', NULL, 'General manager approval', 'userTask', 'gousheng', '2023-06-13 17:06:36.980', NULL, NULL, NULL, '');
INSERT INTO `act_hi_actinst` (`ID_`, `PROC_DEF_ID_`, `PROC_INST_ID_`, `EXECUTION_ID_`, `ACT_ID_`, `TASK_ID_`, `CALL_PROC_INST_ID_`, `ACT_NAME_`, `ACT_TYPE_`, `ASSIGNEE_`, `START_TIME_`, `END_TIME_`, `DURATION_`, `DELETE_REASON_`, `TENANT_ID_`) VALUES ('a1f006fa-09ca-11ee-a1d9-2aee215b35b7', 'overtime001:3:9c202554-09ca-11ee-8d3f-2aee215b35b7', 'a1ef91c6-09ca-11ee-a1d9-2aee215b35b7', 'a1efdfe9-09ca-11ee-a1d9-2aee215b35b7', 'sid-AEC3692B-6EDD-484B-B11F-A182226F32D0', NULL, NULL, NULL, 'startEvent', NULL, '2023-06-13 17:13:59.997', '2023-06-13 17:13:59.999', 2, NULL, '');
INSERT INTO `act_hi_actinst` (`ID_`, `PROC_DEF_ID_`, `PROC_INST_ID_`, `EXECUTION_ID_`, `ACT_ID_`, `TASK_ID_`, `CALL_PROC_INST_ID_`, `ACT_NAME_`, `ACT_TYPE_`, `ASSIGNEE_`, `START_TIME_`, `END_TIME_`, `DURATION_`, `DELETE_REASON_`, `TENANT_ID_`) VALUES ('a1f07c2b-09ca-11ee-a1d9-2aee215b35b7', 'overtime001:3:9c202554-09ca-11ee-8d3f-2aee215b35b7', 'a1ef91c6-09ca-11ee-a1d9-2aee215b35b7', 'a1efdfe9-09ca-11ee-a1d9-2aee215b35b7', 'sid-D98DB70A-1374-4CCB-9E52-DF2E6AD00574', NULL, NULL, NULL, 'exclusiveGateway', NULL, '2023-06-13 17:14:00.000', '2023-06-13 17:14:00.000', 0, NULL, '');
INSERT INTO `act_hi_actinst` (`ID_`, `PROC_DEF_ID_`, `PROC_INST_ID_`, `EXECUTION_ID_`, `ACT_ID_`, `TASK_ID_`, `CALL_PROC_INST_ID_`, `ACT_NAME_`, `ACT_TYPE_`, `ASSIGNEE_`, `START_TIME_`, `END_TIME_`, `DURATION_`, `DELETE_REASON_`, `TENANT_ID_`) VALUES ('a1f07c2c-09ca-11ee-a1d9-2aee215b35b7', 'overtime001:3:9c202554-09ca-11ee-8d3f-2aee215b35b7', 'a1ef91c6-09ca-11ee-a1d9-2aee215b35b7', 'a1efdfe9-09ca-11ee-a1d9-2aee215b35b7', 'sid-F35D0733-EE93-47A8-839D-B7D184A9C110', 'a1f202cd-09ca-11ee-a1d9-2aee215b35b7', NULL, 'General manager approval', 'userTask', 'gousheng', '2023-06-13 17:14:00.000', NULL, NULL, NULL, '');
INSERT INTO `act_hi_actinst` (`ID_`, `PROC_DEF_ID_`, `PROC_INST_ID_`, `EXECUTION_ID_`, `ACT_ID_`, `TASK_ID_`, `CALL_PROC_INST_ID_`, `ACT_NAME_`, `ACT_TYPE_`, `ASSIGNEE_`, `START_TIME_`, `END_TIME_`, `DURATION_`, `DELETE_REASON_`, `TENANT_ID_`) VALUES ('aaaa8a57-09c3-11ee-92f2-2aee215b35b7', 'overtime04:1:041b6151-09c3-11ee-993e-2aee215b35b7', '33f830f6-09c3-11ee-84f1-2aee215b35b7', '33f85807-09c3-11ee-84f1-2aee215b35b7', 'sid-2FC30B49-C0BF-44E1-BAE0-BDDE29FC22F3', 'aaac3808-09c3-11ee-92f2-2aee215b35b7', NULL, 'Personnel approval', 'userTask', NULL, '2023-06-13 16:24:08.164', NULL, NULL, NULL, '');
INSERT INTO `act_hi_actinst` (`ID_`, `PROC_DEF_ID_`, `PROC_INST_ID_`, `EXECUTION_ID_`, `ACT_ID_`, `TASK_ID_`, `CALL_PROC_INST_ID_`, `ACT_NAME_`, `ACT_TYPE_`, `ASSIGNEE_`, `START_TIME_`, `END_TIME_`, `DURATION_`, `DELETE_REASON_`, `TENANT_ID_`) VALUES ('afbf442d-09cc-11ee-b40d-2aee215b35b7', 'leave001:1:7f0d2488-09cc-11ee-858f-2aee215b35b7', '851c5a11-09cc-11ee-a8fc-2aee215b35b7', '851e2ed7-09cc-11ee-a8fc-2aee215b35b7', 'sid-84A963FA-AB03-43C0-9B2C-940F4AE04BE3', NULL, NULL, NULL, 'parallelGateway', NULL, '2023-06-13 17:28:42.159', '2023-06-13 17:28:42.162', 3, NULL, '');
INSERT INTO `act_hi_actinst` (`ID_`, `PROC_DEF_ID_`, `PROC_INST_ID_`, `EXECUTION_ID_`, `ACT_ID_`, `TASK_ID_`, `CALL_PROC_INST_ID_`, `ACT_NAME_`, `ACT_TYPE_`, `ASSIGNEE_`, `START_TIME_`, `END_TIME_`, `DURATION_`, `DELETE_REASON_`, `TENANT_ID_`) VALUES ('ce7bbaa2-133a-11ee-a64b-6c6a7719157b', 'qingjia:1:2e501fee-0851-11ee-a131-f6047975ea81', '358e8ad5-12a2-11ee-960f-6c6a7719157b', '358f7538-12a2-11ee-960f-6c6a7719157b', 'sid-18403A14-DABE-48F8-B43F-16BCAFC66CE7', NULL, NULL, NULL, 'endEvent', NULL, '2023-06-25 17:29:38.831', '2023-06-25 17:29:38.831', 0, NULL, '');
INSERT INTO `act_hi_actinst` (`ID_`, `PROC_DEF_ID_`, `PROC_INST_ID_`, `EXECUTION_ID_`, `ACT_ID_`, `TASK_ID_`, `CALL_PROC_INST_ID_`, `ACT_NAME_`, `ACT_TYPE_`, `ASSIGNEE_`, `START_TIME_`, `END_TIME_`, `DURATION_`, `DELETE_REASON_`, `TENANT_ID_`) VALUES ('d370fe83-09cc-11ee-9240-2aee215b35b7', 'leave001:1:7f0d2488-09cc-11ee-858f-2aee215b35b7', '851c5a11-09cc-11ee-a8fc-2aee215b35b7', '851ccf44-09cc-11ee-a8fc-2aee215b35b7', 'sid-84A963FA-AB03-43C0-9B2C-940F4AE04BE3', NULL, NULL, NULL, 'parallelGateway', NULL, '2023-06-13 17:29:42.044', '2023-06-13 17:29:42.047', 3, NULL, '');
INSERT INTO `act_hi_actinst` (`ID_`, `PROC_DEF_ID_`, `PROC_INST_ID_`, `EXECUTION_ID_`, `ACT_ID_`, `TASK_ID_`, `CALL_PROC_INST_ID_`, `ACT_NAME_`, `ACT_TYPE_`, `ASSIGNEE_`, `START_TIME_`, `END_TIME_`, `DURATION_`, `DELETE_REASON_`, `TENANT_ID_`) VALUES ('d3734874-09cc-11ee-9240-2aee215b35b7', 'leave001:1:7f0d2488-09cc-11ee-858f-2aee215b35b7', '851c5a11-09cc-11ee-a8fc-2aee215b35b7', '851ccf44-09cc-11ee-a8fc-2aee215b35b7', 'sid-C861B545-9FF0-442C-B8FD-6A09C52FD9E0', 'd3756b55-09cc-11ee-9240-2aee215b35b7', NULL, 'Personnel record', 'userTask', 'xiaoli', '2023-06-13 17:29:42.059', '2023-06-13 17:30:28.814', 46755, NULL, '');
INSERT INTO `act_hi_actinst` (`ID_`, `PROC_DEF_ID_`, `PROC_INST_ID_`, `EXECUTION_ID_`, `ACT_ID_`, `TASK_ID_`, `CALL_PROC_INST_ID_`, `ACT_NAME_`, `ACT_TYPE_`, `ASSIGNEE_`, `START_TIME_`, `END_TIME_`, `DURATION_`, `DELETE_REASON_`, `TENANT_ID_`) VALUES ('ef51fcab-09cc-11ee-ab1f-2aee215b35b7', 'leave001:1:7f0d2488-09cc-11ee-858f-2aee215b35b7', '851c5a11-09cc-11ee-a8fc-2aee215b35b7', '851ccf44-09cc-11ee-a8fc-2aee215b35b7', 'sid-DC3B2EA8-6B64-42CE-8A75-6519D8D4D431', NULL, NULL, NULL, 'endEvent', NULL, '2023-06-13 17:30:28.817', '2023-06-13 17:30:28.817', 0, NULL, '');
INSERT INTO `act_hi_actinst` (`ID_`, `PROC_DEF_ID_`, `PROC_INST_ID_`, `EXECUTION_ID_`, `ACT_ID_`, `TASK_ID_`, `CALL_PROC_INST_ID_`, `ACT_NAME_`, `ACT_TYPE_`, `ASSIGNEE_`, `START_TIME_`, `END_TIME_`, `DURATION_`, `DELETE_REASON_`, `TENANT_ID_`) VALUES ('ffa7d712-09c9-11ee-a564-2aee215b35b7', 'overtime001:2:92d3bb6a-09c9-11ee-817c-2aee215b35b7', 'ffa761de-09c9-11ee-a564-2aee215b35b7', 'ffa7b001-09c9-11ee-a564-2aee215b35b7', 'sid-AEC3692B-6EDD-484B-B11F-A182226F32D0', NULL, NULL, NULL, 'startEvent', NULL, '2023-06-13 17:09:27.733', '2023-06-13 17:09:27.735', 2, NULL, '');
INSERT INTO `act_hi_actinst` (`ID_`, `PROC_DEF_ID_`, `PROC_INST_ID_`, `EXECUTION_ID_`, `ACT_ID_`, `TASK_ID_`, `CALL_PROC_INST_ID_`, `ACT_NAME_`, `ACT_TYPE_`, `ASSIGNEE_`, `START_TIME_`, `END_TIME_`, `DURATION_`, `DELETE_REASON_`, `TENANT_ID_`) VALUES ('ffa87353-09c9-11ee-a564-2aee215b35b7', 'overtime001:2:92d3bb6a-09c9-11ee-817c-2aee215b35b7', 'ffa761de-09c9-11ee-a564-2aee215b35b7', 'ffa7b001-09c9-11ee-a564-2aee215b35b7', 'sid-D98DB70A-1374-4CCB-9E52-DF2E6AD00574', NULL, NULL, NULL, 'exclusiveGateway', NULL, '2023-06-13 17:09:27.737', '2023-06-13 17:09:27.737', 0, NULL, '');
INSERT INTO `act_hi_actinst` (`ID_`, `PROC_DEF_ID_`, `PROC_INST_ID_`, `EXECUTION_ID_`, `ACT_ID_`, `TASK_ID_`, `CALL_PROC_INST_ID_`, `ACT_NAME_`, `ACT_TYPE_`, `ASSIGNEE_`, `START_TIME_`, `END_TIME_`, `DURATION_`, `DELETE_REASON_`, `TENANT_ID_`) VALUES ('ffa87354-09c9-11ee-a564-2aee215b35b7', 'overtime001:2:92d3bb6a-09c9-11ee-817c-2aee215b35b7', 'ffa761de-09c9-11ee-a564-2aee215b35b7', 'ffa7b001-09c9-11ee-a564-2aee215b35b7', 'sid-F35D0733-EE93-47A8-839D-B7D184A9C110', 'ffaa4815-09c9-11ee-a564-2aee215b35b7', NULL, 'General manager approval', 'userTask', 'gousheng', '2023-06-13 17:09:27.737', NULL, NULL, NULL, '');
COMMIT;

-- ----------------------------
-- Table structure for act_hi_attachment
-- ----------------------------
DROP TABLE IF EXISTS `act_hi_attachment`;
CREATE TABLE `act_hi_attachment` (
  `ID_` varchar(64) CHARACTER SET utf8 COLLATE utf8_bin NOT NULL,
  `REV_` int DEFAULT NULL,
  `USER_ID_` varchar(255) CHARACTER SET utf8 COLLATE utf8_bin DEFAULT NULL,
  `NAME_` varchar(255) CHARACTER SET utf8 COLLATE utf8_bin DEFAULT NULL,
  `DESCRIPTION_` varchar(4000) CHARACTER SET utf8 COLLATE utf8_bin DEFAULT NULL,
  `TYPE_` varchar(255) CHARACTER SET utf8 COLLATE utf8_bin DEFAULT NULL,
  `TASK_ID_` varchar(64) CHARACTER SET utf8 COLLATE utf8_bin DEFAULT NULL,
  `PROC_INST_ID_` varchar(64) CHARACTER SET utf8 COLLATE utf8_bin DEFAULT NULL,
  `URL_` varchar(4000) CHARACTER SET utf8 COLLATE utf8_bin DEFAULT NULL,
  `CONTENT_ID_` varchar(64) CHARACTER SET utf8 COLLATE utf8_bin DEFAULT NULL,
  `TIME_` datetime(3) DEFAULT NULL,
  PRIMARY KEY (`ID_`)
) ENGINE=InnoDB DEFAULT CHARSET=utf8mb3 COLLATE=utf8_bin;

-- ----------------------------
-- Records of act_hi_attachment
-- ----------------------------
BEGIN;
COMMIT;

-- ----------------------------
-- Table structure for act_hi_comment
-- ----------------------------
DROP TABLE IF EXISTS `act_hi_comment`;
CREATE TABLE `act_hi_comment` (
  `ID_` varchar(64) CHARACTER SET utf8 COLLATE utf8_bin NOT NULL,
  `TYPE_` varchar(255) CHARACTER SET utf8 COLLATE utf8_bin DEFAULT NULL,
  `TIME_` datetime(3) NOT NULL,
  `USER_ID_` varchar(255) CHARACTER SET utf8 COLLATE utf8_bin DEFAULT NULL,
  `TASK_ID_` varchar(64) CHARACTER SET utf8 COLLATE utf8_bin DEFAULT NULL,
  `PROC_INST_ID_` varchar(64) CHARACTER SET utf8 COLLATE utf8_bin DEFAULT NULL,
  `ACTION_` varchar(255) CHARACTER SET utf8 COLLATE utf8_bin DEFAULT NULL,
  `MESSAGE_` varchar(4000) CHARACTER SET utf8 COLLATE utf8_bin DEFAULT NULL,
  `FULL_MSG_` longblob,
  PRIMARY KEY (`ID_`)
) ENGINE=InnoDB DEFAULT CHARSET=utf8mb3 COLLATE=utf8_bin;

-- ----------------------------
-- Records of act_hi_comment
-- ----------------------------
BEGIN;
COMMIT;

-- ----------------------------
-- Table structure for act_hi_detail
-- ----------------------------
DROP TABLE IF EXISTS `act_hi_detail`;
CREATE TABLE `act_hi_detail` (
  `ID_` varchar(64) CHARACTER SET utf8 COLLATE utf8_bin NOT NULL,
  `TYPE_` varchar(255) CHARACTER SET utf8 COLLATE utf8_bin NOT NULL,
  `PROC_INST_ID_` varchar(64) CHARACTER SET utf8 COLLATE utf8_bin DEFAULT NULL,
  `EXECUTION_ID_` varchar(64) CHARACTER SET utf8 COLLATE utf8_bin DEFAULT NULL,
  `TASK_ID_` varchar(64) CHARACTER SET utf8 COLLATE utf8_bin DEFAULT NULL,
  `ACT_INST_ID_` varchar(64) CHARACTER SET utf8 COLLATE utf8_bin DEFAULT NULL,
  `NAME_` varchar(255) CHARACTER SET utf8 COLLATE utf8_bin NOT NULL,
  `VAR_TYPE_` varchar(255) CHARACTER SET utf8 COLLATE utf8_bin DEFAULT NULL,
  `REV_` int DEFAULT NULL,
  `TIME_` datetime(3) NOT NULL,
  `BYTEARRAY_ID_` varchar(64) CHARACTER SET utf8 COLLATE utf8_bin DEFAULT NULL,
  `DOUBLE_` double DEFAULT NULL,
  `LONG_` bigint DEFAULT NULL,
  `TEXT_` varchar(4000) CHARACTER SET utf8 COLLATE utf8_bin DEFAULT NULL,
  `TEXT2_` varchar(4000) CHARACTER SET utf8 COLLATE utf8_bin DEFAULT NULL,
  PRIMARY KEY (`ID_`),
  KEY `ACT_IDX_HI_DETAIL_PROC_INST` (`PROC_INST_ID_`),
  KEY `ACT_IDX_HI_DETAIL_ACT_INST` (`ACT_INST_ID_`),
  KEY `ACT_IDX_HI_DETAIL_TIME` (`TIME_`),
  KEY `ACT_IDX_HI_DETAIL_NAME` (`NAME_`),
  KEY `ACT_IDX_HI_DETAIL_TASK_ID` (`TASK_ID_`)
) ENGINE=InnoDB DEFAULT CHARSET=utf8mb3 COLLATE=utf8_bin;

-- ----------------------------
-- Records of act_hi_detail
-- ----------------------------
BEGIN;
INSERT INTO `act_hi_detail` (`ID_`, `TYPE_`, `PROC_INST_ID_`, `EXECUTION_ID_`, `TASK_ID_`, `ACT_INST_ID_`, `NAME_`, `VAR_TYPE_`, `REV_`, `TIME_`, `BYTEARRAY_ID_`, `DOUBLE_`, `LONG_`, `TEXT_`, `TEXT2_`) VALUES ('0b64c03e-09ca-11ee-89e6-2aee215b35b7', 'VariableUpdate', '0b64992c-09ca-11ee-89e6-2aee215b35b7', '0b64992c-09ca-11ee-89e6-2aee215b35b7', NULL, NULL, 'day', 'string', 0, '2023-06-13 17:09:47.426', NULL, NULL, NULL, '3', NULL);
INSERT INTO `act_hi_detail` (`ID_`, `TYPE_`, `PROC_INST_ID_`, `EXECUTION_ID_`, `TASK_ID_`, `ACT_INST_ID_`, `NAME_`, `VAR_TYPE_`, `REV_`, `TIME_`, `BYTEARRAY_ID_`, `DOUBLE_`, `LONG_`, `TEXT_`, `TEXT2_`) VALUES ('0b67f495-09ca-11ee-89e6-2aee215b35b7', 'VariableUpdate', '0b64992c-09ca-11ee-89e6-2aee215b35b7', '0b64e74f-09ca-11ee-89e6-2aee215b35b7', '0b675853-09ca-11ee-89e6-2aee215b35b7', NULL, 'day', 'string', 0, '2023-06-13 17:09:47.447', NULL, NULL, NULL, '3', NULL);
INSERT INTO `act_hi_detail` (`ID_`, `TYPE_`, `PROC_INST_ID_`, `EXECUTION_ID_`, `TASK_ID_`, `ACT_INST_ID_`, `NAME_`, `VAR_TYPE_`, `REV_`, `TIME_`, `BYTEARRAY_ID_`, `DOUBLE_`, `LONG_`, `TEXT_`, `TEXT2_`) VALUES ('245a7ff9-0923-11ee-8637-b60fbe4e0138', 'VariableUpdate', '245a58e7-0923-11ee-8637-b60fbe4e0138', '245a58e7-0923-11ee-8637-b60fbe4e0138', NULL, NULL, 'assignee1', 'string', 0, '2023-06-12 21:15:03.348', NULL, NULL, NULL, 'Lucy03', NULL);
INSERT INTO `act_hi_detail` (`ID_`, `TYPE_`, `PROC_INST_ID_`, `EXECUTION_ID_`, `TASK_ID_`, `ACT_INST_ID_`, `NAME_`, `VAR_TYPE_`, `REV_`, `TIME_`, `BYTEARRAY_ID_`, `DOUBLE_`, `LONG_`, `TEXT_`, `TEXT2_`) VALUES ('245d8d3f-0923-11ee-8637-b60fbe4e0138', 'VariableUpdate', '245a58e7-0923-11ee-8637-b60fbe4e0138', '245aa70a-0923-11ee-8637-b60fbe4e0138', '245cc9ed-0923-11ee-8637-b60fbe4e0138', NULL, 'assignee1', 'string', 0, '2023-06-12 21:15:03.368', NULL, NULL, NULL, 'Lucy03', NULL);
INSERT INTO `act_hi_detail` (`ID_`, `TYPE_`, `PROC_INST_ID_`, `EXECUTION_ID_`, `TASK_ID_`, `ACT_INST_ID_`, `NAME_`, `VAR_TYPE_`, `REV_`, `TIME_`, `BYTEARRAY_ID_`, `DOUBLE_`, `LONG_`, `TEXT_`, `TEXT2_`) VALUES ('2463796b-130f-11ee-a64b-6c6a7719157b', 'VariableUpdate', '358e8ad5-12a2-11ee-960f-6c6a7719157b', '358e8ad5-12a2-11ee-960f-6c6a7719157b', NULL, NULL, 'data', 'json', 1, '2023-06-25 12:17:05.100', NULL, NULL, NULL, '{\"days\":\"2\",\"reson\":\"\",\"end\":\"2023-06-03\",\"begin\":\"2023-06-01\"}', 'java.util.LinkedHashMap');
INSERT INTO `act_hi_detail` (`ID_`, `TYPE_`, `PROC_INST_ID_`, `EXECUTION_ID_`, `TASK_ID_`, `ACT_INST_ID_`, `NAME_`, `VAR_TYPE_`, `REV_`, `TIME_`, `BYTEARRAY_ID_`, `DOUBLE_`, `LONG_`, `TEXT_`, `TEXT2_`) VALUES ('247b6e3f-130f-11ee-a64b-6c6a7719157b', 'VariableUpdate', '358e8ad5-12a2-11ee-960f-6c6a7719157b', '358f7538-12a2-11ee-960f-6c6a7719157b', '2471350d-130f-11ee-a64b-6c6a7719157b', NULL, 'data', 'json', 0, '2023-06-25 12:17:05.257', NULL, NULL, NULL, '{\"days\":\"2\",\"reson\":\"\",\"end\":\"2023-06-03\",\"begin\":\"2023-06-01\"}', 'java.util.LinkedHashMap');
INSERT INTO `act_hi_detail` (`ID_`, `TYPE_`, `PROC_INST_ID_`, `EXECUTION_ID_`, `TASK_ID_`, `ACT_INST_ID_`, `NAME_`, `VAR_TYPE_`, `REV_`, `TIME_`, `BYTEARRAY_ID_`, `DOUBLE_`, `LONG_`, `TEXT_`, `TEXT2_`) VALUES ('29c36357-0923-11ee-abdf-b60fbe4e0138', 'VariableUpdate', '245a58e7-0923-11ee-8637-b60fbe4e0138', '245a58e7-0923-11ee-8637-b60fbe4e0138', NULL, '245b434c-0923-11ee-8637-b60fbe4e0138', 'assignee2', 'string', 0, '2023-06-12 21:15:12.423', NULL, NULL, NULL, 'zhao', NULL);
INSERT INTO `act_hi_detail` (`ID_`, `TYPE_`, `PROC_INST_ID_`, `EXECUTION_ID_`, `TASK_ID_`, `ACT_INST_ID_`, `NAME_`, `VAR_TYPE_`, `REV_`, `TIME_`, `BYTEARRAY_ID_`, `DOUBLE_`, `LONG_`, `TEXT_`, `TEXT2_`) VALUES ('29c733e8-0923-11ee-abdf-b60fbe4e0138', 'VariableUpdate', '245a58e7-0923-11ee-8637-b60fbe4e0138', '245a58e7-0923-11ee-8637-b60fbe4e0138', NULL, NULL, 'assignee1', 'string', 1, '2023-06-12 21:15:12.449', NULL, NULL, NULL, 'Lucy03', NULL);
INSERT INTO `act_hi_detail` (`ID_`, `TYPE_`, `PROC_INST_ID_`, `EXECUTION_ID_`, `TASK_ID_`, `ACT_INST_ID_`, `NAME_`, `VAR_TYPE_`, `REV_`, `TIME_`, `BYTEARRAY_ID_`, `DOUBLE_`, `LONG_`, `TEXT_`, `TEXT2_`) VALUES ('29ca8f4c-0923-11ee-abdf-b60fbe4e0138', 'VariableUpdate', '245a58e7-0923-11ee-8637-b60fbe4e0138', '245aa70a-0923-11ee-8637-b60fbe4e0138', '29c9f30a-0923-11ee-abdf-b60fbe4e0138', NULL, 'assignee2', 'string', 0, '2023-06-12 21:15:12.471', NULL, NULL, NULL, 'zhao', NULL);
INSERT INTO `act_hi_detail` (`ID_`, `TYPE_`, `PROC_INST_ID_`, `EXECUTION_ID_`, `TASK_ID_`, `ACT_INST_ID_`, `NAME_`, `VAR_TYPE_`, `REV_`, `TIME_`, `BYTEARRAY_ID_`, `DOUBLE_`, `LONG_`, `TEXT_`, `TEXT2_`) VALUES ('29ca8f4e-0923-11ee-abdf-b60fbe4e0138', 'VariableUpdate', '245a58e7-0923-11ee-8637-b60fbe4e0138', '245aa70a-0923-11ee-8637-b60fbe4e0138', '29c9f30a-0923-11ee-abdf-b60fbe4e0138', NULL, 'assignee1', 'string', 0, '2023-06-12 21:15:12.471', NULL, NULL, NULL, 'Lucy03', NULL);
INSERT INTO `act_hi_detail` (`ID_`, `TYPE_`, `PROC_INST_ID_`, `EXECUTION_ID_`, `TASK_ID_`, `ACT_INST_ID_`, `NAME_`, `VAR_TYPE_`, `REV_`, `TIME_`, `BYTEARRAY_ID_`, `DOUBLE_`, `LONG_`, `TEXT_`, `TEXT2_`) VALUES ('358f2717-12a2-11ee-960f-6c6a7719157b', 'VariableUpdate', '358e8ad5-12a2-11ee-960f-6c6a7719157b', '358e8ad5-12a2-11ee-960f-6c6a7719157b', NULL, NULL, 'data', 'json', 0, '2023-06-24 23:17:18.764', NULL, NULL, NULL, '{\"days\":\"2\",\"reson\":\"\",\"end\":\"2023-06-03\",\"begin\":\"2023-06-01\"}', 'java.util.HashMap');
INSERT INTO `act_hi_detail` (`ID_`, `TYPE_`, `PROC_INST_ID_`, `EXECUTION_ID_`, `TASK_ID_`, `ACT_INST_ID_`, `NAME_`, `VAR_TYPE_`, `REV_`, `TIME_`, `BYTEARRAY_ID_`, `DOUBLE_`, `LONG_`, `TEXT_`, `TEXT2_`) VALUES ('359827cd-12a2-11ee-960f-6c6a7719157b', 'VariableUpdate', '358e8ad5-12a2-11ee-960f-6c6a7719157b', '358f7538-12a2-11ee-960f-6c6a7719157b', '35951a8b-12a2-11ee-960f-6c6a7719157b', NULL, 'data', 'json', 0, '2023-06-24 23:17:18.823', NULL, NULL, NULL, '{\"days\":\"2\",\"reson\":\"\",\"end\":\"2023-06-03\",\"begin\":\"2023-06-01\"}', 'java.util.LinkedHashMap');
INSERT INTO `act_hi_detail` (`ID_`, `TYPE_`, `PROC_INST_ID_`, `EXECUTION_ID_`, `TASK_ID_`, `ACT_INST_ID_`, `NAME_`, `VAR_TYPE_`, `REV_`, `TIME_`, `BYTEARRAY_ID_`, `DOUBLE_`, `LONG_`, `TEXT_`, `TEXT2_`) VALUES ('4141f0b9-09cd-11ee-a2d5-2aee215b35b7', 'VariableUpdate', '4141c9a7-09cd-11ee-a2d5-2aee215b35b7', '4141c9a7-09cd-11ee-a2d5-2aee215b35b7', NULL, NULL, 'day', 'string', 0, '2023-06-13 17:32:46.285', NULL, NULL, NULL, '3', NULL);
INSERT INTO `act_hi_detail` (`ID_`, `TYPE_`, `PROC_INST_ID_`, `EXECUTION_ID_`, `TASK_ID_`, `ACT_INST_ID_`, `NAME_`, `VAR_TYPE_`, `REV_`, `TIME_`, `BYTEARRAY_ID_`, `DOUBLE_`, `LONG_`, `TEXT_`, `TEXT2_`) VALUES ('41460f73-09cd-11ee-a2d5-2aee215b35b7', 'VariableUpdate', '4141c9a7-09cd-11ee-a2d5-2aee215b35b7', '4143775d-09cd-11ee-a2d5-2aee215b35b7', '41454c21-09cd-11ee-a2d5-2aee215b35b7', NULL, 'day', 'string', 0, '2023-06-13 17:32:46.312', NULL, NULL, NULL, '3', NULL);
INSERT INTO `act_hi_detail` (`ID_`, `TYPE_`, `PROC_INST_ID_`, `EXECUTION_ID_`, `TASK_ID_`, `ACT_INST_ID_`, `NAME_`, `VAR_TYPE_`, `REV_`, `TIME_`, `BYTEARRAY_ID_`, `DOUBLE_`, `LONG_`, `TEXT_`, `TEXT2_`) VALUES ('41479616-09cd-11ee-a2d5-2aee215b35b7', 'VariableUpdate', '4141c9a7-09cd-11ee-a2d5-2aee215b35b7', '414217ca-09cd-11ee-a2d5-2aee215b35b7', '4145250f-09cd-11ee-a2d5-2aee215b35b7', NULL, 'day', 'string', 0, '2023-06-13 17:32:46.322', NULL, NULL, NULL, '3', NULL);
INSERT INTO `act_hi_detail` (`ID_`, `TYPE_`, `PROC_INST_ID_`, `EXECUTION_ID_`, `TASK_ID_`, `ACT_INST_ID_`, `NAME_`, `VAR_TYPE_`, `REV_`, `TIME_`, `BYTEARRAY_ID_`, `DOUBLE_`, `LONG_`, `TEXT_`, `TEXT2_`) VALUES ('6b2b7f3a-0920-11ee-b7b6-b60fbe4e0138', 'VariableUpdate', '6b2b3118-0920-11ee-b7b6-b60fbe4e0138', '6b2b3118-0920-11ee-b7b6-b60fbe4e0138', NULL, NULL, 'assignee2', 'string', 0, '2023-06-12 20:55:33.668', NULL, NULL, NULL, 'Mack01', NULL);
INSERT INTO `act_hi_detail` (`ID_`, `TYPE_`, `PROC_INST_ID_`, `EXECUTION_ID_`, `TASK_ID_`, `ACT_INST_ID_`, `NAME_`, `VAR_TYPE_`, `REV_`, `TIME_`, `BYTEARRAY_ID_`, `DOUBLE_`, `LONG_`, `TEXT_`, `TEXT2_`) VALUES ('6b2ba64c-0920-11ee-b7b6-b60fbe4e0138', 'VariableUpdate', '6b2b3118-0920-11ee-b7b6-b60fbe4e0138', '6b2b3118-0920-11ee-b7b6-b60fbe4e0138', NULL, NULL, 'assignee1', 'string', 0, '2023-06-12 20:55:33.669', NULL, NULL, NULL, 'Lucy01', NULL);
INSERT INTO `act_hi_detail` (`ID_`, `TYPE_`, `PROC_INST_ID_`, `EXECUTION_ID_`, `TASK_ID_`, `ACT_INST_ID_`, `NAME_`, `VAR_TYPE_`, `REV_`, `TIME_`, `BYTEARRAY_ID_`, `DOUBLE_`, `LONG_`, `TEXT_`, `TEXT2_`) VALUES ('6b2eb292-0920-11ee-b7b6-b60fbe4e0138', 'VariableUpdate', '6b2b3118-0920-11ee-b7b6-b60fbe4e0138', '6b2ba64d-0920-11ee-b7b6-b60fbe4e0138', '6b2def40-0920-11ee-b7b6-b60fbe4e0138', NULL, 'assignee2', 'string', 0, '2023-06-12 20:55:33.689', NULL, NULL, NULL, 'Mack01', NULL);
INSERT INTO `act_hi_detail` (`ID_`, `TYPE_`, `PROC_INST_ID_`, `EXECUTION_ID_`, `TASK_ID_`, `ACT_INST_ID_`, `NAME_`, `VAR_TYPE_`, `REV_`, `TIME_`, `BYTEARRAY_ID_`, `DOUBLE_`, `LONG_`, `TEXT_`, `TEXT2_`) VALUES ('6b2eb294-0920-11ee-b7b6-b60fbe4e0138', 'VariableUpdate', '6b2b3118-0920-11ee-b7b6-b60fbe4e0138', '6b2ba64d-0920-11ee-b7b6-b60fbe4e0138', '6b2def40-0920-11ee-b7b6-b60fbe4e0138', NULL, 'assignee1', 'string', 0, '2023-06-12 20:55:33.689', NULL, NULL, NULL, 'Lucy01', NULL);
INSERT INTO `act_hi_detail` (`ID_`, `TYPE_`, `PROC_INST_ID_`, `EXECUTION_ID_`, `TASK_ID_`, `ACT_INST_ID_`, `NAME_`, `VAR_TYPE_`, `REV_`, `TIME_`, `BYTEARRAY_ID_`, `DOUBLE_`, `LONG_`, `TEXT_`, `TEXT2_`) VALUES ('714ad852-09cd-11ee-b620-2aee215b35b7', 'VariableUpdate', '714ab140-09cd-11ee-b620-2aee215b35b7', '714ab140-09cd-11ee-b620-2aee215b35b7', NULL, NULL, 'day', 'string', 0, '2023-06-13 17:34:06.874', NULL, NULL, NULL, '3', NULL);
INSERT INTO `act_hi_detail` (`ID_`, `TYPE_`, `PROC_INST_ID_`, `EXECUTION_ID_`, `TASK_ID_`, `ACT_INST_ID_`, `NAME_`, `VAR_TYPE_`, `REV_`, `TIME_`, `BYTEARRAY_ID_`, `DOUBLE_`, `LONG_`, `TEXT_`, `TEXT2_`) VALUES ('714ea8ec-09cd-11ee-b620-2aee215b35b7', 'VariableUpdate', '714ab140-09cd-11ee-b620-2aee215b35b7', '714c37e6-09cd-11ee-b620-2aee215b35b7', '714e0caa-09cd-11ee-b620-2aee215b35b7', NULL, 'day', 'string', 0, '2023-06-13 17:34:06.899', NULL, NULL, NULL, '3', NULL);
INSERT INTO `act_hi_detail` (`ID_`, `TYPE_`, `PROC_INST_ID_`, `EXECUTION_ID_`, `TASK_ID_`, `ACT_INST_ID_`, `NAME_`, `VAR_TYPE_`, `REV_`, `TIME_`, `BYTEARRAY_ID_`, `DOUBLE_`, `LONG_`, `TEXT_`, `TEXT2_`) VALUES ('714f1e1f-09cd-11ee-b620-2aee215b35b7', 'VariableUpdate', '714ab140-09cd-11ee-b620-2aee215b35b7', '714aff63-09cd-11ee-b620-2aee215b35b7', '714e0ca8-09cd-11ee-b620-2aee215b35b7', NULL, 'day', 'string', 0, '2023-06-13 17:34:06.901', NULL, NULL, NULL, '3', NULL);
INSERT INTO `act_hi_detail` (`ID_`, `TYPE_`, `PROC_INST_ID_`, `EXECUTION_ID_`, `TASK_ID_`, `ACT_INST_ID_`, `NAME_`, `VAR_TYPE_`, `REV_`, `TIME_`, `BYTEARRAY_ID_`, `DOUBLE_`, `LONG_`, `TEXT_`, `TEXT2_`) VALUES ('851ca833-09cc-11ee-a8fc-2aee215b35b7', 'VariableUpdate', '851c5a11-09cc-11ee-a8fc-2aee215b35b7', '851c5a11-09cc-11ee-a8fc-2aee215b35b7', NULL, NULL, 'day', 'string', 0, '2023-06-13 17:27:30.629', NULL, NULL, NULL, '3', NULL);
INSERT INTO `act_hi_detail` (`ID_`, `TYPE_`, `PROC_INST_ID_`, `EXECUTION_ID_`, `TASK_ID_`, `ACT_INST_ID_`, `NAME_`, `VAR_TYPE_`, `REV_`, `TIME_`, `BYTEARRAY_ID_`, `DOUBLE_`, `LONG_`, `TEXT_`, `TEXT2_`) VALUES ('85209fdd-09cc-11ee-a8fc-2aee215b35b7', 'VariableUpdate', '851c5a11-09cc-11ee-a8fc-2aee215b35b7', '851e2ed7-09cc-11ee-a8fc-2aee215b35b7', '8520039b-09cc-11ee-a8fc-2aee215b35b7', NULL, 'day', 'string', 0, '2023-06-13 17:27:30.655', NULL, NULL, NULL, '3', NULL);
INSERT INTO `act_hi_detail` (`ID_`, `TYPE_`, `PROC_INST_ID_`, `EXECUTION_ID_`, `TASK_ID_`, `ACT_INST_ID_`, `NAME_`, `VAR_TYPE_`, `REV_`, `TIME_`, `BYTEARRAY_ID_`, `DOUBLE_`, `LONG_`, `TEXT_`, `TEXT2_`) VALUES ('85213c20-09cc-11ee-a8fc-2aee215b35b7', 'VariableUpdate', '851c5a11-09cc-11ee-a8fc-2aee215b35b7', '851ccf44-09cc-11ee-a8fc-2aee215b35b7', '85200399-09cc-11ee-a8fc-2aee215b35b7', NULL, 'day', 'string', 0, '2023-06-13 17:27:30.659', NULL, NULL, NULL, '3', NULL);
INSERT INTO `act_hi_detail` (`ID_`, `TYPE_`, `PROC_INST_ID_`, `EXECUTION_ID_`, `TASK_ID_`, `ACT_INST_ID_`, `NAME_`, `VAR_TYPE_`, `REV_`, `TIME_`, `BYTEARRAY_ID_`, `DOUBLE_`, `LONG_`, `TEXT_`, `TEXT2_`) VALUES ('a1efb8d8-09ca-11ee-a1d9-2aee215b35b7', 'VariableUpdate', 'a1ef91c6-09ca-11ee-a1d9-2aee215b35b7', 'a1ef91c6-09ca-11ee-a1d9-2aee215b35b7', NULL, NULL, 'day', 'string', 0, '2023-06-13 17:13:59.995', NULL, NULL, NULL, '3', NULL);
INSERT INTO `act_hi_detail` (`ID_`, `TYPE_`, `PROC_INST_ID_`, `EXECUTION_ID_`, `TASK_ID_`, `ACT_INST_ID_`, `NAME_`, `VAR_TYPE_`, `REV_`, `TIME_`, `BYTEARRAY_ID_`, `DOUBLE_`, `LONG_`, `TEXT_`, `TEXT2_`) VALUES ('a1f29f0f-09ca-11ee-a1d9-2aee215b35b7', 'VariableUpdate', 'a1ef91c6-09ca-11ee-a1d9-2aee215b35b7', 'a1efdfe9-09ca-11ee-a1d9-2aee215b35b7', 'a1f202cd-09ca-11ee-a1d9-2aee215b35b7', NULL, 'day', 'string', 0, '2023-06-13 17:14:00.014', NULL, NULL, NULL, '3', NULL);
INSERT INTO `act_hi_detail` (`ID_`, `TYPE_`, `PROC_INST_ID_`, `EXECUTION_ID_`, `TASK_ID_`, `ACT_INST_ID_`, `NAME_`, `VAR_TYPE_`, `REV_`, `TIME_`, `BYTEARRAY_ID_`, `DOUBLE_`, `LONG_`, `TEXT_`, `TEXT2_`) VALUES ('afbdbd8c-09cc-11ee-b40d-2aee215b35b7', 'VariableUpdate', '851c5a11-09cc-11ee-a8fc-2aee215b35b7', '851c5a11-09cc-11ee-a8fc-2aee215b35b7', NULL, NULL, 'day', 'string', 1, '2023-06-13 17:28:42.149', NULL, NULL, NULL, '3', NULL);
INSERT INTO `act_hi_detail` (`ID_`, `TYPE_`, `PROC_INST_ID_`, `EXECUTION_ID_`, `TASK_ID_`, `ACT_INST_ID_`, `NAME_`, `VAR_TYPE_`, `REV_`, `TIME_`, `BYTEARRAY_ID_`, `DOUBLE_`, `LONG_`, `TEXT_`, `TEXT2_`) VALUES ('ce752af1-133a-11ee-a64b-6c6a7719157b', 'VariableUpdate', '358e8ad5-12a2-11ee-960f-6c6a7719157b', '358e8ad5-12a2-11ee-960f-6c6a7719157b', NULL, NULL, 'data', 'json', 2, '2023-06-25 17:29:38.788', NULL, NULL, NULL, '{\"days\":\"2\",\"reson\":\"\",\"end\":\"2023-06-03\",\"begin\":\"2023-06-01\"}', 'java.util.LinkedHashMap');
INSERT INTO `act_hi_detail` (`ID_`, `TYPE_`, `PROC_INST_ID_`, `EXECUTION_ID_`, `TASK_ID_`, `ACT_INST_ID_`, `NAME_`, `VAR_TYPE_`, `REV_`, `TIME_`, `BYTEARRAY_ID_`, `DOUBLE_`, `LONG_`, `TEXT_`, `TEXT2_`) VALUES ('d36f9ef2-09cc-11ee-9240-2aee215b35b7', 'VariableUpdate', '851c5a11-09cc-11ee-a8fc-2aee215b35b7', '851c5a11-09cc-11ee-a8fc-2aee215b35b7', NULL, NULL, 'day', 'string', 1, '2023-06-13 17:29:42.035', NULL, NULL, NULL, '3', NULL);
INSERT INTO `act_hi_detail` (`ID_`, `TYPE_`, `PROC_INST_ID_`, `EXECUTION_ID_`, `TASK_ID_`, `ACT_INST_ID_`, `NAME_`, `VAR_TYPE_`, `REV_`, `TIME_`, `BYTEARRAY_ID_`, `DOUBLE_`, `LONG_`, `TEXT_`, `TEXT2_`) VALUES ('d375e087-09cc-11ee-9240-2aee215b35b7', 'VariableUpdate', '851c5a11-09cc-11ee-a8fc-2aee215b35b7', '851ccf44-09cc-11ee-a8fc-2aee215b35b7', 'd3756b55-09cc-11ee-9240-2aee215b35b7', NULL, 'day', 'string', 0, '2023-06-13 17:29:42.076', NULL, NULL, NULL, '3', NULL);
INSERT INTO `act_hi_detail` (`ID_`, `TYPE_`, `PROC_INST_ID_`, `EXECUTION_ID_`, `TASK_ID_`, `ACT_INST_ID_`, `NAME_`, `VAR_TYPE_`, `REV_`, `TIME_`, `BYTEARRAY_ID_`, `DOUBLE_`, `LONG_`, `TEXT_`, `TEXT2_`) VALUES ('ef50c42a-09cc-11ee-ab1f-2aee215b35b7', 'VariableUpdate', '851c5a11-09cc-11ee-a8fc-2aee215b35b7', '851c5a11-09cc-11ee-a8fc-2aee215b35b7', NULL, NULL, 'day', 'string', 1, '2023-06-13 17:30:28.809', NULL, NULL, NULL, '3', NULL);
INSERT INTO `act_hi_detail` (`ID_`, `TYPE_`, `PROC_INST_ID_`, `EXECUTION_ID_`, `TASK_ID_`, `ACT_INST_ID_`, `NAME_`, `VAR_TYPE_`, `REV_`, `TIME_`, `BYTEARRAY_ID_`, `DOUBLE_`, `LONG_`, `TEXT_`, `TEXT2_`) VALUES ('ffa788f0-09c9-11ee-a564-2aee215b35b7', 'VariableUpdate', 'ffa761de-09c9-11ee-a564-2aee215b35b7', 'ffa761de-09c9-11ee-a564-2aee215b35b7', NULL, NULL, 'day', 'string', 0, '2023-06-13 17:09:27.731', NULL, NULL, NULL, '2', NULL);
INSERT INTO `act_hi_detail` (`ID_`, `TYPE_`, `PROC_INST_ID_`, `EXECUTION_ID_`, `TASK_ID_`, `ACT_INST_ID_`, `NAME_`, `VAR_TYPE_`, `REV_`, `TIME_`, `BYTEARRAY_ID_`, `DOUBLE_`, `LONG_`, `TEXT_`, `TEXT2_`) VALUES ('ffabceb7-09c9-11ee-a564-2aee215b35b7', 'VariableUpdate', 'ffa761de-09c9-11ee-a564-2aee215b35b7', 'ffa7b001-09c9-11ee-a564-2aee215b35b7', 'ffaa4815-09c9-11ee-a564-2aee215b35b7', NULL, 'day', 'string', 0, '2023-06-13 17:09:27.759', NULL, NULL, NULL, '2', NULL);
COMMIT;

-- ----------------------------
-- Table structure for act_hi_identitylink
-- ----------------------------
DROP TABLE IF EXISTS `act_hi_identitylink`;
CREATE TABLE `act_hi_identitylink` (
  `ID_` varchar(64) CHARACTER SET utf8 COLLATE utf8_bin NOT NULL,
  `GROUP_ID_` varchar(255) CHARACTER SET utf8 COLLATE utf8_bin DEFAULT NULL,
  `TYPE_` varchar(255) CHARACTER SET utf8 COLLATE utf8_bin DEFAULT NULL,
  `USER_ID_` varchar(255) CHARACTER SET utf8 COLLATE utf8_bin DEFAULT NULL,
  `TASK_ID_` varchar(64) CHARACTER SET utf8 COLLATE utf8_bin DEFAULT NULL,
  `PROC_INST_ID_` varchar(64) CHARACTER SET utf8 COLLATE utf8_bin DEFAULT NULL,
  PRIMARY KEY (`ID_`),
  KEY `ACT_IDX_HI_IDENT_LNK_USER` (`USER_ID_`),
  KEY `ACT_IDX_HI_IDENT_LNK_TASK` (`TASK_ID_`),
  KEY `ACT_IDX_HI_IDENT_LNK_PROCINST` (`PROC_INST_ID_`)
) ENGINE=InnoDB DEFAULT CHARSET=utf8mb3 COLLATE=utf8_bin;

-- ----------------------------
-- Records of act_hi_identitylink
-- ----------------------------
BEGIN;
INSERT INTO `act_hi_identitylink` (`ID_`, `GROUP_ID_`, `TYPE_`, `USER_ID_`, `TASK_ID_`, `PROC_INST_ID_`) VALUES ('0b681ba6-09ca-11ee-89e6-2aee215b35b7', NULL, 'participant', 'gousheng', NULL, '0b64992c-09ca-11ee-89e6-2aee215b35b7');
INSERT INTO `act_hi_identitylink` (`ID_`, `GROUP_ID_`, `TYPE_`, `USER_ID_`, `TASK_ID_`, `PROC_INST_ID_`) VALUES ('245ddb60-0923-11ee-8637-b60fbe4e0138', NULL, 'participant', 'Lucy03', NULL, '245a58e7-0923-11ee-8637-b60fbe4e0138');
INSERT INTO `act_hi_identitylink` (`ID_`, `GROUP_ID_`, `TYPE_`, `USER_ID_`, `TASK_ID_`, `PROC_INST_ID_`) VALUES ('247f3ed0-130f-11ee-a64b-6c6a7719157b', NULL, 'participant', 'lisi', NULL, '358e8ad5-12a2-11ee-960f-6c6a7719157b');
INSERT INTO `act_hi_identitylink` (`ID_`, `GROUP_ID_`, `TYPE_`, `USER_ID_`, `TASK_ID_`, `PROC_INST_ID_`) VALUES ('29cb2b8f-0923-11ee-abdf-b60fbe4e0138', NULL, 'participant', 'zhao', NULL, '245a58e7-0923-11ee-8637-b60fbe4e0138');
INSERT INTO `act_hi_identitylink` (`ID_`, `GROUP_ID_`, `TYPE_`, `USER_ID_`, `TASK_ID_`, `PROC_INST_ID_`) VALUES ('33fb654b-09c3-11ee-84f1-2aee215b35b7', NULL, 'candidate', 'tom01', '33faa1fa-09c3-11ee-84f1-2aee215b35b7', NULL);
INSERT INTO `act_hi_identitylink` (`ID_`, `GROUP_ID_`, `TYPE_`, `USER_ID_`, `TASK_ID_`, `PROC_INST_ID_`) VALUES ('33fb8c5c-09c3-11ee-84f1-2aee215b35b7', NULL, 'participant', 'tom01', NULL, '33f830f6-09c3-11ee-84f1-2aee215b35b7');
INSERT INTO `act_hi_identitylink` (`ID_`, `GROUP_ID_`, `TYPE_`, `USER_ID_`, `TASK_ID_`, `PROC_INST_ID_`) VALUES ('33fb8c5d-09c3-11ee-84f1-2aee215b35b7', NULL, 'candidate', 'tom02', '33faa1fa-09c3-11ee-84f1-2aee215b35b7', NULL);
INSERT INTO `act_hi_identitylink` (`ID_`, `GROUP_ID_`, `TYPE_`, `USER_ID_`, `TASK_ID_`, `PROC_INST_ID_`) VALUES ('33fb8c5e-09c3-11ee-84f1-2aee215b35b7', NULL, 'participant', 'tom02', NULL, '33f830f6-09c3-11ee-84f1-2aee215b35b7');
INSERT INTO `act_hi_identitylink` (`ID_`, `GROUP_ID_`, `TYPE_`, `USER_ID_`, `TASK_ID_`, `PROC_INST_ID_`) VALUES ('359827ce-12a2-11ee-960f-6c6a7719157b', NULL, 'participant', 'zhangsan', NULL, '358e8ad5-12a2-11ee-960f-6c6a7719157b');
INSERT INTO `act_hi_identitylink` (`ID_`, `GROUP_ID_`, `TYPE_`, `USER_ID_`, `TASK_ID_`, `PROC_INST_ID_`) VALUES ('41460f74-09cd-11ee-a2d5-2aee215b35b7', NULL, 'participant', 'gouwa', NULL, '4141c9a7-09cd-11ee-a2d5-2aee215b35b7');
INSERT INTO `act_hi_identitylink` (`ID_`, `GROUP_ID_`, `TYPE_`, `USER_ID_`, `TASK_ID_`, `PROC_INST_ID_`) VALUES ('41479617-09cd-11ee-a2d5-2aee215b35b7', NULL, 'participant', 'wang5', NULL, '4141c9a7-09cd-11ee-a2d5-2aee215b35b7');
INSERT INTO `act_hi_identitylink` (`ID_`, `GROUP_ID_`, `TYPE_`, `USER_ID_`, `TASK_ID_`, `PROC_INST_ID_`) VALUES ('6b2f00b5-0920-11ee-b7b6-b60fbe4e0138', NULL, 'participant', 'Lucy01', NULL, '6b2b3118-0920-11ee-b7b6-b60fbe4e0138');
INSERT INTO `act_hi_identitylink` (`ID_`, `GROUP_ID_`, `TYPE_`, `USER_ID_`, `TASK_ID_`, `PROC_INST_ID_`) VALUES ('714ea8ed-09cd-11ee-b620-2aee215b35b7', NULL, 'participant', 'gouwa', NULL, '714ab140-09cd-11ee-b620-2aee215b35b7');
INSERT INTO `act_hi_identitylink` (`ID_`, `GROUP_ID_`, `TYPE_`, `USER_ID_`, `TASK_ID_`, `PROC_INST_ID_`) VALUES ('714f1e20-09cd-11ee-b620-2aee215b35b7', NULL, 'participant', 'wang5', NULL, '714ab140-09cd-11ee-b620-2aee215b35b7');
INSERT INTO `act_hi_identitylink` (`ID_`, `GROUP_ID_`, `TYPE_`, `USER_ID_`, `TASK_ID_`, `PROC_INST_ID_`) VALUES ('8520c6ee-09cc-11ee-a8fc-2aee215b35b7', NULL, 'participant', 'gouwa', NULL, '851c5a11-09cc-11ee-a8fc-2aee215b35b7');
INSERT INTO `act_hi_identitylink` (`ID_`, `GROUP_ID_`, `TYPE_`, `USER_ID_`, `TASK_ID_`, `PROC_INST_ID_`) VALUES ('85213c21-09cc-11ee-a8fc-2aee215b35b7', NULL, 'participant', 'wang5', NULL, '851c5a11-09cc-11ee-a8fc-2aee215b35b7');
INSERT INTO `act_hi_identitylink` (`ID_`, `GROUP_ID_`, `TYPE_`, `USER_ID_`, `TASK_ID_`, `PROC_INST_ID_`) VALUES ('99e2fbbc-09c9-11ee-b45a-2aee215b35b7', NULL, 'participant', 'gousheng', NULL, '99e01586-09c9-11ee-b45a-2aee215b35b7');
INSERT INTO `act_hi_identitylink` (`ID_`, `GROUP_ID_`, `TYPE_`, `USER_ID_`, `TASK_ID_`, `PROC_INST_ID_`) VALUES ('a1f2c620-09ca-11ee-a1d9-2aee215b35b7', NULL, 'participant', 'gousheng', NULL, 'a1ef91c6-09ca-11ee-a1d9-2aee215b35b7');
INSERT INTO `act_hi_identitylink` (`ID_`, `GROUP_ID_`, `TYPE_`, `USER_ID_`, `TASK_ID_`, `PROC_INST_ID_`) VALUES ('aaade5b9-09c3-11ee-92f2-2aee215b35b7', NULL, 'candidate', 'rose01', 'aaac3808-09c3-11ee-92f2-2aee215b35b7', NULL);
INSERT INTO `act_hi_identitylink` (`ID_`, `GROUP_ID_`, `TYPE_`, `USER_ID_`, `TASK_ID_`, `PROC_INST_ID_`) VALUES ('aaae5aea-09c3-11ee-92f2-2aee215b35b7', NULL, 'participant', 'rose01', NULL, '33f830f6-09c3-11ee-84f1-2aee215b35b7');
INSERT INTO `act_hi_identitylink` (`ID_`, `GROUP_ID_`, `TYPE_`, `USER_ID_`, `TASK_ID_`, `PROC_INST_ID_`) VALUES ('aaae5aeb-09c3-11ee-92f2-2aee215b35b7', NULL, 'candidate', 'rose02', 'aaac3808-09c3-11ee-92f2-2aee215b35b7', NULL);
INSERT INTO `act_hi_identitylink` (`ID_`, `GROUP_ID_`, `TYPE_`, `USER_ID_`, `TASK_ID_`, `PROC_INST_ID_`) VALUES ('aaae5aec-09c3-11ee-92f2-2aee215b35b7', NULL, 'participant', 'rose02', NULL, '33f830f6-09c3-11ee-84f1-2aee215b35b7');
INSERT INTO `act_hi_identitylink` (`ID_`, `GROUP_ID_`, `TYPE_`, `USER_ID_`, `TASK_ID_`, `PROC_INST_ID_`) VALUES ('d37655b8-09cc-11ee-9240-2aee215b35b7', NULL, 'participant', 'xiaoli', NULL, '851c5a11-09cc-11ee-a8fc-2aee215b35b7');
INSERT INTO `act_hi_identitylink` (`ID_`, `GROUP_ID_`, `TYPE_`, `USER_ID_`, `TASK_ID_`, `PROC_INST_ID_`) VALUES ('ffabceb8-09c9-11ee-a564-2aee215b35b7', NULL, 'participant', 'gousheng', NULL, 'ffa761de-09c9-11ee-a564-2aee215b35b7');
COMMIT;

-- ----------------------------
-- Table structure for act_hi_procinst
-- ----------------------------
DROP TABLE IF EXISTS `act_hi_procinst`;
CREATE TABLE `act_hi_procinst` (
  `ID_` varchar(64) CHARACTER SET utf8 COLLATE utf8_bin NOT NULL,
  `PROC_INST_ID_` varchar(64) CHARACTER SET utf8 COLLATE utf8_bin NOT NULL,
  `BUSINESS_KEY_` varchar(255) CHARACTER SET utf8 COLLATE utf8_bin DEFAULT NULL,
  `PROC_DEF_ID_` varchar(64) CHARACTER SET utf8 COLLATE utf8_bin NOT NULL,
  `START_TIME_` datetime(3) NOT NULL,
  `END_TIME_` datetime(3) DEFAULT NULL,
  `DURATION_` bigint DEFAULT NULL,
  `START_USER_ID_` varchar(255) CHARACTER SET utf8 COLLATE utf8_bin DEFAULT NULL,
  `START_ACT_ID_` varchar(255) CHARACTER SET utf8 COLLATE utf8_bin DEFAULT NULL,
  `END_ACT_ID_` varchar(255) CHARACTER SET utf8 COLLATE utf8_bin DEFAULT NULL,
  `SUPER_PROCESS_INSTANCE_ID_` varchar(64) CHARACTER SET utf8 COLLATE utf8_bin DEFAULT NULL,
  `DELETE_REASON_` varchar(4000) CHARACTER SET utf8 COLLATE utf8_bin DEFAULT NULL,
  `TENANT_ID_` varchar(255) CHARACTER SET utf8 COLLATE utf8_bin DEFAULT '',
  `NAME_` varchar(255) CHARACTER SET utf8 COLLATE utf8_bin DEFAULT NULL,
  PRIMARY KEY (`ID_`),
  UNIQUE KEY `PROC_INST_ID_` (`PROC_INST_ID_`),
  KEY `ACT_IDX_HI_PRO_INST_END` (`END_TIME_`),
  KEY `ACT_IDX_HI_PRO_I_BUSKEY` (`BUSINESS_KEY_`)
) ENGINE=InnoDB DEFAULT CHARSET=utf8mb3 COLLATE=utf8_bin;

-- ----------------------------
-- Records of act_hi_procinst
-- ----------------------------
BEGIN;
INSERT INTO `act_hi_procinst` (`ID_`, `PROC_INST_ID_`, `BUSINESS_KEY_`, `PROC_DEF_ID_`, `START_TIME_`, `END_TIME_`, `DURATION_`, `START_USER_ID_`, `START_ACT_ID_`, `END_ACT_ID_`, `SUPER_PROCESS_INSTANCE_ID_`, `DELETE_REASON_`, `TENANT_ID_`, `NAME_`) VALUES ('0b64992c-09ca-11ee-89e6-2aee215b35b7', '0b64992c-09ca-11ee-89e6-2aee215b35b7', NULL, 'overtime001:2:92d3bb6a-09c9-11ee-817c-2aee215b35b7', '2023-06-13 17:09:47.425', NULL, NULL, NULL, 'sid-AEC3692B-6EDD-484B-B11F-A182226F32D0', NULL, NULL, NULL, '', NULL);
INSERT INTO `act_hi_procinst` (`ID_`, `PROC_INST_ID_`, `BUSINESS_KEY_`, `PROC_DEF_ID_`, `START_TIME_`, `END_TIME_`, `DURATION_`, `START_USER_ID_`, `START_ACT_ID_`, `END_ACT_ID_`, `SUPER_PROCESS_INSTANCE_ID_`, `DELETE_REASON_`, `TENANT_ID_`, `NAME_`) VALUES ('245a58e7-0923-11ee-8637-b60fbe4e0138', '245a58e7-0923-11ee-8637-b60fbe4e0138', NULL, 'overtime:2:1fccba2d-0923-11ee-b61c-b60fbe4e0138', '2023-06-12 21:15:03.347', NULL, NULL, NULL, 'sid-5DC3A64E-3EB8-489E-A1CD-9DDF08B41EE5', NULL, NULL, NULL, '', NULL);
INSERT INTO `act_hi_procinst` (`ID_`, `PROC_INST_ID_`, `BUSINESS_KEY_`, `PROC_DEF_ID_`, `START_TIME_`, `END_TIME_`, `DURATION_`, `START_USER_ID_`, `START_ACT_ID_`, `END_ACT_ID_`, `SUPER_PROCESS_INSTANCE_ID_`, `DELETE_REASON_`, `TENANT_ID_`, `NAME_`) VALUES ('33f830f6-09c3-11ee-84f1-2aee215b35b7', '33f830f6-09c3-11ee-84f1-2aee215b35b7', NULL, 'overtime04:1:041b6151-09c3-11ee-993e-2aee215b35b7', '2023-06-13 16:20:49.024', NULL, NULL, NULL, 'sid-9A8C9BFE-10CB-40EF-A7AB-6128553D9AF8', NULL, NULL, NULL, '', NULL);
INSERT INTO `act_hi_procinst` (`ID_`, `PROC_INST_ID_`, `BUSINESS_KEY_`, `PROC_DEF_ID_`, `START_TIME_`, `END_TIME_`, `DURATION_`, `START_USER_ID_`, `START_ACT_ID_`, `END_ACT_ID_`, `SUPER_PROCESS_INSTANCE_ID_`, `DELETE_REASON_`, `TENANT_ID_`, `NAME_`) VALUES ('358e8ad5-12a2-11ee-960f-6c6a7719157b', '358e8ad5-12a2-11ee-960f-6c6a7719157b', '2', 'qingjia:1:2e501fee-0851-11ee-a131-f6047975ea81', '2023-06-24 23:17:18.760', '2023-06-25 17:29:39.189', 65540429, NULL, 'sid-AE120E1B-25EC-43C0-B703-8EE13CB13835', 'sid-18403A14-DABE-48F8-B43F-16BCAFC66CE7', NULL, NULL, '', NULL);
INSERT INTO `act_hi_procinst` (`ID_`, `PROC_INST_ID_`, `BUSINESS_KEY_`, `PROC_DEF_ID_`, `START_TIME_`, `END_TIME_`, `DURATION_`, `START_USER_ID_`, `START_ACT_ID_`, `END_ACT_ID_`, `SUPER_PROCESS_INSTANCE_ID_`, `DELETE_REASON_`, `TENANT_ID_`, `NAME_`) VALUES ('4141c9a7-09cd-11ee-a2d5-2aee215b35b7', '4141c9a7-09cd-11ee-a2d5-2aee215b35b7', NULL, 'leave001:2:3ca29e4f-09cd-11ee-858d-2aee215b35b7', '2023-06-13 17:32:46.284', NULL, NULL, NULL, 'sid-D0D4CEC8-0B78-4219-A957-19C6BD2644C7', NULL, NULL, NULL, '', NULL);
INSERT INTO `act_hi_procinst` (`ID_`, `PROC_INST_ID_`, `BUSINESS_KEY_`, `PROC_DEF_ID_`, `START_TIME_`, `END_TIME_`, `DURATION_`, `START_USER_ID_`, `START_ACT_ID_`, `END_ACT_ID_`, `SUPER_PROCESS_INSTANCE_ID_`, `DELETE_REASON_`, `TENANT_ID_`, `NAME_`) VALUES ('6b2b3118-0920-11ee-b7b6-b60fbe4e0138', '6b2b3118-0920-11ee-b7b6-b60fbe4e0138', NULL, 'overtime:1:643e9384-0920-11ee-b502-b60fbe4e0138', '2023-06-12 20:55:33.666', NULL, NULL, NULL, 'sid-5DC3A64E-3EB8-489E-A1CD-9DDF08B41EE5', NULL, NULL, NULL, '', NULL);
INSERT INTO `act_hi_procinst` (`ID_`, `PROC_INST_ID_`, `BUSINESS_KEY_`, `PROC_DEF_ID_`, `START_TIME_`, `END_TIME_`, `DURATION_`, `START_USER_ID_`, `START_ACT_ID_`, `END_ACT_ID_`, `SUPER_PROCESS_INSTANCE_ID_`, `DELETE_REASON_`, `TENANT_ID_`, `NAME_`) VALUES ('708e9957-08f4-11ee-8d42-969bbc5bdb82', '708e9957-08f4-11ee-8d42-969bbc5bdb82', NULL, 'overtime02:1:6a7922bf-08f4-11ee-8e71-969bbc5bdb82', '2023-06-12 15:40:44.850', NULL, NULL, NULL, 'sid-5DC3A64E-3EB8-489E-A1CD-9DDF08B41EE5', NULL, NULL, NULL, '', NULL);
INSERT INTO `act_hi_procinst` (`ID_`, `PROC_INST_ID_`, `BUSINESS_KEY_`, `PROC_DEF_ID_`, `START_TIME_`, `END_TIME_`, `DURATION_`, `START_USER_ID_`, `START_ACT_ID_`, `END_ACT_ID_`, `SUPER_PROCESS_INSTANCE_ID_`, `DELETE_REASON_`, `TENANT_ID_`, `NAME_`) VALUES ('714ab140-09cd-11ee-b620-2aee215b35b7', '714ab140-09cd-11ee-b620-2aee215b35b7', NULL, 'leave001:2:3ca29e4f-09cd-11ee-858d-2aee215b35b7', '2023-06-13 17:34:06.873', NULL, NULL, NULL, 'sid-D0D4CEC8-0B78-4219-A957-19C6BD2644C7', NULL, NULL, NULL, '', NULL);
INSERT INTO `act_hi_procinst` (`ID_`, `PROC_INST_ID_`, `BUSINESS_KEY_`, `PROC_DEF_ID_`, `START_TIME_`, `END_TIME_`, `DURATION_`, `START_USER_ID_`, `START_ACT_ID_`, `END_ACT_ID_`, `SUPER_PROCESS_INSTANCE_ID_`, `DELETE_REASON_`, `TENANT_ID_`, `NAME_`) VALUES ('851c5a11-09cc-11ee-a8fc-2aee215b35b7', '851c5a11-09cc-11ee-a8fc-2aee215b35b7', NULL, 'leave001:1:7f0d2488-09cc-11ee-858f-2aee215b35b7', '2023-06-13 17:27:30.627', '2023-06-13 17:30:28.834', 178207, NULL, 'sid-D0D4CEC8-0B78-4219-A957-19C6BD2644C7', 'sid-DC3B2EA8-6B64-42CE-8A75-6519D8D4D431', NULL, NULL, '', NULL);
INSERT INTO `act_hi_procinst` (`ID_`, `PROC_INST_ID_`, `BUSINESS_KEY_`, `PROC_DEF_ID_`, `START_TIME_`, `END_TIME_`, `DURATION_`, `START_USER_ID_`, `START_ACT_ID_`, `END_ACT_ID_`, `SUPER_PROCESS_INSTANCE_ID_`, `DELETE_REASON_`, `TENANT_ID_`, `NAME_`) VALUES ('99e01586-09c9-11ee-b45a-2aee215b35b7', '99e01586-09c9-11ee-b45a-2aee215b35b7', NULL, 'overtime001:2:92d3bb6a-09c9-11ee-817c-2aee215b35b7', '2023-06-13 17:06:36.974', NULL, NULL, NULL, 'sid-AEC3692B-6EDD-484B-B11F-A182226F32D0', NULL, NULL, NULL, '', NULL);
INSERT INTO `act_hi_procinst` (`ID_`, `PROC_INST_ID_`, `BUSINESS_KEY_`, `PROC_DEF_ID_`, `START_TIME_`, `END_TIME_`, `DURATION_`, `START_USER_ID_`, `START_ACT_ID_`, `END_ACT_ID_`, `SUPER_PROCESS_INSTANCE_ID_`, `DELETE_REASON_`, `TENANT_ID_`, `NAME_`) VALUES ('a1ef91c6-09ca-11ee-a1d9-2aee215b35b7', 'a1ef91c6-09ca-11ee-a1d9-2aee215b35b7', NULL, 'overtime001:3:9c202554-09ca-11ee-8d3f-2aee215b35b7', '2023-06-13 17:13:59.994', NULL, NULL, NULL, 'sid-AEC3692B-6EDD-484B-B11F-A182226F32D0', NULL, NULL, NULL, '', NULL);
INSERT INTO `act_hi_procinst` (`ID_`, `PROC_INST_ID_`, `BUSINESS_KEY_`, `PROC_DEF_ID_`, `START_TIME_`, `END_TIME_`, `DURATION_`, `START_USER_ID_`, `START_ACT_ID_`, `END_ACT_ID_`, `SUPER_PROCESS_INSTANCE_ID_`, `DELETE_REASON_`, `TENANT_ID_`, `NAME_`) VALUES ('ffa761de-09c9-11ee-a564-2aee215b35b7', 'ffa761de-09c9-11ee-a564-2aee215b35b7', NULL, 'overtime001:2:92d3bb6a-09c9-11ee-817c-2aee215b35b7', '2023-06-13 17:09:27.730', NULL, NULL, NULL, 'sid-AEC3692B-6EDD-484B-B11F-A182226F32D0', NULL, NULL, NULL, '', NULL);
COMMIT;

-- ----------------------------
-- Table structure for act_hi_taskinst
-- ----------------------------
DROP TABLE IF EXISTS `act_hi_taskinst`;
CREATE TABLE `act_hi_taskinst` (
  `ID_` varchar(64) CHARACTER SET utf8 COLLATE utf8_bin NOT NULL,
  `PROC_DEF_ID_` varchar(64) CHARACTER SET utf8 COLLATE utf8_bin DEFAULT NULL,
  `TASK_DEF_KEY_` varchar(255) CHARACTER SET utf8 COLLATE utf8_bin DEFAULT NULL,
  `PROC_INST_ID_` varchar(64) CHARACTER SET utf8 COLLATE utf8_bin DEFAULT NULL,
  `EXECUTION_ID_` varchar(64) CHARACTER SET utf8 COLLATE utf8_bin DEFAULT NULL,
  `NAME_` varchar(255) CHARACTER SET utf8 COLLATE utf8_bin DEFAULT NULL,
  `PARENT_TASK_ID_` varchar(64) CHARACTER SET utf8 COLLATE utf8_bin DEFAULT NULL,
  `DESCRIPTION_` varchar(4000) CHARACTER SET utf8 COLLATE utf8_bin DEFAULT NULL,
  `OWNER_` varchar(255) CHARACTER SET utf8 COLLATE utf8_bin DEFAULT NULL,
  `ASSIGNEE_` varchar(255) CHARACTER SET utf8 COLLATE utf8_bin DEFAULT NULL,
  `START_TIME_` datetime(3) NOT NULL,
  `CLAIM_TIME_` datetime(3) DEFAULT NULL,
  `END_TIME_` datetime(3) DEFAULT NULL,
  `DURATION_` bigint DEFAULT NULL,
  `DELETE_REASON_` varchar(4000) CHARACTER SET utf8 COLLATE utf8_bin DEFAULT NULL,
  `PRIORITY_` int DEFAULT NULL,
  `DUE_DATE_` datetime(3) DEFAULT NULL,
  `FORM_KEY_` varchar(255) CHARACTER SET utf8 COLLATE utf8_bin DEFAULT NULL,
  `CATEGORY_` varchar(255) CHARACTER SET utf8 COLLATE utf8_bin DEFAULT NULL,
  `TENANT_ID_` varchar(255) CHARACTER SET utf8 COLLATE utf8_bin DEFAULT '',
  PRIMARY KEY (`ID_`),
  KEY `ACT_IDX_HI_TASK_INST_PROCINST` (`PROC_INST_ID_`)
) ENGINE=InnoDB DEFAULT CHARSET=utf8mb3 COLLATE=utf8_bin;

-- ----------------------------
-- Records of act_hi_taskinst
-- ----------------------------
BEGIN;
INSERT INTO `act_hi_taskinst` (`ID_`, `PROC_DEF_ID_`, `TASK_DEF_KEY_`, `PROC_INST_ID_`, `EXECUTION_ID_`, `NAME_`, `PARENT_TASK_ID_`, `DESCRIPTION_`, `OWNER_`, `ASSIGNEE_`, `START_TIME_`, `CLAIM_TIME_`, `END_TIME_`, `DURATION_`, `DELETE_REASON_`, `PRIORITY_`, `DUE_DATE_`, `FORM_KEY_`, `CATEGORY_`, `TENANT_ID_`) VALUES ('0b675853-09ca-11ee-89e6-2aee215b35b7', 'overtime001:2:92d3bb6a-09c9-11ee-817c-2aee215b35b7', 'sid-F35D0733-EE93-47A8-839D-B7D184A9C110', '0b64992c-09ca-11ee-89e6-2aee215b35b7', '0b64e74f-09ca-11ee-89e6-2aee215b35b7', 'General manager approval', NULL, NULL, NULL, 'gousheng', '2023-06-13 17:09:47.443', NULL, NULL, NULL, NULL, 50, NULL, NULL, NULL, '');
INSERT INTO `act_hi_taskinst` (`ID_`, `PROC_DEF_ID_`, `TASK_DEF_KEY_`, `PROC_INST_ID_`, `EXECUTION_ID_`, `NAME_`, `PARENT_TASK_ID_`, `DESCRIPTION_`, `OWNER_`, `ASSIGNEE_`, `START_TIME_`, `CLAIM_TIME_`, `END_TIME_`, `DURATION_`, `DELETE_REASON_`, `PRIORITY_`, `DUE_DATE_`, `FORM_KEY_`, `CATEGORY_`, `TENANT_ID_`) VALUES ('245cc9ed-0923-11ee-8637-b60fbe4e0138', 'overtime:2:1fccba2d-0923-11ee-b61c-b60fbe4e0138', 'sid-1C03C51F-BD11-49E3-B373-E7BC48B61D6A', '245a58e7-0923-11ee-8637-b60fbe4e0138', '245aa70a-0923-11ee-8637-b60fbe4e0138', 'Manager approval', NULL, NULL, NULL, 'Lucy03', '2023-06-12 21:15:03.363', NULL, '2023-06-12 21:15:12.438', 9075, NULL, 50, NULL, NULL, NULL, '');
INSERT INTO `act_hi_taskinst` (`ID_`, `PROC_DEF_ID_`, `TASK_DEF_KEY_`, `PROC_INST_ID_`, `EXECUTION_ID_`, `NAME_`, `PARENT_TASK_ID_`, `DESCRIPTION_`, `OWNER_`, `ASSIGNEE_`, `START_TIME_`, `CLAIM_TIME_`, `END_TIME_`, `DURATION_`, `DELETE_REASON_`, `PRIORITY_`, `DUE_DATE_`, `FORM_KEY_`, `CATEGORY_`, `TENANT_ID_`) VALUES ('2471350d-130f-11ee-a64b-6c6a7719157b', 'qingjia:1:2e501fee-0851-11ee-a131-f6047975ea81', 'sid-A8361321-1F0D-429F-8E5D-5F0D3FE7B764', '358e8ad5-12a2-11ee-960f-6c6a7719157b', '358f7538-12a2-11ee-960f-6c6a7719157b', '', NULL, NULL, NULL, 'lisi', '2023-06-25 12:17:05.190', NULL, '2023-06-25 17:29:38.752', 18753562, NULL, 50, NULL, NULL, NULL, '');
INSERT INTO `act_hi_taskinst` (`ID_`, `PROC_DEF_ID_`, `TASK_DEF_KEY_`, `PROC_INST_ID_`, `EXECUTION_ID_`, `NAME_`, `PARENT_TASK_ID_`, `DESCRIPTION_`, `OWNER_`, `ASSIGNEE_`, `START_TIME_`, `CLAIM_TIME_`, `END_TIME_`, `DURATION_`, `DELETE_REASON_`, `PRIORITY_`, `DUE_DATE_`, `FORM_KEY_`, `CATEGORY_`, `TENANT_ID_`) VALUES ('29c9f30a-0923-11ee-abdf-b60fbe4e0138', 'overtime:2:1fccba2d-0923-11ee-b61c-b60fbe4e0138', 'sid-3146B952-82F3-49E8-8C98-3DB7BBD86166', '245a58e7-0923-11ee-8637-b60fbe4e0138', '245aa70a-0923-11ee-8637-b60fbe4e0138', 'Personnel approval', NULL, NULL, NULL, 'zhao', '2023-06-12 21:15:12.467', NULL, NULL, NULL, NULL, 50, NULL, NULL, NULL, '');
INSERT INTO `act_hi_taskinst` (`ID_`, `PROC_DEF_ID_`, `TASK_DEF_KEY_`, `PROC_INST_ID_`, `EXECUTION_ID_`, `NAME_`, `PARENT_TASK_ID_`, `DESCRIPTION_`, `OWNER_`, `ASSIGNEE_`, `START_TIME_`, `CLAIM_TIME_`, `END_TIME_`, `DURATION_`, `DELETE_REASON_`, `PRIORITY_`, `DUE_DATE_`, `FORM_KEY_`, `CATEGORY_`, `TENANT_ID_`) VALUES ('33faa1fa-09c3-11ee-84f1-2aee215b35b7', 'overtime04:1:041b6151-09c3-11ee-993e-2aee215b35b7', 'sid-2052A07F-FF13-4BD7-A966-A865E7030947', '33f830f6-09c3-11ee-84f1-2aee215b35b7', '33f85807-09c3-11ee-84f1-2aee215b35b7', 'Manager approval', NULL, NULL, NULL, 'tom01', '2023-06-13 16:20:49.040', '2023-06-13 16:23:43.171', '2023-06-13 16:24:08.148', 199108, NULL, 50, NULL, NULL, NULL, '');
INSERT INTO `act_hi_taskinst` (`ID_`, `PROC_DEF_ID_`, `TASK_DEF_KEY_`, `PROC_INST_ID_`, `EXECUTION_ID_`, `NAME_`, `PARENT_TASK_ID_`, `DESCRIPTION_`, `OWNER_`, `ASSIGNEE_`, `START_TIME_`, `CLAIM_TIME_`, `END_TIME_`, `DURATION_`, `DELETE_REASON_`, `PRIORITY_`, `DUE_DATE_`, `FORM_KEY_`, `CATEGORY_`, `TENANT_ID_`) VALUES ('35951a8b-12a2-11ee-960f-6c6a7719157b', 'qingjia:1:2e501fee-0851-11ee-a131-f6047975ea81', 'sid-30AE99C3-6055-4472-B3A3-9C4B0BB3975A', '358e8ad5-12a2-11ee-960f-6c6a7719157b', '358f7538-12a2-11ee-960f-6c6a7719157b', '', NULL, NULL, NULL, 'zhangsan', '2023-06-24 23:17:18.803', NULL, '2023-06-25 12:17:04.999', 46786196, NULL, 50, NULL, NULL, NULL, '');
INSERT INTO `act_hi_taskinst` (`ID_`, `PROC_DEF_ID_`, `TASK_DEF_KEY_`, `PROC_INST_ID_`, `EXECUTION_ID_`, `NAME_`, `PARENT_TASK_ID_`, `DESCRIPTION_`, `OWNER_`, `ASSIGNEE_`, `START_TIME_`, `CLAIM_TIME_`, `END_TIME_`, `DURATION_`, `DELETE_REASON_`, `PRIORITY_`, `DUE_DATE_`, `FORM_KEY_`, `CATEGORY_`, `TENANT_ID_`) VALUES ('4145250f-09cd-11ee-a2d5-2aee215b35b7', 'leave001:2:3ca29e4f-09cd-11ee-858d-2aee215b35b7', 'sid-152234AD-7DE1-4523-8479-C12DE83A6835', '4141c9a7-09cd-11ee-a2d5-2aee215b35b7', '414217ca-09cd-11ee-a2d5-2aee215b35b7', 'Department manager approval', NULL, NULL, NULL, 'wang5', '2023-06-13 17:32:46.307', NULL, NULL, NULL, NULL, 50, NULL, NULL, NULL, '');
INSERT INTO `act_hi_taskinst` (`ID_`, `PROC_DEF_ID_`, `TASK_DEF_KEY_`, `PROC_INST_ID_`, `EXECUTION_ID_`, `NAME_`, `PARENT_TASK_ID_`, `DESCRIPTION_`, `OWNER_`, `ASSIGNEE_`, `START_TIME_`, `CLAIM_TIME_`, `END_TIME_`, `DURATION_`, `DELETE_REASON_`, `PRIORITY_`, `DUE_DATE_`, `FORM_KEY_`, `CATEGORY_`, `TENANT_ID_`) VALUES ('41454c21-09cd-11ee-a2d5-2aee215b35b7', 'leave001:2:3ca29e4f-09cd-11ee-858d-2aee215b35b7', 'sid-F153FA85-DD93-459E-BC43-2167BA72E3EC', '4141c9a7-09cd-11ee-a2d5-2aee215b35b7', '4143775d-09cd-11ee-a2d5-2aee215b35b7', 'General manager approval', NULL, NULL, NULL, 'gouwa', '2023-06-13 17:32:46.307', NULL, NULL, NULL, NULL, 50, NULL, NULL, NULL, '');
INSERT INTO `act_hi_taskinst` (`ID_`, `PROC_DEF_ID_`, `TASK_DEF_KEY_`, `PROC_INST_ID_`, `EXECUTION_ID_`, `NAME_`, `PARENT_TASK_ID_`, `DESCRIPTION_`, `OWNER_`, `ASSIGNEE_`, `START_TIME_`, `CLAIM_TIME_`, `END_TIME_`, `DURATION_`, `DELETE_REASON_`, `PRIORITY_`, `DUE_DATE_`, `FORM_KEY_`, `CATEGORY_`, `TENANT_ID_`) VALUES ('6b2def40-0920-11ee-b7b6-b60fbe4e0138', 'overtime:1:643e9384-0920-11ee-b502-b60fbe4e0138', 'sid-1C03C51F-BD11-49E3-B373-E7BC48B61D6A', '6b2b3118-0920-11ee-b7b6-b60fbe4e0138', '6b2ba64d-0920-11ee-b7b6-b60fbe4e0138', 'Manager approval', NULL, NULL, NULL, 'Lucy01', '2023-06-12 20:55:33.684', NULL, NULL, NULL, NULL, 50, NULL, NULL, NULL, '');
INSERT INTO `act_hi_taskinst` (`ID_`, `PROC_DEF_ID_`, `TASK_DEF_KEY_`, `PROC_INST_ID_`, `EXECUTION_ID_`, `NAME_`, `PARENT_TASK_ID_`, `DESCRIPTION_`, `OWNER_`, `ASSIGNEE_`, `START_TIME_`, `CLAIM_TIME_`, `END_TIME_`, `DURATION_`, `DELETE_REASON_`, `PRIORITY_`, `DUE_DATE_`, `FORM_KEY_`, `CATEGORY_`, `TENANT_ID_`) VALUES ('70910a5b-08f4-11ee-8d42-969bbc5bdb82', 'overtime02:1:6a7922bf-08f4-11ee-8e71-969bbc5bdb82', 'sid-1C03C51F-BD11-49E3-B373-E7BC48B61D6A', '708e9957-08f4-11ee-8d42-969bbc5bdb82', '708ec068-08f4-11ee-8d42-969bbc5bdb82', 'Manager approval', NULL, NULL, NULL, NULL, '2023-06-12 15:40:44.866', NULL, NULL, NULL, NULL, 50, NULL, NULL, NULL, '');
INSERT INTO `act_hi_taskinst` (`ID_`, `PROC_DEF_ID_`, `TASK_DEF_KEY_`, `PROC_INST_ID_`, `EXECUTION_ID_`, `NAME_`, `PARENT_TASK_ID_`, `DESCRIPTION_`, `OWNER_`, `ASSIGNEE_`, `START_TIME_`, `CLAIM_TIME_`, `END_TIME_`, `DURATION_`, `DELETE_REASON_`, `PRIORITY_`, `DUE_DATE_`, `FORM_KEY_`, `CATEGORY_`, `TENANT_ID_`) VALUES ('714e0ca8-09cd-11ee-b620-2aee215b35b7', 'leave001:2:3ca29e4f-09cd-11ee-858d-2aee215b35b7', 'sid-152234AD-7DE1-4523-8479-C12DE83A6835', '714ab140-09cd-11ee-b620-2aee215b35b7', '714aff63-09cd-11ee-b620-2aee215b35b7', 'Department manager approval', NULL, NULL, NULL, 'wang5', '2023-06-13 17:34:06.895', NULL, NULL, NULL, NULL, 50, NULL, NULL, NULL, '');
INSERT INTO `act_hi_taskinst` (`ID_`, `PROC_DEF_ID_`, `TASK_DEF_KEY_`, `PROC_INST_ID_`, `EXECUTION_ID_`, `NAME_`, `PARENT_TASK_ID_`, `DESCRIPTION_`, `OWNER_`, `ASSIGNEE_`, `START_TIME_`, `CLAIM_TIME_`, `END_TIME_`, `DURATION_`, `DELETE_REASON_`, `PRIORITY_`, `DUE_DATE_`, `FORM_KEY_`, `CATEGORY_`, `TENANT_ID_`) VALUES ('714e0caa-09cd-11ee-b620-2aee215b35b7', 'leave001:2:3ca29e4f-09cd-11ee-858d-2aee215b35b7', 'sid-F153FA85-DD93-459E-BC43-2167BA72E3EC', '714ab140-09cd-11ee-b620-2aee215b35b7', '714c37e6-09cd-11ee-b620-2aee215b35b7', 'General manager approval', NULL, NULL, NULL, 'gouwa', '2023-06-13 17:34:06.895', NULL, NULL, NULL, NULL, 50, NULL, NULL, NULL, '');
INSERT INTO `act_hi_taskinst` (`ID_`, `PROC_DEF_ID_`, `TASK_DEF_KEY_`, `PROC_INST_ID_`, `EXECUTION_ID_`, `NAME_`, `PARENT_TASK_ID_`, `DESCRIPTION_`, `OWNER_`, `ASSIGNEE_`, `START_TIME_`, `CLAIM_TIME_`, `END_TIME_`, `DURATION_`, `DELETE_REASON_`, `PRIORITY_`, `DUE_DATE_`, `FORM_KEY_`, `CATEGORY_`, `TENANT_ID_`) VALUES ('85200399-09cc-11ee-a8fc-2aee215b35b7', 'leave001:1:7f0d2488-09cc-11ee-858f-2aee215b35b7', 'sid-152234AD-7DE1-4523-8479-C12DE83A6835', '851c5a11-09cc-11ee-a8fc-2aee215b35b7', '851ccf44-09cc-11ee-a8fc-2aee215b35b7', 'Department manager approval', NULL, NULL, NULL, 'wang5', '2023-06-13 17:27:30.651', NULL, '2023-06-13 17:29:42.027', 131376, NULL, 50, NULL, NULL, NULL, '');
INSERT INTO `act_hi_taskinst` (`ID_`, `PROC_DEF_ID_`, `TASK_DEF_KEY_`, `PROC_INST_ID_`, `EXECUTION_ID_`, `NAME_`, `PARENT_TASK_ID_`, `DESCRIPTION_`, `OWNER_`, `ASSIGNEE_`, `START_TIME_`, `CLAIM_TIME_`, `END_TIME_`, `DURATION_`, `DELETE_REASON_`, `PRIORITY_`, `DUE_DATE_`, `FORM_KEY_`, `CATEGORY_`, `TENANT_ID_`) VALUES ('8520039b-09cc-11ee-a8fc-2aee215b35b7', 'leave001:1:7f0d2488-09cc-11ee-858f-2aee215b35b7', 'sid-F153FA85-DD93-459E-BC43-2167BA72E3EC', '851c5a11-09cc-11ee-a8fc-2aee215b35b7', '851e2ed7-09cc-11ee-a8fc-2aee215b35b7', 'General manager approval', NULL, NULL, NULL, 'gouwa', '2023-06-13 17:27:30.651', NULL, '2023-06-13 17:28:42.141', 71490, NULL, 50, NULL, NULL, NULL, '');
INSERT INTO `act_hi_taskinst` (`ID_`, `PROC_DEF_ID_`, `TASK_DEF_KEY_`, `PROC_INST_ID_`, `EXECUTION_ID_`, `NAME_`, `PARENT_TASK_ID_`, `DESCRIPTION_`, `OWNER_`, `ASSIGNEE_`, `START_TIME_`, `CLAIM_TIME_`, `END_TIME_`, `DURATION_`, `DELETE_REASON_`, `PRIORITY_`, `DUE_DATE_`, `FORM_KEY_`, `CATEGORY_`, `TENANT_ID_`) VALUES ('99e2ad9b-09c9-11ee-b45a-2aee215b35b7', 'overtime001:2:92d3bb6a-09c9-11ee-817c-2aee215b35b7', 'sid-F35D0733-EE93-47A8-839D-B7D184A9C110', '99e01586-09c9-11ee-b45a-2aee215b35b7', '99e063a7-09c9-11ee-b45a-2aee215b35b7', 'General manager approval', NULL, NULL, NULL, 'gousheng', '2023-06-13 17:06:36.991', NULL, NULL, NULL, NULL, 50, NULL, NULL, NULL, '');
INSERT INTO `act_hi_taskinst` (`ID_`, `PROC_DEF_ID_`, `TASK_DEF_KEY_`, `PROC_INST_ID_`, `EXECUTION_ID_`, `NAME_`, `PARENT_TASK_ID_`, `DESCRIPTION_`, `OWNER_`, `ASSIGNEE_`, `START_TIME_`, `CLAIM_TIME_`, `END_TIME_`, `DURATION_`, `DELETE_REASON_`, `PRIORITY_`, `DUE_DATE_`, `FORM_KEY_`, `CATEGORY_`, `TENANT_ID_`) VALUES ('a1f202cd-09ca-11ee-a1d9-2aee215b35b7', 'overtime001:3:9c202554-09ca-11ee-8d3f-2aee215b35b7', 'sid-F35D0733-EE93-47A8-839D-B7D184A9C110', 'a1ef91c6-09ca-11ee-a1d9-2aee215b35b7', 'a1efdfe9-09ca-11ee-a1d9-2aee215b35b7', 'General manager approval', NULL, NULL, NULL, 'gousheng', '2023-06-13 17:14:00.010', NULL, NULL, NULL, NULL, 50, NULL, NULL, NULL, '');
INSERT INTO `act_hi_taskinst` (`ID_`, `PROC_DEF_ID_`, `TASK_DEF_KEY_`, `PROC_INST_ID_`, `EXECUTION_ID_`, `NAME_`, `PARENT_TASK_ID_`, `DESCRIPTION_`, `OWNER_`, `ASSIGNEE_`, `START_TIME_`, `CLAIM_TIME_`, `END_TIME_`, `DURATION_`, `DELETE_REASON_`, `PRIORITY_`, `DUE_DATE_`, `FORM_KEY_`, `CATEGORY_`, `TENANT_ID_`) VALUES ('aaac3808-09c3-11ee-92f2-2aee215b35b7', 'overtime04:1:041b6151-09c3-11ee-993e-2aee215b35b7', 'sid-2FC30B49-C0BF-44E1-BAE0-BDDE29FC22F3', '33f830f6-09c3-11ee-84f1-2aee215b35b7', '33f85807-09c3-11ee-84f1-2aee215b35b7', 'Personnel approval', NULL, NULL, NULL, NULL, '2023-06-13 16:24:08.175', NULL, NULL, NULL, NULL, 50, NULL, NULL, NULL, '');
INSERT INTO `act_hi_taskinst` (`ID_`, `PROC_DEF_ID_`, `TASK_DEF_KEY_`, `PROC_INST_ID_`, `EXECUTION_ID_`, `NAME_`, `PARENT_TASK_ID_`, `DESCRIPTION_`, `OWNER_`, `ASSIGNEE_`, `START_TIME_`, `CLAIM_TIME_`, `END_TIME_`, `DURATION_`, `DELETE_REASON_`, `PRIORITY_`, `DUE_DATE_`, `FORM_KEY_`, `CATEGORY_`, `TENANT_ID_`) VALUES ('d3756b55-09cc-11ee-9240-2aee215b35b7', 'leave001:1:7f0d2488-09cc-11ee-858f-2aee215b35b7', 'sid-C861B545-9FF0-442C-B8FD-6A09C52FD9E0', '851c5a11-09cc-11ee-a8fc-2aee215b35b7', '851ccf44-09cc-11ee-a8fc-2aee215b35b7', 'Personnel record', NULL, NULL, NULL, 'xiaoli', '2023-06-13 17:29:42.073', NULL, '2023-06-13 17:30:28.802', 46729, NULL, 50, NULL, NULL, NULL, '');
INSERT INTO `act_hi_taskinst` (`ID_`, `PROC_DEF_ID_`, `TASK_DEF_KEY_`, `PROC_INST_ID_`, `EXECUTION_ID_`, `NAME_`, `PARENT_TASK_ID_`, `DESCRIPTION_`, `OWNER_`, `ASSIGNEE_`, `START_TIME_`, `CLAIM_TIME_`, `END_TIME_`, `DURATION_`, `DELETE_REASON_`, `PRIORITY_`, `DUE_DATE_`, `FORM_KEY_`, `CATEGORY_`, `TENANT_ID_`) VALUES ('ffaa4815-09c9-11ee-a564-2aee215b35b7', 'overtime001:2:92d3bb6a-09c9-11ee-817c-2aee215b35b7', 'sid-F35D0733-EE93-47A8-839D-B7D184A9C110', 'ffa761de-09c9-11ee-a564-2aee215b35b7', 'ffa7b001-09c9-11ee-a564-2aee215b35b7', 'General manager approval', NULL, NULL, NULL, 'gousheng', '2023-06-13 17:09:27.749', NULL, NULL, NULL, NULL, 50, NULL, NULL, NULL, '');
COMMIT;

-- ----------------------------
-- Table structure for act_hi_varinst
-- ----------------------------
DROP TABLE IF EXISTS `act_hi_varinst`;
CREATE TABLE `act_hi_varinst` (
  `ID_` varchar(64) CHARACTER SET utf8 COLLATE utf8_bin NOT NULL,
  `PROC_INST_ID_` varchar(64) CHARACTER SET utf8 COLLATE utf8_bin DEFAULT NULL,
  `EXECUTION_ID_` varchar(64) CHARACTER SET utf8 COLLATE utf8_bin DEFAULT NULL,
  `TASK_ID_` varchar(64) CHARACTER SET utf8 COLLATE utf8_bin DEFAULT NULL,
  `NAME_` varchar(255) CHARACTER SET utf8 COLLATE utf8_bin NOT NULL,
  `VAR_TYPE_` varchar(100) CHARACTER SET utf8 COLLATE utf8_bin DEFAULT NULL,
  `REV_` int DEFAULT NULL,
  `BYTEARRAY_ID_` varchar(64) CHARACTER SET utf8 COLLATE utf8_bin DEFAULT NULL,
  `DOUBLE_` double DEFAULT NULL,
  `LONG_` bigint DEFAULT NULL,
  `TEXT_` varchar(4000) CHARACTER SET utf8 COLLATE utf8_bin DEFAULT NULL,
  `TEXT2_` varchar(4000) CHARACTER SET utf8 COLLATE utf8_bin DEFAULT NULL,
  `CREATE_TIME_` datetime(3) DEFAULT NULL,
  `LAST_UPDATED_TIME_` datetime(3) DEFAULT NULL,
  PRIMARY KEY (`ID_`),
  KEY `ACT_IDX_HI_PROCVAR_PROC_INST` (`PROC_INST_ID_`),
  KEY `ACT_IDX_HI_PROCVAR_NAME_TYPE` (`NAME_`,`VAR_TYPE_`),
  KEY `ACT_IDX_HI_PROCVAR_TASK_ID` (`TASK_ID_`)
) ENGINE=InnoDB DEFAULT CHARSET=utf8mb3 COLLATE=utf8_bin;

-- ----------------------------
-- Records of act_hi_varinst
-- ----------------------------
BEGIN;
INSERT INTO `act_hi_varinst` (`ID_`, `PROC_INST_ID_`, `EXECUTION_ID_`, `TASK_ID_`, `NAME_`, `VAR_TYPE_`, `REV_`, `BYTEARRAY_ID_`, `DOUBLE_`, `LONG_`, `TEXT_`, `TEXT2_`, `CREATE_TIME_`, `LAST_UPDATED_TIME_`) VALUES ('0b64c03d-09ca-11ee-89e6-2aee215b35b7', '0b64992c-09ca-11ee-89e6-2aee215b35b7', '0b64992c-09ca-11ee-89e6-2aee215b35b7', NULL, 'day', 'string', 0, NULL, NULL, NULL, '3', NULL, '2023-06-13 17:09:47.426', '2023-06-13 17:09:47.426');
INSERT INTO `act_hi_varinst` (`ID_`, `PROC_INST_ID_`, `EXECUTION_ID_`, `TASK_ID_`, `NAME_`, `VAR_TYPE_`, `REV_`, `BYTEARRAY_ID_`, `DOUBLE_`, `LONG_`, `TEXT_`, `TEXT2_`, `CREATE_TIME_`, `LAST_UPDATED_TIME_`) VALUES ('0b67f494-09ca-11ee-89e6-2aee215b35b7', '0b64992c-09ca-11ee-89e6-2aee215b35b7', '0b64e74f-09ca-11ee-89e6-2aee215b35b7', '0b675853-09ca-11ee-89e6-2aee215b35b7', 'day', 'string', 0, NULL, NULL, NULL, '3', NULL, '2023-06-13 17:09:47.447', '2023-06-13 17:09:47.447');
INSERT INTO `act_hi_varinst` (`ID_`, `PROC_INST_ID_`, `EXECUTION_ID_`, `TASK_ID_`, `NAME_`, `VAR_TYPE_`, `REV_`, `BYTEARRAY_ID_`, `DOUBLE_`, `LONG_`, `TEXT_`, `TEXT2_`, `CREATE_TIME_`, `LAST_UPDATED_TIME_`) VALUES ('245a7ff8-0923-11ee-8637-b60fbe4e0138', '245a58e7-0923-11ee-8637-b60fbe4e0138', '245a58e7-0923-11ee-8637-b60fbe4e0138', NULL, 'assignee1', 'string', 1, NULL, NULL, NULL, 'Lucy03', NULL, '2023-06-12 21:15:03.348', '2023-06-12 21:15:12.451');
INSERT INTO `act_hi_varinst` (`ID_`, `PROC_INST_ID_`, `EXECUTION_ID_`, `TASK_ID_`, `NAME_`, `VAR_TYPE_`, `REV_`, `BYTEARRAY_ID_`, `DOUBLE_`, `LONG_`, `TEXT_`, `TEXT2_`, `CREATE_TIME_`, `LAST_UPDATED_TIME_`) VALUES ('245d8d3e-0923-11ee-8637-b60fbe4e0138', '245a58e7-0923-11ee-8637-b60fbe4e0138', '245aa70a-0923-11ee-8637-b60fbe4e0138', '245cc9ed-0923-11ee-8637-b60fbe4e0138', 'assignee1', 'string', 0, NULL, NULL, NULL, 'Lucy03', NULL, '2023-06-12 21:15:03.368', '2023-06-12 21:15:03.368');
INSERT INTO `act_hi_varinst` (`ID_`, `PROC_INST_ID_`, `EXECUTION_ID_`, `TASK_ID_`, `NAME_`, `VAR_TYPE_`, `REV_`, `BYTEARRAY_ID_`, `DOUBLE_`, `LONG_`, `TEXT_`, `TEXT2_`, `CREATE_TIME_`, `LAST_UPDATED_TIME_`) VALUES ('247b472e-130f-11ee-a64b-6c6a7719157b', '358e8ad5-12a2-11ee-960f-6c6a7719157b', '358f7538-12a2-11ee-960f-6c6a7719157b', '2471350d-130f-11ee-a64b-6c6a7719157b', 'data', 'json', 0, NULL, NULL, NULL, '{\"days\":\"2\",\"reson\":\"\",\"end\":\"2023-06-03\",\"begin\":\"2023-06-01\"}', 'java.util.LinkedHashMap', '2023-06-25 12:17:05.256', '2023-06-25 12:17:05.256');
INSERT INTO `act_hi_varinst` (`ID_`, `PROC_INST_ID_`, `EXECUTION_ID_`, `TASK_ID_`, `NAME_`, `VAR_TYPE_`, `REV_`, `BYTEARRAY_ID_`, `DOUBLE_`, `LONG_`, `TEXT_`, `TEXT2_`, `CREATE_TIME_`, `LAST_UPDATED_TIME_`) VALUES ('29c33c46-0923-11ee-abdf-b60fbe4e0138', '245a58e7-0923-11ee-8637-b60fbe4e0138', '245a58e7-0923-11ee-8637-b60fbe4e0138', NULL, 'assignee2', 'string', 0, NULL, NULL, NULL, 'zhao', NULL, '2023-06-12 21:15:12.423', '2023-06-12 21:15:12.423');
INSERT INTO `act_hi_varinst` (`ID_`, `PROC_INST_ID_`, `EXECUTION_ID_`, `TASK_ID_`, `NAME_`, `VAR_TYPE_`, `REV_`, `BYTEARRAY_ID_`, `DOUBLE_`, `LONG_`, `TEXT_`, `TEXT2_`, `CREATE_TIME_`, `LAST_UPDATED_TIME_`) VALUES ('29ca8f4b-0923-11ee-abdf-b60fbe4e0138', '245a58e7-0923-11ee-8637-b60fbe4e0138', '245aa70a-0923-11ee-8637-b60fbe4e0138', '29c9f30a-0923-11ee-abdf-b60fbe4e0138', 'assignee2', 'string', 0, NULL, NULL, NULL, 'zhao', NULL, '2023-06-12 21:15:12.471', '2023-06-12 21:15:12.471');
INSERT INTO `act_hi_varinst` (`ID_`, `PROC_INST_ID_`, `EXECUTION_ID_`, `TASK_ID_`, `NAME_`, `VAR_TYPE_`, `REV_`, `BYTEARRAY_ID_`, `DOUBLE_`, `LONG_`, `TEXT_`, `TEXT2_`, `CREATE_TIME_`, `LAST_UPDATED_TIME_`) VALUES ('29ca8f4d-0923-11ee-abdf-b60fbe4e0138', '245a58e7-0923-11ee-8637-b60fbe4e0138', '245aa70a-0923-11ee-8637-b60fbe4e0138', '29c9f30a-0923-11ee-abdf-b60fbe4e0138', 'assignee1', 'string', 0, NULL, NULL, NULL, 'Lucy03', NULL, '2023-06-12 21:15:12.471', '2023-06-12 21:15:12.471');
INSERT INTO `act_hi_varinst` (`ID_`, `PROC_INST_ID_`, `EXECUTION_ID_`, `TASK_ID_`, `NAME_`, `VAR_TYPE_`, `REV_`, `BYTEARRAY_ID_`, `DOUBLE_`, `LONG_`, `TEXT_`, `TEXT2_`, `CREATE_TIME_`, `LAST_UPDATED_TIME_`) VALUES ('358f0006-12a2-11ee-960f-6c6a7719157b', '358e8ad5-12a2-11ee-960f-6c6a7719157b', '358e8ad5-12a2-11ee-960f-6c6a7719157b', NULL, 'data', 'json', 2, NULL, NULL, NULL, '{\"days\":\"2\",\"reson\":\"\",\"end\":\"2023-06-03\",\"begin\":\"2023-06-01\"}', 'java.util.LinkedHashMap', '2023-06-24 23:17:18.764', '2023-06-25 17:29:38.814');
INSERT INTO `act_hi_varinst` (`ID_`, `PROC_INST_ID_`, `EXECUTION_ID_`, `TASK_ID_`, `NAME_`, `VAR_TYPE_`, `REV_`, `BYTEARRAY_ID_`, `DOUBLE_`, `LONG_`, `TEXT_`, `TEXT2_`, `CREATE_TIME_`, `LAST_UPDATED_TIME_`) VALUES ('359827cc-12a2-11ee-960f-6c6a7719157b', '358e8ad5-12a2-11ee-960f-6c6a7719157b', '358f7538-12a2-11ee-960f-6c6a7719157b', '35951a8b-12a2-11ee-960f-6c6a7719157b', 'data', 'json', 0, NULL, NULL, NULL, '{\"days\":\"2\",\"reson\":\"\",\"end\":\"2023-06-03\",\"begin\":\"2023-06-01\"}', 'java.util.LinkedHashMap', '2023-06-24 23:17:18.823', '2023-06-24 23:17:18.823');
INSERT INTO `act_hi_varinst` (`ID_`, `PROC_INST_ID_`, `EXECUTION_ID_`, `TASK_ID_`, `NAME_`, `VAR_TYPE_`, `REV_`, `BYTEARRAY_ID_`, `DOUBLE_`, `LONG_`, `TEXT_`, `TEXT2_`, `CREATE_TIME_`, `LAST_UPDATED_TIME_`) VALUES ('4141f0b8-09cd-11ee-a2d5-2aee215b35b7', '4141c9a7-09cd-11ee-a2d5-2aee215b35b7', '4141c9a7-09cd-11ee-a2d5-2aee215b35b7', NULL, 'day', 'string', 0, NULL, NULL, NULL, '3', NULL, '2023-06-13 17:32:46.285', '2023-06-13 17:32:46.285');
INSERT INTO `act_hi_varinst` (`ID_`, `PROC_INST_ID_`, `EXECUTION_ID_`, `TASK_ID_`, `NAME_`, `VAR_TYPE_`, `REV_`, `BYTEARRAY_ID_`, `DOUBLE_`, `LONG_`, `TEXT_`, `TEXT2_`, `CREATE_TIME_`, `LAST_UPDATED_TIME_`) VALUES ('41460f72-09cd-11ee-a2d5-2aee215b35b7', '4141c9a7-09cd-11ee-a2d5-2aee215b35b7', '4143775d-09cd-11ee-a2d5-2aee215b35b7', '41454c21-09cd-11ee-a2d5-2aee215b35b7', 'day', 'string', 0, NULL, NULL, NULL, '3', NULL, '2023-06-13 17:32:46.312', '2023-06-13 17:32:46.312');
INSERT INTO `act_hi_varinst` (`ID_`, `PROC_INST_ID_`, `EXECUTION_ID_`, `TASK_ID_`, `NAME_`, `VAR_TYPE_`, `REV_`, `BYTEARRAY_ID_`, `DOUBLE_`, `LONG_`, `TEXT_`, `TEXT2_`, `CREATE_TIME_`, `LAST_UPDATED_TIME_`) VALUES ('41479615-09cd-11ee-a2d5-2aee215b35b7', '4141c9a7-09cd-11ee-a2d5-2aee215b35b7', '414217ca-09cd-11ee-a2d5-2aee215b35b7', '4145250f-09cd-11ee-a2d5-2aee215b35b7', 'day', 'string', 0, NULL, NULL, NULL, '3', NULL, '2023-06-13 17:32:46.322', '2023-06-13 17:32:46.322');
INSERT INTO `act_hi_varinst` (`ID_`, `PROC_INST_ID_`, `EXECUTION_ID_`, `TASK_ID_`, `NAME_`, `VAR_TYPE_`, `REV_`, `BYTEARRAY_ID_`, `DOUBLE_`, `LONG_`, `TEXT_`, `TEXT2_`, `CREATE_TIME_`, `LAST_UPDATED_TIME_`) VALUES ('6b2b7f39-0920-11ee-b7b6-b60fbe4e0138', '6b2b3118-0920-11ee-b7b6-b60fbe4e0138', '6b2b3118-0920-11ee-b7b6-b60fbe4e0138', NULL, 'assignee2', 'string', 0, NULL, NULL, NULL, 'Mack01', NULL, '2023-06-12 20:55:33.668', '2023-06-12 20:55:33.668');
INSERT INTO `act_hi_varinst` (`ID_`, `PROC_INST_ID_`, `EXECUTION_ID_`, `TASK_ID_`, `NAME_`, `VAR_TYPE_`, `REV_`, `BYTEARRAY_ID_`, `DOUBLE_`, `LONG_`, `TEXT_`, `TEXT2_`, `CREATE_TIME_`, `LAST_UPDATED_TIME_`) VALUES ('6b2ba64b-0920-11ee-b7b6-b60fbe4e0138', '6b2b3118-0920-11ee-b7b6-b60fbe4e0138', '6b2b3118-0920-11ee-b7b6-b60fbe4e0138', NULL, 'assignee1', 'string', 0, NULL, NULL, NULL, 'Lucy01', NULL, '2023-06-12 20:55:33.669', '2023-06-12 20:55:33.669');
INSERT INTO `act_hi_varinst` (`ID_`, `PROC_INST_ID_`, `EXECUTION_ID_`, `TASK_ID_`, `NAME_`, `VAR_TYPE_`, `REV_`, `BYTEARRAY_ID_`, `DOUBLE_`, `LONG_`, `TEXT_`, `TEXT2_`, `CREATE_TIME_`, `LAST_UPDATED_TIME_`) VALUES ('6b2eb291-0920-11ee-b7b6-b60fbe4e0138', '6b2b3118-0920-11ee-b7b6-b60fbe4e0138', '6b2ba64d-0920-11ee-b7b6-b60fbe4e0138', '6b2def40-0920-11ee-b7b6-b60fbe4e0138', 'assignee2', 'string', 0, NULL, NULL, NULL, 'Mack01', NULL, '2023-06-12 20:55:33.689', '2023-06-12 20:55:33.689');
INSERT INTO `act_hi_varinst` (`ID_`, `PROC_INST_ID_`, `EXECUTION_ID_`, `TASK_ID_`, `NAME_`, `VAR_TYPE_`, `REV_`, `BYTEARRAY_ID_`, `DOUBLE_`, `LONG_`, `TEXT_`, `TEXT2_`, `CREATE_TIME_`, `LAST_UPDATED_TIME_`) VALUES ('6b2eb293-0920-11ee-b7b6-b60fbe4e0138', '6b2b3118-0920-11ee-b7b6-b60fbe4e0138', '6b2ba64d-0920-11ee-b7b6-b60fbe4e0138', '6b2def40-0920-11ee-b7b6-b60fbe4e0138', 'assignee1', 'string', 0, NULL, NULL, NULL, 'Lucy01', NULL, '2023-06-12 20:55:33.689', '2023-06-12 20:55:33.689');
INSERT INTO `act_hi_varinst` (`ID_`, `PROC_INST_ID_`, `EXECUTION_ID_`, `TASK_ID_`, `NAME_`, `VAR_TYPE_`, `REV_`, `BYTEARRAY_ID_`, `DOUBLE_`, `LONG_`, `TEXT_`, `TEXT2_`, `CREATE_TIME_`, `LAST_UPDATED_TIME_`) VALUES ('714ad851-09cd-11ee-b620-2aee215b35b7', '714ab140-09cd-11ee-b620-2aee215b35b7', '714ab140-09cd-11ee-b620-2aee215b35b7', NULL, 'day', 'string', 0, NULL, NULL, NULL, '3', NULL, '2023-06-13 17:34:06.874', '2023-06-13 17:34:06.874');
INSERT INTO `act_hi_varinst` (`ID_`, `PROC_INST_ID_`, `EXECUTION_ID_`, `TASK_ID_`, `NAME_`, `VAR_TYPE_`, `REV_`, `BYTEARRAY_ID_`, `DOUBLE_`, `LONG_`, `TEXT_`, `TEXT2_`, `CREATE_TIME_`, `LAST_UPDATED_TIME_`) VALUES ('714ea8eb-09cd-11ee-b620-2aee215b35b7', '714ab140-09cd-11ee-b620-2aee215b35b7', '714c37e6-09cd-11ee-b620-2aee215b35b7', '714e0caa-09cd-11ee-b620-2aee215b35b7', 'day', 'string', 0, NULL, NULL, NULL, '3', NULL, '2023-06-13 17:34:06.899', '2023-06-13 17:34:06.899');
INSERT INTO `act_hi_varinst` (`ID_`, `PROC_INST_ID_`, `EXECUTION_ID_`, `TASK_ID_`, `NAME_`, `VAR_TYPE_`, `REV_`, `BYTEARRAY_ID_`, `DOUBLE_`, `LONG_`, `TEXT_`, `TEXT2_`, `CREATE_TIME_`, `LAST_UPDATED_TIME_`) VALUES ('714ef70e-09cd-11ee-b620-2aee215b35b7', '714ab140-09cd-11ee-b620-2aee215b35b7', '714aff63-09cd-11ee-b620-2aee215b35b7', '714e0ca8-09cd-11ee-b620-2aee215b35b7', 'day', 'string', 0, NULL, NULL, NULL, '3', NULL, '2023-06-13 17:34:06.901', '2023-06-13 17:34:06.901');
INSERT INTO `act_hi_varinst` (`ID_`, `PROC_INST_ID_`, `EXECUTION_ID_`, `TASK_ID_`, `NAME_`, `VAR_TYPE_`, `REV_`, `BYTEARRAY_ID_`, `DOUBLE_`, `LONG_`, `TEXT_`, `TEXT2_`, `CREATE_TIME_`, `LAST_UPDATED_TIME_`) VALUES ('851ca832-09cc-11ee-a8fc-2aee215b35b7', '851c5a11-09cc-11ee-a8fc-2aee215b35b7', '851c5a11-09cc-11ee-a8fc-2aee215b35b7', NULL, 'day', 'string', 3, NULL, NULL, NULL, '3', NULL, '2023-06-13 17:27:30.629', '2023-06-13 17:30:28.811');
INSERT INTO `act_hi_varinst` (`ID_`, `PROC_INST_ID_`, `EXECUTION_ID_`, `TASK_ID_`, `NAME_`, `VAR_TYPE_`, `REV_`, `BYTEARRAY_ID_`, `DOUBLE_`, `LONG_`, `TEXT_`, `TEXT2_`, `CREATE_TIME_`, `LAST_UPDATED_TIME_`) VALUES ('85209fdc-09cc-11ee-a8fc-2aee215b35b7', '851c5a11-09cc-11ee-a8fc-2aee215b35b7', '851e2ed7-09cc-11ee-a8fc-2aee215b35b7', '8520039b-09cc-11ee-a8fc-2aee215b35b7', 'day', 'string', 0, NULL, NULL, NULL, '3', NULL, '2023-06-13 17:27:30.655', '2023-06-13 17:27:30.655');
INSERT INTO `act_hi_varinst` (`ID_`, `PROC_INST_ID_`, `EXECUTION_ID_`, `TASK_ID_`, `NAME_`, `VAR_TYPE_`, `REV_`, `BYTEARRAY_ID_`, `DOUBLE_`, `LONG_`, `TEXT_`, `TEXT2_`, `CREATE_TIME_`, `LAST_UPDATED_TIME_`) VALUES ('85213c1f-09cc-11ee-a8fc-2aee215b35b7', '851c5a11-09cc-11ee-a8fc-2aee215b35b7', '851ccf44-09cc-11ee-a8fc-2aee215b35b7', '85200399-09cc-11ee-a8fc-2aee215b35b7', 'day', 'string', 0, NULL, NULL, NULL, '3', NULL, '2023-06-13 17:27:30.659', '2023-06-13 17:27:30.659');
INSERT INTO `act_hi_varinst` (`ID_`, `PROC_INST_ID_`, `EXECUTION_ID_`, `TASK_ID_`, `NAME_`, `VAR_TYPE_`, `REV_`, `BYTEARRAY_ID_`, `DOUBLE_`, `LONG_`, `TEXT_`, `TEXT2_`, `CREATE_TIME_`, `LAST_UPDATED_TIME_`) VALUES ('a1efb8d7-09ca-11ee-a1d9-2aee215b35b7', 'a1ef91c6-09ca-11ee-a1d9-2aee215b35b7', 'a1ef91c6-09ca-11ee-a1d9-2aee215b35b7', NULL, 'day', 'string', 0, NULL, NULL, NULL, '3', NULL, '2023-06-13 17:13:59.995', '2023-06-13 17:13:59.995');
INSERT INTO `act_hi_varinst` (`ID_`, `PROC_INST_ID_`, `EXECUTION_ID_`, `TASK_ID_`, `NAME_`, `VAR_TYPE_`, `REV_`, `BYTEARRAY_ID_`, `DOUBLE_`, `LONG_`, `TEXT_`, `TEXT2_`, `CREATE_TIME_`, `LAST_UPDATED_TIME_`) VALUES ('a1f29f0e-09ca-11ee-a1d9-2aee215b35b7', 'a1ef91c6-09ca-11ee-a1d9-2aee215b35b7', 'a1efdfe9-09ca-11ee-a1d9-2aee215b35b7', 'a1f202cd-09ca-11ee-a1d9-2aee215b35b7', 'day', 'string', 0, NULL, NULL, NULL, '3', NULL, '2023-06-13 17:14:00.014', '2023-06-13 17:14:00.014');
INSERT INTO `act_hi_varinst` (`ID_`, `PROC_INST_ID_`, `EXECUTION_ID_`, `TASK_ID_`, `NAME_`, `VAR_TYPE_`, `REV_`, `BYTEARRAY_ID_`, `DOUBLE_`, `LONG_`, `TEXT_`, `TEXT2_`, `CREATE_TIME_`, `LAST_UPDATED_TIME_`) VALUES ('d375e086-09cc-11ee-9240-2aee215b35b7', '851c5a11-09cc-11ee-a8fc-2aee215b35b7', '851ccf44-09cc-11ee-a8fc-2aee215b35b7', 'd3756b55-09cc-11ee-9240-2aee215b35b7', 'day', 'string', 0, NULL, NULL, NULL, '3', NULL, '2023-06-13 17:29:42.076', '2023-06-13 17:29:42.076');
INSERT INTO `act_hi_varinst` (`ID_`, `PROC_INST_ID_`, `EXECUTION_ID_`, `TASK_ID_`, `NAME_`, `VAR_TYPE_`, `REV_`, `BYTEARRAY_ID_`, `DOUBLE_`, `LONG_`, `TEXT_`, `TEXT2_`, `CREATE_TIME_`, `LAST_UPDATED_TIME_`) VALUES ('ffa788ef-09c9-11ee-a564-2aee215b35b7', 'ffa761de-09c9-11ee-a564-2aee215b35b7', 'ffa761de-09c9-11ee-a564-2aee215b35b7', NULL, 'day', 'string', 0, NULL, NULL, NULL, '2', NULL, '2023-06-13 17:09:27.731', '2023-06-13 17:09:27.731');
INSERT INTO `act_hi_varinst` (`ID_`, `PROC_INST_ID_`, `EXECUTION_ID_`, `TASK_ID_`, `NAME_`, `VAR_TYPE_`, `REV_`, `BYTEARRAY_ID_`, `DOUBLE_`, `LONG_`, `TEXT_`, `TEXT2_`, `CREATE_TIME_`, `LAST_UPDATED_TIME_`) VALUES ('ffabceb6-09c9-11ee-a564-2aee215b35b7', 'ffa761de-09c9-11ee-a564-2aee215b35b7', 'ffa7b001-09c9-11ee-a564-2aee215b35b7', 'ffaa4815-09c9-11ee-a564-2aee215b35b7', 'day', 'string', 0, NULL, NULL, NULL, '2', NULL, '2023-06-13 17:09:27.759', '2023-06-13 17:09:27.759');
COMMIT;

-- ----------------------------
-- Table structure for act_procdef_info
-- ----------------------------
DROP TABLE IF EXISTS `act_procdef_info`;
CREATE TABLE `act_procdef_info` (
  `ID_` varchar(64) CHARACTER SET utf8 COLLATE utf8_bin NOT NULL,
  `PROC_DEF_ID_` varchar(64) CHARACTER SET utf8 COLLATE utf8_bin NOT NULL,
  `REV_` int DEFAULT NULL,
  `INFO_JSON_ID_` varchar(64) CHARACTER SET utf8 COLLATE utf8_bin DEFAULT NULL,
  PRIMARY KEY (`ID_`),
  UNIQUE KEY `ACT_UNIQ_INFO_PROCDEF` (`PROC_DEF_ID_`),
  KEY `ACT_IDX_INFO_PROCDEF` (`PROC_DEF_ID_`),
  KEY `ACT_FK_INFO_JSON_BA` (`INFO_JSON_ID_`),
  CONSTRAINT `ACT_FK_INFO_JSON_BA` FOREIGN KEY (`INFO_JSON_ID_`) REFERENCES `act_ge_bytearray` (`ID_`),
  CONSTRAINT `ACT_FK_INFO_PROCDEF` FOREIGN KEY (`PROC_DEF_ID_`) REFERENCES `act_re_procdef` (`ID_`)
) ENGINE=InnoDB DEFAULT CHARSET=utf8mb3 COLLATE=utf8_bin;

-- ----------------------------
-- Records of act_procdef_info
-- ----------------------------
BEGIN;
COMMIT;

-- ----------------------------
-- Table structure for act_re_deployment
-- ----------------------------
DROP TABLE IF EXISTS `act_re_deployment`;
CREATE TABLE `act_re_deployment` (
  `ID_` varchar(64) CHARACTER SET utf8 COLLATE utf8_bin NOT NULL,
  `NAME_` varchar(255) CHARACTER SET utf8 COLLATE utf8_bin DEFAULT NULL,
  `CATEGORY_` varchar(255) CHARACTER SET utf8 COLLATE utf8_bin DEFAULT NULL,
  `KEY_` varchar(255) CHARACTER SET utf8 COLLATE utf8_bin DEFAULT NULL,
  `TENANT_ID_` varchar(255) CHARACTER SET utf8 COLLATE utf8_bin DEFAULT '',
  `DEPLOY_TIME_` timestamp(3) NULL DEFAULT NULL,
  `ENGINE_VERSION_` varchar(255) CHARACTER SET utf8 COLLATE utf8_bin DEFAULT NULL,
  `VERSION_` int DEFAULT '1',
  `PROJECT_RELEASE_VERSION_` varchar(255) CHARACTER SET utf8 COLLATE utf8_bin DEFAULT NULL,
  PRIMARY KEY (`ID_`)
) ENGINE=InnoDB DEFAULT CHARSET=utf8mb3 COLLATE=utf8_bin;

-- ----------------------------
-- Records of act_re_deployment
-- ----------------------------
BEGIN;
INSERT INTO `act_re_deployment` (`ID_`, `NAME_`, `CATEGORY_`, `KEY_`, `TENANT_ID_`, `DEPLOY_TIME_`, `ENGINE_VERSION_`, `VERSION_`, `PROJECT_RELEASE_VERSION_`) VALUES ('03115a7a-130f-11ee-a64b-6c6a7719157b', 'SpringAutoDeployment', NULL, NULL, '', '2023-06-25 12:16:09.123', NULL, 112, NULL);
INSERT INTO `act_re_deployment` (`ID_`, `NAME_`, `CATEGORY_`, `KEY_`, `TENANT_ID_`, `DEPLOY_TIME_`, `ENGINE_VERSION_`, `VERSION_`, `PROJECT_RELEASE_VERSION_`) VALUES ('031c8eee-09c3-11ee-993e-2aee215b35b7', 'SpringAutoDeployment', NULL, NULL, '', '2023-06-13 08:19:27.045', NULL, 24, NULL);
INSERT INTO `act_re_deployment` (`ID_`, `NAME_`, `CATEGORY_`, `KEY_`, `TENANT_ID_`, `DEPLOY_TIME_`, `ENGINE_VERSION_`, `VERSION_`, `PROJECT_RELEASE_VERSION_`) VALUES ('041016af-09c3-11ee-993e-2aee215b35b7', '04', NULL, NULL, '', '2023-06-13 08:19:28.650', NULL, 1, NULL);
INSERT INTO `act_re_deployment` (`ID_`, `NAME_`, `CATEGORY_`, `KEY_`, `TENANT_ID_`, `DEPLOY_TIME_`, `ENGINE_VERSION_`, `VERSION_`, `PROJECT_RELEASE_VERSION_`) VALUES ('08e40dc0-09c3-11ee-8285-2aee215b35b7', 'SpringAutoDeployment', NULL, NULL, '', '2023-06-13 08:19:36.742', NULL, 25, NULL);
INSERT INTO `act_re_deployment` (`ID_`, `NAME_`, `CATEGORY_`, `KEY_`, `TENANT_ID_`, `DEPLOY_TIME_`, `ENGINE_VERSION_`, `VERSION_`, `PROJECT_RELEASE_VERSION_`) VALUES ('0a73826b-09ca-11ee-89e6-2aee215b35b7', 'SpringAutoDeployment', NULL, NULL, '', '2023-06-13 09:09:45.834', NULL, 46, NULL);
INSERT INTO `act_re_deployment` (`ID_`, `NAME_`, `CATEGORY_`, `KEY_`, `TENANT_ID_`, `DEPLOY_TIME_`, `ENGINE_VERSION_`, `VERSION_`, `PROJECT_RELEASE_VERSION_`) VALUES ('0ace69cd-09c9-11ee-8278-2aee215b35b7', 'SpringAutoDeployment', NULL, NULL, '', '2023-06-13 09:02:36.934', NULL, 33, NULL);
INSERT INTO `act_re_deployment` (`ID_`, `NAME_`, `CATEGORY_`, `KEY_`, `TENANT_ID_`, `DEPLOY_TIME_`, `ENGINE_VERSION_`, `VERSION_`, `PROJECT_RELEASE_VERSION_`) VALUES ('0bbc9a5e-09c9-11ee-8278-2aee215b35b7', '001', NULL, NULL, '', '2023-06-13 09:02:38.505', NULL, 1, NULL);
INSERT INTO `act_re_deployment` (`ID_`, `NAME_`, `CATEGORY_`, `KEY_`, `TENANT_ID_`, `DEPLOY_TIME_`, `ENGINE_VERSION_`, `VERSION_`, `PROJECT_RELEASE_VERSION_`) VALUES ('0f3f3100-09c9-11ee-8884-2aee215b35b7', 'SpringAutoDeployment', NULL, NULL, '', '2023-06-13 09:02:44.382', NULL, 34, NULL);
INSERT INTO `act_re_deployment` (`ID_`, `NAME_`, `CATEGORY_`, `KEY_`, `TENANT_ID_`, `DEPLOY_TIME_`, `ENGINE_VERSION_`, `VERSION_`, `PROJECT_RELEASE_VERSION_`) VALUES ('14eeebe6-09ca-11ee-a53f-2aee215b35b7', 'SpringAutoDeployment', NULL, NULL, '', '2023-06-13 09:10:03.419', NULL, 47, NULL);
INSERT INTO `act_re_deployment` (`ID_`, `NAME_`, `CATEGORY_`, `KEY_`, `TENANT_ID_`, `DEPLOY_TIME_`, `ENGINE_VERSION_`, `VERSION_`, `PROJECT_RELEASE_VERSION_`) VALUES ('1a1dc8c6-09c9-11ee-9d3d-2aee215b35b7', 'SpringAutoDeployment', NULL, NULL, '', '2023-06-13 09:03:02.618', NULL, 35, NULL);
INSERT INTO `act_re_deployment` (`ID_`, `NAME_`, `CATEGORY_`, `KEY_`, `TENANT_ID_`, `DEPLOY_TIME_`, `ENGINE_VERSION_`, `VERSION_`, `PROJECT_RELEASE_VERSION_`) VALUES ('1b4c40f7-09ca-11ee-9665-2aee215b35b7', 'SpringAutoDeployment', NULL, NULL, '', '2023-06-13 09:10:14.095', NULL, 48, NULL);
INSERT INTO `act_re_deployment` (`ID_`, `NAME_`, `CATEGORY_`, `KEY_`, `TENANT_ID_`, `DEPLOY_TIME_`, `ENGINE_VERSION_`, `VERSION_`, `PROJECT_RELEASE_VERSION_`) VALUES ('1ebcd0ca-0923-11ee-b61c-b60fbe4e0138', 'SpringAutoDeployment', NULL, NULL, '', '2023-06-12 13:14:53.919', NULL, 20, NULL);
INSERT INTO `act_re_deployment` (`ID_`, `NAME_`, `CATEGORY_`, `KEY_`, `TENANT_ID_`, `DEPLOY_TIME_`, `ENGINE_VERSION_`, `VERSION_`, `PROJECT_RELEASE_VERSION_`) VALUES ('1fc05e1b-0923-11ee-b61c-b60fbe4e0138', '', NULL, NULL, '', '2023-06-12 13:14:55.627', NULL, 1, NULL);
INSERT INTO `act_re_deployment` (`ID_`, `NAME_`, `CATEGORY_`, `KEY_`, `TENANT_ID_`, `DEPLOY_TIME_`, `ENGINE_VERSION_`, `VERSION_`, `PROJECT_RELEASE_VERSION_`) VALUES ('209d58d0-0851-11ee-8503-f6047975ea81', 'SpringAutoDeployment', NULL, NULL, '', '2023-06-11 12:11:42.759', NULL, 3, NULL);
INSERT INTO `act_re_deployment` (`ID_`, `NAME_`, `CATEGORY_`, `KEY_`, `TENANT_ID_`, `DEPLOY_TIME_`, `ENGINE_VERSION_`, `VERSION_`, `PROJECT_RELEASE_VERSION_`) VALUES ('22a41943-135d-11ee-8caa-6c6a7719157b', 'SpringAutoDeployment', NULL, NULL, '', '2023-06-25 21:35:22.870', NULL, 123, NULL);
INSERT INTO `act_re_deployment` (`ID_`, `NAME_`, `CATEGORY_`, `KEY_`, `TENANT_ID_`, `DEPLOY_TIME_`, `ENGINE_VERSION_`, `VERSION_`, `PROJECT_RELEASE_VERSION_`) VALUES ('236f5ca6-0923-11ee-8637-b60fbe4e0138', 'SpringAutoDeployment', NULL, NULL, '', '2023-06-12 13:15:01.800', NULL, 21, NULL);
INSERT INTO `act_re_deployment` (`ID_`, `NAME_`, `CATEGORY_`, `KEY_`, `TENANT_ID_`, `DEPLOY_TIME_`, `ENGINE_VERSION_`, `VERSION_`, `PROJECT_RELEASE_VERSION_`) VALUES ('273a58e4-0921-11ee-a171-b60fbe4e0138', 'SpringAutoDeployment', NULL, NULL, '', '2023-06-12 13:00:49.167', NULL, 15, NULL);
INSERT INTO `act_re_deployment` (`ID_`, `NAME_`, `CATEGORY_`, `KEY_`, `TENANT_ID_`, `DEPLOY_TIME_`, `ENGINE_VERSION_`, `VERSION_`, `PROJECT_RELEASE_VERSION_`) VALUES ('28ca0f35-0923-11ee-abdf-b60fbe4e0138', 'SpringAutoDeployment', NULL, NULL, '', '2023-06-12 13:15:10.777', NULL, 22, NULL);
INSERT INTO `act_re_deployment` (`ID_`, `NAME_`, `CATEGORY_`, `KEY_`, `TENANT_ID_`, `DEPLOY_TIME_`, `ENGINE_VERSION_`, `VERSION_`, `PROJECT_RELEASE_VERSION_`) VALUES ('2a447dc8-0b68-11ee-9242-eadab274632e', 'SpringAutoDeployment', NULL, NULL, '', '2023-06-15 18:34:10.851', NULL, 84, NULL);
INSERT INTO `act_re_deployment` (`ID_`, `NAME_`, `CATEGORY_`, `KEY_`, `TENANT_ID_`, `DEPLOY_TIME_`, `ENGINE_VERSION_`, `VERSION_`, `PROJECT_RELEASE_VERSION_`) VALUES ('2d67bbba-0851-11ee-a131-f6047975ea81', 'SpringAutoDeployment', NULL, NULL, '', '2023-06-11 12:12:04.218', NULL, 4, NULL);
INSERT INTO `act_re_deployment` (`ID_`, `NAME_`, `CATEGORY_`, `KEY_`, `TENANT_ID_`, `DEPLOY_TIME_`, `ENGINE_VERSION_`, `VERSION_`, `PROJECT_RELEASE_VERSION_`) VALUES ('2e052bb3-0923-11ee-96d1-b60fbe4e0138', 'SpringAutoDeployment', NULL, NULL, '', '2023-06-12 13:15:19.558', NULL, 23, NULL);
INSERT INTO `act_re_deployment` (`ID_`, `NAME_`, `CATEGORY_`, `KEY_`, `TENANT_ID_`, `DEPLOY_TIME_`, `ENGINE_VERSION_`, `VERSION_`, `PROJECT_RELEASE_VERSION_`) VALUES ('2e3dd06b-0851-11ee-a131-f6047975ea81', '', NULL, NULL, '', '2023-06-11 12:12:05.624', NULL, 1, NULL);
INSERT INTO `act_re_deployment` (`ID_`, `NAME_`, `CATEGORY_`, `KEY_`, `TENANT_ID_`, `DEPLOY_TIME_`, `ENGINE_VERSION_`, `VERSION_`, `PROJECT_RELEASE_VERSION_`) VALUES ('307da0d0-0b51-11ee-abca-62668ea275af', 'SpringAutoDeployment', NULL, NULL, '', '2023-06-15 15:49:42.869', NULL, 81, NULL);
INSERT INTO `act_re_deployment` (`ID_`, `NAME_`, `CATEGORY_`, `KEY_`, `TENANT_ID_`, `DEPLOY_TIME_`, `ENGINE_VERSION_`, `VERSION_`, `PROJECT_RELEASE_VERSION_`) VALUES ('330fa5b5-09c3-11ee-84f1-2aee215b35b7', 'SpringAutoDeployment', NULL, NULL, '', '2023-06-13 08:20:47.489', NULL, 26, NULL);
INSERT INTO `act_re_deployment` (`ID_`, `NAME_`, `CATEGORY_`, `KEY_`, `TENANT_ID_`, `DEPLOY_TIME_`, `ENGINE_VERSION_`, `VERSION_`, `PROJECT_RELEASE_VERSION_`) VALUES ('33e5cc77-0922-11ee-87ff-b60fbe4e0138', 'SpringAutoDeployment', NULL, NULL, '', '2023-06-12 13:08:19.923', NULL, 18, NULL);
INSERT INTO `act_re_deployment` (`ID_`, `NAME_`, `CATEGORY_`, `KEY_`, `TENANT_ID_`, `DEPLOY_TIME_`, `ENGINE_VERSION_`, `VERSION_`, `PROJECT_RELEASE_VERSION_`) VALUES ('3811294e-133f-11ee-9cc2-6c6a7719157b', 'SpringAutoDeployment', NULL, NULL, '', '2023-06-25 18:01:13.899', NULL, 115, NULL);
INSERT INTO `act_re_deployment` (`ID_`, `NAME_`, `CATEGORY_`, `KEY_`, `TENANT_ID_`, `DEPLOY_TIME_`, `ENGINE_VERSION_`, `VERSION_`, `PROJECT_RELEASE_VERSION_`) VALUES ('3896dce9-134b-11ee-a2c4-6c6a7719157b', 'SpringAutoDeployment', NULL, NULL, '', '2023-06-25 19:27:08.743', NULL, 119, NULL);
INSERT INTO `act_re_deployment` (`ID_`, `NAME_`, `CATEGORY_`, `KEY_`, `TENANT_ID_`, `DEPLOY_TIME_`, `ENGINE_VERSION_`, `VERSION_`, `PROJECT_RELEASE_VERSION_`) VALUES ('3afb6a2f-0921-11ee-8129-b60fbe4e0138', 'SpringAutoDeployment', NULL, NULL, '', '2023-06-12 13:01:22.311', NULL, 16, NULL);
INSERT INTO `act_re_deployment` (`ID_`, `NAME_`, `CATEGORY_`, `KEY_`, `TENANT_ID_`, `DEPLOY_TIME_`, `ENGINE_VERSION_`, `VERSION_`, `PROJECT_RELEASE_VERSION_`) VALUES ('3ba181fc-09cd-11ee-858d-2aee215b35b7', 'SpringAutoDeployment', NULL, NULL, '', '2023-06-13 09:32:36.832', NULL, 65, NULL);
INSERT INTO `act_re_deployment` (`ID_`, `NAME_`, `CATEGORY_`, `KEY_`, `TENANT_ID_`, `DEPLOY_TIME_`, `ENGINE_VERSION_`, `VERSION_`, `PROJECT_RELEASE_VERSION_`) VALUES ('3c97058d-09cd-11ee-858d-2aee215b35b7', '002', NULL, NULL, '', '2023-06-13 09:32:38.454', NULL, 1, NULL);
INSERT INTO `act_re_deployment` (`ID_`, `NAME_`, `CATEGORY_`, `KEY_`, `TENANT_ID_`, `DEPLOY_TIME_`, `ENGINE_VERSION_`, `VERSION_`, `PROJECT_RELEASE_VERSION_`) VALUES ('3f566309-1161-11ee-af81-3a6ad8456a2a', 'SpringAutoDeployment', NULL, NULL, '', '2023-06-23 08:59:46.703', NULL, 109, NULL);
INSERT INTO `act_re_deployment` (`ID_`, `NAME_`, `CATEGORY_`, `KEY_`, `TENANT_ID_`, `DEPLOY_TIME_`, `ENGINE_VERSION_`, `VERSION_`, `PROJECT_RELEASE_VERSION_`) VALUES ('40476416-09cd-11ee-a2d5-2aee215b35b7', 'SpringAutoDeployment', NULL, NULL, '', '2023-06-13 09:32:44.624', NULL, 66, NULL);
INSERT INTO `act_re_deployment` (`ID_`, `NAME_`, `CATEGORY_`, `KEY_`, `TENANT_ID_`, `DEPLOY_TIME_`, `ENGINE_VERSION_`, `VERSION_`, `PROJECT_RELEASE_VERSION_`) VALUES ('439d3fbd-0be1-11ee-9b8a-b2cae330c07d', 'SpringAutoDeployment', NULL, NULL, '', '2023-06-16 09:01:02.485', NULL, 96, NULL);
INSERT INTO `act_re_deployment` (`ID_`, `NAME_`, `CATEGORY_`, `KEY_`, `TENANT_ID_`, `DEPLOY_TIME_`, `ENGINE_VERSION_`, `VERSION_`, `PROJECT_RELEASE_VERSION_`) VALUES ('44f6a05b-0f39-11ee-a72a-be70819005fd', 'SpringAutoDeployment', NULL, NULL, '', '2023-06-20 15:08:33.949', NULL, 104, NULL);
INSERT INTO `act_re_deployment` (`ID_`, `NAME_`, `CATEGORY_`, `KEY_`, `TENANT_ID_`, `DEPLOY_TIME_`, `ENGINE_VERSION_`, `VERSION_`, `PROJECT_RELEASE_VERSION_`) VALUES ('4af55a3e-09c3-11ee-afd3-2aee215b35b7', 'SpringAutoDeployment', NULL, NULL, '', '2023-06-13 08:21:27.579', NULL, 27, NULL);
INSERT INTO `act_re_deployment` (`ID_`, `NAME_`, `CATEGORY_`, `KEY_`, `TENANT_ID_`, `DEPLOY_TIME_`, `ENGINE_VERSION_`, `VERSION_`, `PROJECT_RELEASE_VERSION_`) VALUES ('4c30571f-0b66-11ee-a403-eadab274632e', 'SpringAutoDeployment', NULL, NULL, '', '2023-06-15 18:20:48.774', NULL, 82, NULL);
INSERT INTO `act_re_deployment` (`ID_`, `NAME_`, `CATEGORY_`, `KEY_`, `TENANT_ID_`, `DEPLOY_TIME_`, `ENGINE_VERSION_`, `VERSION_`, `PROJECT_RELEASE_VERSION_`) VALUES ('4cb41504-09cd-11ee-9e85-2aee215b35b7', 'SpringAutoDeployment', NULL, NULL, '', '2023-06-13 09:33:05.472', NULL, 67, NULL);
INSERT INTO `act_re_deployment` (`ID_`, `NAME_`, `CATEGORY_`, `KEY_`, `TENANT_ID_`, `DEPLOY_TIME_`, `ENGINE_VERSION_`, `VERSION_`, `PROJECT_RELEASE_VERSION_`) VALUES ('4e22cb37-1348-11ee-b439-6c6a7719157b', 'SpringAutoDeployment', NULL, NULL, '', '2023-06-25 19:06:16.417', NULL, 118, NULL);
INSERT INTO `act_re_deployment` (`ID_`, `NAME_`, `CATEGORY_`, `KEY_`, `TENANT_ID_`, `DEPLOY_TIME_`, `ENGINE_VERSION_`, `VERSION_`, `PROJECT_RELEASE_VERSION_`) VALUES ('4f9d665c-0d0f-11ee-a80d-263ef714e806', 'SpringAutoDeployment', NULL, NULL, '', '2023-06-17 21:03:10.630', NULL, 100, NULL);
INSERT INTO `act_re_deployment` (`ID_`, `NAME_`, `CATEGORY_`, `KEY_`, `TENANT_ID_`, `DEPLOY_TIME_`, `ENGINE_VERSION_`, `VERSION_`, `PROJECT_RELEASE_VERSION_`) VALUES ('50fd6437-08f4-11ee-9190-969bbc5bdb82', 'SpringAutoDeployment', NULL, NULL, '', '2023-06-12 07:39:51.886', NULL, 5, NULL);
INSERT INTO `act_re_deployment` (`ID_`, `NAME_`, `CATEGORY_`, `KEY_`, `TENANT_ID_`, `DEPLOY_TIME_`, `ENGINE_VERSION_`, `VERSION_`, `PROJECT_RELEASE_VERSION_`) VALUES ('5107f29b-0f36-11ee-aef1-be70819005fd', 'SpringAutoDeployment', NULL, NULL, '', '2023-06-20 14:47:25.704', NULL, 103, NULL);
INSERT INTO `act_re_deployment` (`ID_`, `NAME_`, `CATEGORY_`, `KEY_`, `TENANT_ID_`, `DEPLOY_TIME_`, `ENGINE_VERSION_`, `VERSION_`, `PROJECT_RELEASE_VERSION_`) VALUES ('526b5ddc-0922-11ee-b266-b60fbe4e0138', 'SpringAutoDeployment', NULL, NULL, '', '2023-06-12 13:09:11.131', NULL, 19, NULL);
INSERT INTO `act_re_deployment` (`ID_`, `NAME_`, `CATEGORY_`, `KEY_`, `TENANT_ID_`, `DEPLOY_TIME_`, `ENGINE_VERSION_`, `VERSION_`, `PROJECT_RELEASE_VERSION_`) VALUES ('585620c4-09c9-11ee-87c1-2aee215b35b7', 'SpringAutoDeployment', NULL, NULL, '', '2023-06-13 09:04:47.008', NULL, 36, NULL);
INSERT INTO `act_re_deployment` (`ID_`, `NAME_`, `CATEGORY_`, `KEY_`, `TENANT_ID_`, `DEPLOY_TIME_`, `ENGINE_VERSION_`, `VERSION_`, `PROJECT_RELEASE_VERSION_`) VALUES ('5887a607-0b2e-11ee-9e14-96603fbbc836', 'SpringAutoDeployment', NULL, NULL, '', '2023-06-15 03:40:17.663', NULL, 75, NULL);
INSERT INTO `act_re_deployment` (`ID_`, `NAME_`, `CATEGORY_`, `KEY_`, `TENANT_ID_`, `DEPLOY_TIME_`, `ENGINE_VERSION_`, `VERSION_`, `PROJECT_RELEASE_VERSION_`) VALUES ('5a579936-09cd-11ee-87d6-2aee215b35b7', 'SpringAutoDeployment', NULL, NULL, '', '2023-06-13 09:33:28.357', NULL, 68, NULL);
INSERT INTO `act_re_deployment` (`ID_`, `NAME_`, `CATEGORY_`, `KEY_`, `TENANT_ID_`, `DEPLOY_TIME_`, `ENGINE_VERSION_`, `VERSION_`, `PROJECT_RELEASE_VERSION_`) VALUES ('5ddbe3d9-0b68-11ee-96e7-eadab274632e', 'SpringAutoDeployment', NULL, NULL, '', '2023-06-15 18:35:37.408', NULL, 85, NULL);
INSERT INTO `act_re_deployment` (`ID_`, `NAME_`, `CATEGORY_`, `KEY_`, `TENANT_ID_`, `DEPLOY_TIME_`, `ENGINE_VERSION_`, `VERSION_`, `PROJECT_RELEASE_VERSION_`) VALUES ('5eaa8ed6-09c4-11ee-9a21-2aee215b35b7', 'SpringAutoDeployment', NULL, NULL, '', '2023-06-13 08:29:10.144', NULL, 32, NULL);
INSERT INTO `act_re_deployment` (`ID_`, `NAME_`, `CATEGORY_`, `KEY_`, `TENANT_ID_`, `DEPLOY_TIME_`, `ENGINE_VERSION_`, `VERSION_`, `PROJECT_RELEASE_VERSION_`) VALUES ('6342a751-0920-11ee-b502-b60fbe4e0138', 'SpringAutoDeployment', NULL, NULL, '', '2023-06-12 12:55:20.393', NULL, 11, NULL);
INSERT INTO `act_re_deployment` (`ID_`, `NAME_`, `CATEGORY_`, `KEY_`, `TENANT_ID_`, `DEPLOY_TIME_`, `ENGINE_VERSION_`, `VERSION_`, `PROJECT_RELEASE_VERSION_`) VALUES ('643348e2-0920-11ee-b502-b60fbe4e0138', '', NULL, NULL, '', '2023-06-12 12:55:21.975', NULL, 1, NULL);
INSERT INTO `act_re_deployment` (`ID_`, `NAME_`, `CATEGORY_`, `KEY_`, `TENANT_ID_`, `DEPLOY_TIME_`, `ENGINE_VERSION_`, `VERSION_`, `PROJECT_RELEASE_VERSION_`) VALUES ('6734c065-09cd-11ee-8f9a-2aee215b35b7', 'SpringAutoDeployment', NULL, NULL, '', '2023-06-13 09:33:49.933', NULL, 69, NULL);
INSERT INTO `act_re_deployment` (`ID_`, `NAME_`, `CATEGORY_`, `KEY_`, `TENANT_ID_`, `DEPLOY_TIME_`, `ENGINE_VERSION_`, `VERSION_`, `PROJECT_RELEASE_VERSION_`) VALUES ('697fce9c-08f4-11ee-8e71-969bbc5bdb82', 'SpringAutoDeployment', NULL, NULL, '', '2023-06-12 07:40:33.004', NULL, 6, NULL);
INSERT INTO `act_re_deployment` (`ID_`, `NAME_`, `CATEGORY_`, `KEY_`, `TENANT_ID_`, `DEPLOY_TIME_`, `ENGINE_VERSION_`, `VERSION_`, `PROJECT_RELEASE_VERSION_`) VALUES ('6a1c7f9b-0b91-11ee-9296-ba35f404ba7b', 'SpringAutoDeployment', NULL, NULL, '', '2023-06-15 23:29:27.329', NULL, 92, NULL);
INSERT INTO `act_re_deployment` (`ID_`, `NAME_`, `CATEGORY_`, `KEY_`, `TENANT_ID_`, `DEPLOY_TIME_`, `ENGINE_VERSION_`, `VERSION_`, `PROJECT_RELEASE_VERSION_`) VALUES ('6a3fe6b7-0920-11ee-b7b6-b60fbe4e0138', 'SpringAutoDeployment', NULL, NULL, '', '2023-06-12 12:55:32.120', NULL, 12, NULL);
INSERT INTO `act_re_deployment` (`ID_`, `NAME_`, `CATEGORY_`, `KEY_`, `TENANT_ID_`, `DEPLOY_TIME_`, `ENGINE_VERSION_`, `VERSION_`, `PROJECT_RELEASE_VERSION_`) VALUES ('6a6af1ed-08f4-11ee-8e71-969bbc5bdb82', '02', NULL, NULL, '', '2023-06-12 07:40:34.550', NULL, 1, NULL);
INSERT INTO `act_re_deployment` (`ID_`, `NAME_`, `CATEGORY_`, `KEY_`, `TENANT_ID_`, `DEPLOY_TIME_`, `ENGINE_VERSION_`, `VERSION_`, `PROJECT_RELEASE_VERSION_`) VALUES ('6afad1bd-0b91-11ee-84e7-ba35f404ba7b', 'SpringAutoDeployment', NULL, NULL, '', '2023-06-15 23:29:28.788', NULL, 93, NULL);
INSERT INTO `act_re_deployment` (`ID_`, `NAME_`, `CATEGORY_`, `KEY_`, `TENANT_ID_`, `DEPLOY_TIME_`, `ENGINE_VERSION_`, `VERSION_`, `PROJECT_RELEASE_VERSION_`) VALUES ('6f9f0936-08f4-11ee-8d42-969bbc5bdb82', 'SpringAutoDeployment', NULL, NULL, '', '2023-06-12 07:40:43.276', NULL, 7, NULL);
INSERT INTO `act_re_deployment` (`ID_`, `NAME_`, `CATEGORY_`, `KEY_`, `TENANT_ID_`, `DEPLOY_TIME_`, `ENGINE_VERSION_`, `VERSION_`, `PROJECT_RELEASE_VERSION_`) VALUES ('6fba5626-0920-11ee-8e21-b60fbe4e0138', 'SpringAutoDeployment', NULL, NULL, '', '2023-06-12 12:55:41.310', NULL, 13, NULL);
INSERT INTO `act_re_deployment` (`ID_`, `NAME_`, `CATEGORY_`, `KEY_`, `TENANT_ID_`, `DEPLOY_TIME_`, `ENGINE_VERSION_`, `VERSION_`, `PROJECT_RELEASE_VERSION_`) VALUES ('7031c72f-09cd-11ee-b620-2aee215b35b7', 'SpringAutoDeployment', NULL, NULL, '', '2023-06-13 09:34:05.015', NULL, 70, NULL);
INSERT INTO `act_re_deployment` (`ID_`, `NAME_`, `CATEGORY_`, `KEY_`, `TENANT_ID_`, `DEPLOY_TIME_`, `ENGINE_VERSION_`, `VERSION_`, `PROJECT_RELEASE_VERSION_`) VALUES ('71e6ab5e-1112-11ee-8e25-a218864f9800', 'SpringAutoDeployment', NULL, NULL, '', '2023-06-22 23:35:41.293', NULL, 107, NULL);
INSERT INTO `act_re_deployment` (`ID_`, `NAME_`, `CATEGORY_`, `KEY_`, `TENANT_ID_`, `DEPLOY_TIME_`, `ENGINE_VERSION_`, `VERSION_`, `PROJECT_RELEASE_VERSION_`) VALUES ('725fc14b-0b49-11ee-8c37-9efe4bb8d4a4', 'SpringAutoDeployment', NULL, NULL, '', '2023-06-15 06:54:17.434', NULL, 76, NULL);
INSERT INTO `act_re_deployment` (`ID_`, `NAME_`, `CATEGORY_`, `KEY_`, `TENANT_ID_`, `DEPLOY_TIME_`, `ENGINE_VERSION_`, `VERSION_`, `PROJECT_RELEASE_VERSION_`) VALUES ('777d263c-09cd-11ee-bffd-2aee215b35b7', 'SpringAutoDeployment', NULL, NULL, '', '2023-06-13 09:34:17.253', NULL, 71, NULL);
INSERT INTO `act_re_deployment` (`ID_`, `NAME_`, `CATEGORY_`, `KEY_`, `TENANT_ID_`, `DEPLOY_TIME_`, `ENGINE_VERSION_`, `VERSION_`, `PROJECT_RELEASE_VERSION_`) VALUES ('77be0bea-08f4-11ee-80d4-969bbc5bdb82', 'SpringAutoDeployment', NULL, NULL, '', '2023-06-12 07:40:56.900', NULL, 8, NULL);
INSERT INTO `act_re_deployment` (`ID_`, `NAME_`, `CATEGORY_`, `KEY_`, `TENANT_ID_`, `DEPLOY_TIME_`, `ENGINE_VERSION_`, `VERSION_`, `PROJECT_RELEASE_VERSION_`) VALUES ('7be99e50-0839-11ee-8ade-c2f1f6af50f9', 'SpringAutoDeployment', NULL, NULL, '', '2023-06-11 09:22:28.011', NULL, 1, NULL);
INSERT INTO `act_re_deployment` (`ID_`, `NAME_`, `CATEGORY_`, `KEY_`, `TENANT_ID_`, `DEPLOY_TIME_`, `ENGINE_VERSION_`, `VERSION_`, `PROJECT_RELEASE_VERSION_`) VALUES ('7df60f35-09cc-11ee-858f-2aee215b35b7', 'SpringAutoDeployment', NULL, NULL, '', '2023-06-13 09:27:18.619', NULL, 55, NULL);
INSERT INTO `act_re_deployment` (`ID_`, `NAME_`, `CATEGORY_`, `KEY_`, `TENANT_ID_`, `DEPLOY_TIME_`, `ENGINE_VERSION_`, `VERSION_`, `PROJECT_RELEASE_VERSION_`) VALUES ('7f00c876-09cc-11ee-858f-2aee215b35b7', '002', NULL, NULL, '', '2023-06-13 09:27:20.380', NULL, 1, NULL);
INSERT INTO `act_re_deployment` (`ID_`, `NAME_`, `CATEGORY_`, `KEY_`, `TENANT_ID_`, `DEPLOY_TIME_`, `ENGINE_VERSION_`, `VERSION_`, `PROJECT_RELEASE_VERSION_`) VALUES ('7f893337-1360-11ee-93ae-6c6a7719157b', 'SpringAutoDeployment', NULL, NULL, '', '2023-06-25 21:59:27.188', NULL, 124, NULL);
INSERT INTO `act_re_deployment` (`ID_`, `NAME_`, `CATEGORY_`, `KEY_`, `TENANT_ID_`, `DEPLOY_TIME_`, `ENGINE_VERSION_`, `VERSION_`, `PROJECT_RELEASE_VERSION_`) VALUES ('7fe10341-0d0e-11ee-ac6b-263ef714e806', 'SpringAutoDeployment', NULL, NULL, '', '2023-06-17 20:57:22.108', NULL, 99, NULL);
INSERT INTO `act_re_deployment` (`ID_`, `NAME_`, `CATEGORY_`, `KEY_`, `TENANT_ID_`, `DEPLOY_TIME_`, `ENGINE_VERSION_`, `VERSION_`, `PROJECT_RELEASE_VERSION_`) VALUES ('828ae55f-10e5-11ee-99fa-a218864f9800', 'SpringAutoDeployment', NULL, NULL, '', '2023-06-22 18:14:01.860', NULL, 106, NULL);
INSERT INTO `act_re_deployment` (`ID_`, `NAME_`, `CATEGORY_`, `KEY_`, `TENANT_ID_`, `DEPLOY_TIME_`, `ENGINE_VERSION_`, `VERSION_`, `PROJECT_RELEASE_VERSION_`) VALUES ('84199010-09cc-11ee-a8fc-2aee215b35b7', 'SpringAutoDeployment', NULL, NULL, '', '2023-06-13 09:27:28.919', NULL, 56, NULL);
INSERT INTO `act_re_deployment` (`ID_`, `NAME_`, `CATEGORY_`, `KEY_`, `TENANT_ID_`, `DEPLOY_TIME_`, `ENGINE_VERSION_`, `VERSION_`, `PROJECT_RELEASE_VERSION_`) VALUES ('866da51e-0b91-11ee-ac77-ba35f404ba7b', 'SpringAutoDeployment', NULL, NULL, '', '2023-06-15 23:30:14.841', NULL, 94, NULL);
INSERT INTO `act_re_deployment` (`ID_`, `NAME_`, `CATEGORY_`, `KEY_`, `TENANT_ID_`, `DEPLOY_TIME_`, `ENGINE_VERSION_`, `VERSION_`, `PROJECT_RELEASE_VERSION_`) VALUES ('871f3803-1352-11ee-a24a-6c6a7719157b', 'SpringAutoDeployment', NULL, NULL, '', '2023-06-25 20:19:26.980', NULL, 121, NULL);
INSERT INTO `act_re_deployment` (`ID_`, `NAME_`, `CATEGORY_`, `KEY_`, `TENANT_ID_`, `DEPLOY_TIME_`, `ENGINE_VERSION_`, `VERSION_`, `PROJECT_RELEASE_VERSION_`) VALUES ('8739513f-09cd-11ee-a800-2aee215b35b7', 'SpringAutoDeployment', NULL, NULL, '', '2023-06-13 09:34:43.654', NULL, 72, NULL);
INSERT INTO `act_re_deployment` (`ID_`, `NAME_`, `CATEGORY_`, `KEY_`, `TENANT_ID_`, `DEPLOY_TIME_`, `ENGINE_VERSION_`, `VERSION_`, `PROJECT_RELEASE_VERSION_`) VALUES ('89a4a0ee-09cc-11ee-ab3c-2aee215b35b7', 'SpringAutoDeployment', NULL, NULL, '', '2023-06-13 09:27:38.220', NULL, 57, NULL);
INSERT INTO `act_re_deployment` (`ID_`, `NAME_`, `CATEGORY_`, `KEY_`, `TENANT_ID_`, `DEPLOY_TIME_`, `ENGINE_VERSION_`, `VERSION_`, `PROJECT_RELEASE_VERSION_`) VALUES ('91cf254a-0b68-11ee-a536-eadab274632e', 'SpringAutoDeployment', NULL, NULL, '', '2023-06-15 18:37:04.565', NULL, 86, NULL);
INSERT INTO `act_re_deployment` (`ID_`, `NAME_`, `CATEGORY_`, `KEY_`, `TENANT_ID_`, `DEPLOY_TIME_`, `ENGINE_VERSION_`, `VERSION_`, `PROJECT_RELEASE_VERSION_`) VALUES ('91de85f7-09c9-11ee-817c-2aee215b35b7', 'SpringAutoDeployment', NULL, NULL, '', '2023-06-13 09:06:23.532', NULL, 37, NULL);
INSERT INTO `act_re_deployment` (`ID_`, `NAME_`, `CATEGORY_`, `KEY_`, `TENANT_ID_`, `DEPLOY_TIME_`, `ENGINE_VERSION_`, `VERSION_`, `PROJECT_RELEASE_VERSION_`) VALUES ('92c98238-09c9-11ee-817c-2aee215b35b7', '001', NULL, NULL, '', '2023-06-13 09:06:25.082', NULL, 1, NULL);
INSERT INTO `act_re_deployment` (`ID_`, `NAME_`, `CATEGORY_`, `KEY_`, `TENANT_ID_`, `DEPLOY_TIME_`, `ENGINE_VERSION_`, `VERSION_`, `PROJECT_RELEASE_VERSION_`) VALUES ('938175bb-0c61-11ee-bd51-9a827c10f156', 'SpringAutoDeployment', NULL, NULL, '', '2023-06-17 00:19:32.102', NULL, 98, NULL);
INSERT INTO `act_re_deployment` (`ID_`, `NAME_`, `CATEGORY_`, `KEY_`, `TENANT_ID_`, `DEPLOY_TIME_`, `ENGINE_VERSION_`, `VERSION_`, `PROJECT_RELEASE_VERSION_`) VALUES ('94f7e263-09c3-11ee-a948-2aee215b35b7', 'SpringAutoDeployment', NULL, NULL, '', '2023-06-13 08:23:31.748', NULL, 28, NULL);
INSERT INTO `act_re_deployment` (`ID_`, `NAME_`, `CATEGORY_`, `KEY_`, `TENANT_ID_`, `DEPLOY_TIME_`, `ENGINE_VERSION_`, `VERSION_`, `PROJECT_RELEASE_VERSION_`) VALUES ('97784964-0b91-11ee-89d9-ba35f404ba7b', 'SpringAutoDeployment', NULL, NULL, '', '2023-06-15 23:30:43.432', NULL, 95, NULL);
INSERT INTO `act_re_deployment` (`ID_`, `NAME_`, `CATEGORY_`, `KEY_`, `TENANT_ID_`, `DEPLOY_TIME_`, `ENGINE_VERSION_`, `VERSION_`, `PROJECT_RELEASE_VERSION_`) VALUES ('98203ffc-09cd-11ee-85f6-2aee215b35b7', 'SpringAutoDeployment', NULL, NULL, '', '2023-06-13 09:35:12.011', NULL, 73, NULL);
INSERT INTO `act_re_deployment` (`ID_`, `NAME_`, `CATEGORY_`, `KEY_`, `TENANT_ID_`, `DEPLOY_TIME_`, `ENGINE_VERSION_`, `VERSION_`, `PROJECT_RELEASE_VERSION_`) VALUES ('98e19145-09c9-11ee-b45a-2aee215b35b7', 'SpringAutoDeployment', NULL, NULL, '', '2023-06-13 09:06:35.297', NULL, 38, NULL);
INSERT INTO `act_re_deployment` (`ID_`, `NAME_`, `CATEGORY_`, `KEY_`, `TENANT_ID_`, `DEPLOY_TIME_`, `ENGINE_VERSION_`, `VERSION_`, `PROJECT_RELEASE_VERSION_`) VALUES ('997805ad-091f-11ee-970d-b60fbe4e0138', 'SpringAutoDeployment', NULL, NULL, '', '2023-06-12 12:49:41.844', NULL, 9, NULL);
INSERT INTO `act_re_deployment` (`ID_`, `NAME_`, `CATEGORY_`, `KEY_`, `TENANT_ID_`, `DEPLOY_TIME_`, `ENGINE_VERSION_`, `VERSION_`, `PROJECT_RELEASE_VERSION_`) VALUES ('999326a0-09cc-11ee-9f1d-2aee215b35b7', 'SpringAutoDeployment', NULL, NULL, '', '2023-06-13 09:28:04.945', NULL, 58, NULL);
INSERT INTO `act_re_deployment` (`ID_`, `NAME_`, `CATEGORY_`, `KEY_`, `TENANT_ID_`, `DEPLOY_TIME_`, `ENGINE_VERSION_`, `VERSION_`, `PROJECT_RELEASE_VERSION_`) VALUES ('9acfdbc1-09c3-11ee-aa8a-2aee215b35b7', 'SpringAutoDeployment', NULL, NULL, '', '2023-06-13 08:23:41.558', NULL, 29, NULL);
INSERT INTO `act_re_deployment` (`ID_`, `NAME_`, `CATEGORY_`, `KEY_`, `TENANT_ID_`, `DEPLOY_TIME_`, `ENGINE_VERSION_`, `VERSION_`, `PROJECT_RELEASE_VERSION_`) VALUES ('9b2a0581-09ca-11ee-8d3f-2aee215b35b7', 'SpringAutoDeployment', NULL, NULL, '', '2023-06-13 09:13:48.619', NULL, 49, NULL);
INSERT INTO `act_re_deployment` (`ID_`, `NAME_`, `CATEGORY_`, `KEY_`, `TENANT_ID_`, `DEPLOY_TIME_`, `ENGINE_VERSION_`, `VERSION_`, `PROJECT_RELEASE_VERSION_`) VALUES ('9c1528d2-09ca-11ee-8d3f-2aee215b35b7', '001', NULL, NULL, '', '2023-06-13 09:13:50.174', NULL, 1, NULL);
INSERT INTO `act_re_deployment` (`ID_`, `NAME_`, `CATEGORY_`, `KEY_`, `TENANT_ID_`, `DEPLOY_TIME_`, `ENGINE_VERSION_`, `VERSION_`, `PROJECT_RELEASE_VERSION_`) VALUES ('9d6435c1-0850-11ee-aa1a-f6047975ea81', 'SpringAutoDeployment', NULL, NULL, '', '2023-06-11 12:08:02.603', NULL, 2, NULL);
INSERT INTO `act_re_deployment` (`ID_`, `NAME_`, `CATEGORY_`, `KEY_`, `TENANT_ID_`, `DEPLOY_TIME_`, `ENGINE_VERSION_`, `VERSION_`, `PROJECT_RELEASE_VERSION_`) VALUES ('a0e61105-09ca-11ee-a1d9-2aee215b35b7', 'SpringAutoDeployment', NULL, NULL, '', '2023-06-13 09:13:58.242', NULL, 50, NULL);
INSERT INTO `act_re_deployment` (`ID_`, `NAME_`, `CATEGORY_`, `KEY_`, `TENANT_ID_`, `DEPLOY_TIME_`, `ENGINE_VERSION_`, `VERSION_`, `PROJECT_RELEASE_VERSION_`) VALUES ('a3721fbf-0921-11ee-aec3-b60fbe4e0138', 'SpringAutoDeployment', NULL, NULL, '', '2023-06-12 13:04:17.574', NULL, 17, NULL);
INSERT INTO `act_re_deployment` (`ID_`, `NAME_`, `CATEGORY_`, `KEY_`, `TENANT_ID_`, `DEPLOY_TIME_`, `ENGINE_VERSION_`, `VERSION_`, `PROJECT_RELEASE_VERSION_`) VALUES ('a4d61488-09c3-11ee-bbed-2aee215b35b7', 'SpringAutoDeployment', NULL, NULL, '', '2023-06-13 08:23:58.371', NULL, 30, NULL);
INSERT INTO `act_re_deployment` (`ID_`, `NAME_`, `CATEGORY_`, `KEY_`, `TENANT_ID_`, `DEPLOY_TIME_`, `ENGINE_VERSION_`, `VERSION_`, `PROJECT_RELEASE_VERSION_`) VALUES ('a5ea8db1-09ca-11ee-8770-2aee215b35b7', 'SpringAutoDeployment', NULL, NULL, '', '2023-06-13 09:14:06.660', NULL, 51, NULL);
INSERT INTO `act_re_deployment` (`ID_`, `NAME_`, `CATEGORY_`, `KEY_`, `TENANT_ID_`, `DEPLOY_TIME_`, `ENGINE_VERSION_`, `VERSION_`, `PROJECT_RELEASE_VERSION_`) VALUES ('a85482fd-115f-11ee-8d6b-3a6ad8456a2a', 'SpringAutoDeployment', NULL, NULL, '', '2023-06-23 08:48:23.854', NULL, 108, NULL);
INSERT INTO `act_re_deployment` (`ID_`, `NAME_`, `CATEGORY_`, `KEY_`, `TENANT_ID_`, `DEPLOY_TIME_`, `ENGINE_VERSION_`, `VERSION_`, `PROJECT_RELEASE_VERSION_`) VALUES ('a9b9c1b6-09c3-11ee-92f2-2aee215b35b7', 'SpringAutoDeployment', NULL, NULL, '', '2023-06-13 08:24:06.576', NULL, 31, NULL);
INSERT INTO `act_re_deployment` (`ID_`, `NAME_`, `CATEGORY_`, `KEY_`, `TENANT_ID_`, `DEPLOY_TIME_`, `ENGINE_VERSION_`, `VERSION_`, `PROJECT_RELEASE_VERSION_`) VALUES ('a9f08f36-0fc6-11ee-97a2-a218864f9800', 'SpringAutoDeployment', NULL, NULL, '', '2023-06-21 08:00:42.397', NULL, 105, NULL);
INSERT INTO `act_re_deployment` (`ID_`, `NAME_`, `CATEGORY_`, `KEY_`, `TENANT_ID_`, `DEPLOY_TIME_`, `ENGINE_VERSION_`, `VERSION_`, `PROJECT_RELEASE_VERSION_`) VALUES ('ac2f5613-133d-11ee-907f-6c6a7719157b', 'SpringAutoDeployment', NULL, NULL, '', '2023-06-25 17:50:09.735', NULL, 113, NULL);
INSERT INTO `act_re_deployment` (`ID_`, `NAME_`, `CATEGORY_`, `KEY_`, `TENANT_ID_`, `DEPLOY_TIME_`, `ENGINE_VERSION_`, `VERSION_`, `PROJECT_RELEASE_VERSION_`) VALUES ('ac6156b6-09cd-11ee-92f0-2aee215b35b7', 'SpringAutoDeployment', NULL, NULL, '', '2023-06-13 09:35:45.990', NULL, 74, NULL);
INSERT INTO `act_re_deployment` (`ID_`, `NAME_`, `CATEGORY_`, `KEY_`, `TENANT_ID_`, `DEPLOY_TIME_`, `ENGINE_VERSION_`, `VERSION_`, `PROJECT_RELEASE_VERSION_`) VALUES ('ad1c8d9f-09c9-11ee-81a1-2aee215b35b7', 'SpringAutoDeployment', NULL, NULL, '', '2023-06-13 09:07:09.237', NULL, 39, NULL);
INSERT INTO `act_re_deployment` (`ID_`, `NAME_`, `CATEGORY_`, `KEY_`, `TENANT_ID_`, `DEPLOY_TIME_`, `ENGINE_VERSION_`, `VERSION_`, `PROJECT_RELEASE_VERSION_`) VALUES ('ad458e41-0b50-11ee-8853-9efe4bb8d4a4', 'SpringAutoDeployment', NULL, NULL, '', '2023-06-15 07:46:02.723', NULL, 79, NULL);
INSERT INTO `act_re_deployment` (`ID_`, `NAME_`, `CATEGORY_`, `KEY_`, `TENANT_ID_`, `DEPLOY_TIME_`, `ENGINE_VERSION_`, `VERSION_`, `PROJECT_RELEASE_VERSION_`) VALUES ('aeb2680b-09cc-11ee-b40d-2aee215b35b7', 'SpringAutoDeployment', NULL, NULL, '', '2023-06-13 09:28:40.383', NULL, 59, NULL);
INSERT INTO `act_re_deployment` (`ID_`, `NAME_`, `CATEGORY_`, `KEY_`, `TENANT_ID_`, `DEPLOY_TIME_`, `ENGINE_VERSION_`, `VERSION_`, `PROJECT_RELEASE_VERSION_`) VALUES ('b30304db-09c9-11ee-bbd8-2aee215b35b7', 'SpringAutoDeployment', NULL, NULL, '', '2023-06-13 09:07:19.136', NULL, 40, NULL);
INSERT INTO `act_re_deployment` (`ID_`, `NAME_`, `CATEGORY_`, `KEY_`, `TENANT_ID_`, `DEPLOY_TIME_`, `ENGINE_VERSION_`, `VERSION_`, `PROJECT_RELEASE_VERSION_`) VALUES ('b482f914-09ca-11ee-989f-2aee215b35b7', 'SpringAutoDeployment', NULL, NULL, '', '2023-06-13 09:14:31.148', NULL, 52, NULL);
INSERT INTO `act_re_deployment` (`ID_`, `NAME_`, `CATEGORY_`, `KEY_`, `TENANT_ID_`, `DEPLOY_TIME_`, `ENGINE_VERSION_`, `VERSION_`, `PROJECT_RELEASE_VERSION_`) VALUES ('b80de2de-09cc-11ee-a955-2aee215b35b7', 'SpringAutoDeployment', NULL, NULL, '', '2023-06-13 09:28:56.079', NULL, 60, NULL);
INSERT INTO `act_re_deployment` (`ID_`, `NAME_`, `CATEGORY_`, `KEY_`, `TENANT_ID_`, `DEPLOY_TIME_`, `ENGINE_VERSION_`, `VERSION_`, `PROJECT_RELEASE_VERSION_`) VALUES ('b81a15f6-1351-11ee-b14b-6c6a7719157b', 'SpringAutoDeployment', NULL, NULL, '', '2023-06-25 20:13:39.658', NULL, 120, NULL);
INSERT INTO `act_re_deployment` (`ID_`, `NAME_`, `CATEGORY_`, `KEY_`, `TENANT_ID_`, `DEPLOY_TIME_`, `ENGINE_VERSION_`, `VERSION_`, `PROJECT_RELEASE_VERSION_`) VALUES ('bd4292a5-0b50-11ee-9f0c-9efe4bb8d4a4', 'SpringAutoDeployment', NULL, NULL, '', '2023-06-15 07:46:29.545', NULL, 80, NULL);
INSERT INTO `act_re_deployment` (`ID_`, `NAME_`, `CATEGORY_`, `KEY_`, `TENANT_ID_`, `DEPLOY_TIME_`, `ENGINE_VERSION_`, `VERSION_`, `PROJECT_RELEASE_VERSION_`) VALUES ('be8865a7-0b90-11ee-a85b-ba35f404ba7b', 'SpringAutoDeployment', NULL, NULL, '', '2023-06-15 23:24:39.472', NULL, 90, NULL);
INSERT INTO `act_re_deployment` (`ID_`, `NAME_`, `CATEGORY_`, `KEY_`, `TENANT_ID_`, `DEPLOY_TIME_`, `ENGINE_VERSION_`, `VERSION_`, `PROJECT_RELEASE_VERSION_`) VALUES ('c10e4d2c-091f-11ee-adc0-b60fbe4e0138', 'SpringAutoDeployment', NULL, NULL, '', '2023-06-12 12:50:48.258', NULL, 10, NULL);
INSERT INTO `act_re_deployment` (`ID_`, `NAME_`, `CATEGORY_`, `KEY_`, `TENANT_ID_`, `DEPLOY_TIME_`, `ENGINE_VERSION_`, `VERSION_`, `PROJECT_RELEASE_VERSION_`) VALUES ('c16d5dd3-1352-11ee-9a0c-6c6a7719157b', 'SpringAutoDeployment', NULL, NULL, '', '2023-06-25 20:21:04.788', NULL, 122, NULL);
INSERT INTO `act_re_deployment` (`ID_`, `NAME_`, `CATEGORY_`, `KEY_`, `TENANT_ID_`, `DEPLOY_TIME_`, `ENGINE_VERSION_`, `VERSION_`, `PROJECT_RELEASE_VERSION_`) VALUES ('c1a13d5e-09c9-11ee-b777-2aee215b35b7', 'SpringAutoDeployment', NULL, NULL, '', '2023-06-13 09:07:43.657', NULL, 41, NULL);
INSERT INTO `act_re_deployment` (`ID_`, `NAME_`, `CATEGORY_`, `KEY_`, `TENANT_ID_`, `DEPLOY_TIME_`, `ENGINE_VERSION_`, `VERSION_`, `PROJECT_RELEASE_VERSION_`) VALUES ('c1a77a85-133f-11ee-833c-6c6a7719157b', 'SpringAutoDeployment', NULL, NULL, '', '2023-06-25 18:05:04.743', NULL, 116, NULL);
INSERT INTO `act_re_deployment` (`ID_`, `NAME_`, `CATEGORY_`, `KEY_`, `TENANT_ID_`, `DEPLOY_TIME_`, `ENGINE_VERSION_`, `VERSION_`, `PROJECT_RELEASE_VERSION_`) VALUES ('c2d909ec-1302-11ee-a1f0-6c6a7719157b', 'SpringAutoDeployment', NULL, NULL, '', '2023-06-25 10:48:27.447', NULL, 111, NULL);
INSERT INTO `act_re_deployment` (`ID_`, `NAME_`, `CATEGORY_`, `KEY_`, `TENANT_ID_`, `DEPLOY_TIME_`, `ENGINE_VERSION_`, `VERSION_`, `PROJECT_RELEASE_VERSION_`) VALUES ('c36ac3df-0b4f-11ee-8fbb-9efe4bb8d4a4', 'SpringAutoDeployment', NULL, NULL, '', '2023-06-15 07:39:30.379', NULL, 77, NULL);
INSERT INTO `act_re_deployment` (`ID_`, `NAME_`, `CATEGORY_`, `KEY_`, `TENANT_ID_`, `DEPLOY_TIME_`, `ENGINE_VERSION_`, `VERSION_`, `PROJECT_RELEASE_VERSION_`) VALUES ('c7edfabf-09ca-11ee-a2e7-2aee215b35b7', 'SpringAutoDeployment', NULL, NULL, '', '2023-06-13 09:15:03.726', NULL, 53, NULL);
INSERT INTO `act_re_deployment` (`ID_`, `NAME_`, `CATEGORY_`, `KEY_`, `TENANT_ID_`, `DEPLOY_TIME_`, `ENGINE_VERSION_`, `VERSION_`, `PROJECT_RELEASE_VERSION_`) VALUES ('caf66e17-09cc-11ee-8c0d-2aee215b35b7', 'SpringAutoDeployment', NULL, NULL, '', '2023-06-13 09:29:27.804', NULL, 61, NULL);
INSERT INTO `act_re_deployment` (`ID_`, `NAME_`, `CATEGORY_`, `KEY_`, `TENANT_ID_`, `DEPLOY_TIME_`, `ENGINE_VERSION_`, `VERSION_`, `PROJECT_RELEASE_VERSION_`) VALUES ('cc95d0dc-1347-11ee-895a-6c6a7719157b', 'SpringAutoDeployment', NULL, NULL, '', '2023-06-25 19:02:39.066', NULL, 117, NULL);
INSERT INTO `act_re_deployment` (`ID_`, `NAME_`, `CATEGORY_`, `KEY_`, `TENANT_ID_`, `DEPLOY_TIME_`, `ENGINE_VERSION_`, `VERSION_`, `PROJECT_RELEASE_VERSION_`) VALUES ('ce2e020a-0b68-11ee-ba9b-eadab274632e', 'SpringAutoDeployment', NULL, NULL, '', '2023-06-15 18:38:45.847', NULL, 87, NULL);
INSERT INTO `act_re_deployment` (`ID_`, `NAME_`, `CATEGORY_`, `KEY_`, `TENANT_ID_`, `DEPLOY_TIME_`, `ENGINE_VERSION_`, `VERSION_`, `PROJECT_RELEASE_VERSION_`) VALUES ('d0dabe49-0f2f-11ee-9dd9-7a162e322cbe', 'SpringAutoDeployment', NULL, NULL, '', '2023-06-20 14:00:53.672', NULL, 101, NULL);
INSERT INTO `act_re_deployment` (`ID_`, `NAME_`, `CATEGORY_`, `KEY_`, `TENANT_ID_`, `DEPLOY_TIME_`, `ENGINE_VERSION_`, `VERSION_`, `PROJECT_RELEASE_VERSION_`) VALUES ('d253f5c1-09cc-11ee-9240-2aee215b35b7', 'SpringAutoDeployment', NULL, NULL, '', '2023-06-13 09:29:40.156', NULL, 62, NULL);
INSERT INTO `act_re_deployment` (`ID_`, `NAME_`, `CATEGORY_`, `KEY_`, `TENANT_ID_`, `DEPLOY_TIME_`, `ENGINE_VERSION_`, `VERSION_`, `PROJECT_RELEASE_VERSION_`) VALUES ('d60667f9-0b4f-11ee-8a55-9efe4bb8d4a4', 'SpringAutoDeployment', NULL, NULL, '', '2023-06-15 07:40:01.599', NULL, 78, NULL);
INSERT INTO `act_re_deployment` (`ID_`, `NAME_`, `CATEGORY_`, `KEY_`, `TENANT_ID_`, `DEPLOY_TIME_`, `ENGINE_VERSION_`, `VERSION_`, `PROJECT_RELEASE_VERSION_`) VALUES ('d68024a4-09ca-11ee-bc40-2aee215b35b7', 'SpringAutoDeployment', NULL, NULL, '', '2023-06-13 09:15:28.168', NULL, 54, NULL);
INSERT INTO `act_re_deployment` (`ID_`, `NAME_`, `CATEGORY_`, `KEY_`, `TENANT_ID_`, `DEPLOY_TIME_`, `ENGINE_VERSION_`, `VERSION_`, `PROJECT_RELEASE_VERSION_`) VALUES ('d73bb4e5-0b69-11ee-ae9a-eadab274632e', 'SpringAutoDeployment', NULL, NULL, '', '2023-06-15 18:46:10.533', NULL, 88, NULL);
INSERT INTO `act_re_deployment` (`ID_`, `NAME_`, `CATEGORY_`, `KEY_`, `TENANT_ID_`, `DEPLOY_TIME_`, `ENGINE_VERSION_`, `VERSION_`, `PROJECT_RELEASE_VERSION_`) VALUES ('d750d057-09cc-11ee-a2a5-2aee215b35b7', 'SpringAutoDeployment', NULL, NULL, '', '2023-06-13 09:29:48.529', NULL, 63, NULL);
INSERT INTO `act_re_deployment` (`ID_`, `NAME_`, `CATEGORY_`, `KEY_`, `TENANT_ID_`, `DEPLOY_TIME_`, `ENGINE_VERSION_`, `VERSION_`, `PROJECT_RELEASE_VERSION_`) VALUES ('d8a95478-133e-11ee-8add-6c6a7719157b', 'SpringAutoDeployment', NULL, NULL, '', '2023-06-25 17:58:33.853', NULL, 114, NULL);
INSERT INTO `act_re_deployment` (`ID_`, `NAME_`, `CATEGORY_`, `KEY_`, `TENANT_ID_`, `DEPLOY_TIME_`, `ENGINE_VERSION_`, `VERSION_`, `PROJECT_RELEASE_VERSION_`) VALUES ('df0a3ac2-09c9-11ee-a177-2aee215b35b7', 'SpringAutoDeployment', NULL, NULL, '', '2023-06-13 09:08:33.000', NULL, 42, NULL);
INSERT INTO `act_re_deployment` (`ID_`, `NAME_`, `CATEGORY_`, `KEY_`, `TENANT_ID_`, `DEPLOY_TIME_`, `ENGINE_VERSION_`, `VERSION_`, `PROJECT_RELEASE_VERSION_`) VALUES ('e0a18fa8-0b69-11ee-9715-eadab274632e', 'SpringAutoDeployment', NULL, NULL, '', '2023-06-15 18:46:26.307', NULL, 89, NULL);
INSERT INTO `act_re_deployment` (`ID_`, `NAME_`, `CATEGORY_`, `KEY_`, `TENANT_ID_`, `DEPLOY_TIME_`, `ENGINE_VERSION_`, `VERSION_`, `PROJECT_RELEASE_VERSION_`) VALUES ('e4b6faa9-12a3-11ee-bc73-6c6a7719157b', 'SpringAutoDeployment', NULL, NULL, '', '2023-06-24 23:29:22.052', NULL, 110, NULL);
INSERT INTO `act_re_deployment` (`ID_`, `NAME_`, `CATEGORY_`, `KEY_`, `TENANT_ID_`, `DEPLOY_TIME_`, `ENGINE_VERSION_`, `VERSION_`, `PROJECT_RELEASE_VERSION_`) VALUES ('e6595dd3-0f2f-11ee-aca1-7a162e322cbe', 'SpringAutoDeployment', NULL, NULL, '', '2023-06-20 14:01:29.740', NULL, 102, NULL);
INSERT INTO `act_re_deployment` (`ID_`, `NAME_`, `CATEGORY_`, `KEY_`, `TENANT_ID_`, `DEPLOY_TIME_`, `ENGINE_VERSION_`, `VERSION_`, `PROJECT_RELEASE_VERSION_`) VALUES ('e6a085a2-09c9-11ee-8f10-2aee215b35b7', 'SpringAutoDeployment', NULL, NULL, '', '2023-06-13 09:08:45.732', NULL, 43, NULL);
INSERT INTO `act_re_deployment` (`ID_`, `NAME_`, `CATEGORY_`, `KEY_`, `TENANT_ID_`, `DEPLOY_TIME_`, `ENGINE_VERSION_`, `VERSION_`, `PROJECT_RELEASE_VERSION_`) VALUES ('e7a0a1ea-0c38-11ee-b6fb-422b79fd8fd0', 'SpringAutoDeployment', NULL, NULL, '', '2023-06-16 19:28:23.858', NULL, 97, NULL);
INSERT INTO `act_re_deployment` (`ID_`, `NAME_`, `CATEGORY_`, `KEY_`, `TENANT_ID_`, `DEPLOY_TIME_`, `ENGINE_VERSION_`, `VERSION_`, `PROJECT_RELEASE_VERSION_`) VALUES ('edc76d7a-0b90-11ee-a698-ba35f404ba7b', 'SpringAutoDeployment', NULL, NULL, '', '2023-06-15 23:25:58.731', NULL, 91, NULL);
INSERT INTO `act_re_deployment` (`ID_`, `NAME_`, `CATEGORY_`, `KEY_`, `TENANT_ID_`, `DEPLOY_TIME_`, `ENGINE_VERSION_`, `VERSION_`, `PROJECT_RELEASE_VERSION_`) VALUES ('ee5fd479-09cc-11ee-ab1f-2aee215b35b7', 'SpringAutoDeployment', NULL, NULL, '', '2023-06-13 09:30:27.216', NULL, 64, NULL);
INSERT INTO `act_re_deployment` (`ID_`, `NAME_`, `CATEGORY_`, `KEY_`, `TENANT_ID_`, `DEPLOY_TIME_`, `ENGINE_VERSION_`, `VERSION_`, `PROJECT_RELEASE_VERSION_`) VALUES ('eeebbbdd-0b66-11ee-84ec-eadab274632e', 'SpringAutoDeployment', NULL, NULL, '', '2023-06-15 18:25:21.793', NULL, 83, NULL);
INSERT INTO `act_re_deployment` (`ID_`, `NAME_`, `CATEGORY_`, `KEY_`, `TENANT_ID_`, `DEPLOY_TIME_`, `ENGINE_VERSION_`, `VERSION_`, `PROJECT_RELEASE_VERSION_`) VALUES ('f189a40b-09c9-11ee-ade1-2aee215b35b7', 'SpringAutoDeployment', NULL, NULL, '', '2023-06-13 09:09:04.038', NULL, 44, NULL);
INSERT INTO `act_re_deployment` (`ID_`, `NAME_`, `CATEGORY_`, `KEY_`, `TENANT_ID_`, `DEPLOY_TIME_`, `ENGINE_VERSION_`, `VERSION_`, `PROJECT_RELEASE_VERSION_`) VALUES ('f8882813-0920-11ee-a4a6-b60fbe4e0138', 'SpringAutoDeployment', NULL, NULL, '', '2023-06-12 12:59:30.829', NULL, 14, NULL);
INSERT INTO `act_re_deployment` (`ID_`, `NAME_`, `CATEGORY_`, `KEY_`, `TENANT_ID_`, `DEPLOY_TIME_`, `ENGINE_VERSION_`, `VERSION_`, `PROJECT_RELEASE_VERSION_`) VALUES ('feaf1f2d-09c9-11ee-a564-2aee215b35b7', 'SpringAutoDeployment', NULL, NULL, '', '2023-06-13 09:09:26.089', NULL, 45, NULL);
COMMIT;

-- ----------------------------
-- Table structure for act_re_model
-- ----------------------------
DROP TABLE IF EXISTS `act_re_model`;
CREATE TABLE `act_re_model` (
  `ID_` varchar(64) CHARACTER SET utf8 COLLATE utf8_bin NOT NULL,
  `REV_` int DEFAULT NULL,
  `NAME_` varchar(255) CHARACTER SET utf8 COLLATE utf8_bin DEFAULT NULL,
  `KEY_` varchar(255) CHARACTER SET utf8 COLLATE utf8_bin DEFAULT NULL,
  `CATEGORY_` varchar(255) CHARACTER SET utf8 COLLATE utf8_bin DEFAULT NULL,
  `CREATE_TIME_` timestamp(3) NULL DEFAULT NULL,
  `LAST_UPDATE_TIME_` timestamp(3) NULL DEFAULT NULL,
  `VERSION_` int DEFAULT NULL,
  `META_INFO_` varchar(4000) CHARACTER SET utf8 COLLATE utf8_bin DEFAULT NULL,
  `DEPLOYMENT_ID_` varchar(64) CHARACTER SET utf8 COLLATE utf8_bin DEFAULT NULL,
  `EDITOR_SOURCE_VALUE_ID_` varchar(64) CHARACTER SET utf8 COLLATE utf8_bin DEFAULT NULL,
  `EDITOR_SOURCE_EXTRA_VALUE_ID_` varchar(64) CHARACTER SET utf8 COLLATE utf8_bin DEFAULT NULL,
  `TENANT_ID_` varchar(255) CHARACTER SET utf8 COLLATE utf8_bin DEFAULT '',
  PRIMARY KEY (`ID_`),
  KEY `ACT_FK_MODEL_SOURCE` (`EDITOR_SOURCE_VALUE_ID_`),
  KEY `ACT_FK_MODEL_SOURCE_EXTRA` (`EDITOR_SOURCE_EXTRA_VALUE_ID_`),
  KEY `ACT_FK_MODEL_DEPLOYMENT` (`DEPLOYMENT_ID_`),
  CONSTRAINT `ACT_FK_MODEL_DEPLOYMENT` FOREIGN KEY (`DEPLOYMENT_ID_`) REFERENCES `act_re_deployment` (`ID_`),
  CONSTRAINT `ACT_FK_MODEL_SOURCE` FOREIGN KEY (`EDITOR_SOURCE_VALUE_ID_`) REFERENCES `act_ge_bytearray` (`ID_`),
  CONSTRAINT `ACT_FK_MODEL_SOURCE_EXTRA` FOREIGN KEY (`EDITOR_SOURCE_EXTRA_VALUE_ID_`) REFERENCES `act_ge_bytearray` (`ID_`)
) ENGINE=InnoDB DEFAULT CHARSET=utf8mb3 COLLATE=utf8_bin;

-- ----------------------------
-- Records of act_re_model
-- ----------------------------
BEGIN;
COMMIT;

-- ----------------------------
-- Table structure for act_re_procdef
-- ----------------------------
DROP TABLE IF EXISTS `act_re_procdef`;
CREATE TABLE `act_re_procdef` (
  `ID_` varchar(64) CHARACTER SET utf8 COLLATE utf8_bin NOT NULL,
  `REV_` int DEFAULT NULL,
  `CATEGORY_` varchar(255) CHARACTER SET utf8 COLLATE utf8_bin DEFAULT NULL,
  `NAME_` varchar(255) CHARACTER SET utf8 COLLATE utf8_bin DEFAULT NULL,
  `KEY_` varchar(255) CHARACTER SET utf8 COLLATE utf8_bin NOT NULL,
  `VERSION_` int NOT NULL,
  `DEPLOYMENT_ID_` varchar(64) CHARACTER SET utf8 COLLATE utf8_bin DEFAULT NULL,
  `RESOURCE_NAME_` varchar(4000) CHARACTER SET utf8 COLLATE utf8_bin DEFAULT NULL,
  `DGRM_RESOURCE_NAME_` varchar(4000) CHARACTER SET utf8 COLLATE utf8_bin DEFAULT NULL,
  `DESCRIPTION_` varchar(4000) CHARACTER SET utf8 COLLATE utf8_bin DEFAULT NULL,
  `HAS_START_FORM_KEY_` tinyint DEFAULT NULL,
  `HAS_GRAPHICAL_NOTATION_` tinyint DEFAULT NULL,
  `SUSPENSION_STATE_` int DEFAULT NULL,
  `TENANT_ID_` varchar(255) CHARACTER SET utf8 COLLATE utf8_bin DEFAULT '',
  `ENGINE_VERSION_` varchar(255) CHARACTER SET utf8 COLLATE utf8_bin DEFAULT NULL,
  `APP_VERSION_` int DEFAULT NULL,
  PRIMARY KEY (`ID_`),
  UNIQUE KEY `ACT_UNIQ_PROCDEF` (`KEY_`,`VERSION_`,`TENANT_ID_`)
) ENGINE=InnoDB DEFAULT CHARSET=utf8mb3 COLLATE=utf8_bin;

-- ----------------------------
-- Records of act_re_procdef
-- ----------------------------
BEGIN;
INSERT INTO `act_re_procdef` (`ID_`, `REV_`, `CATEGORY_`, `NAME_`, `KEY_`, `VERSION_`, `DEPLOYMENT_ID_`, `RESOURCE_NAME_`, `DGRM_RESOURCE_NAME_`, `DESCRIPTION_`, `HAS_START_FORM_KEY_`, `HAS_GRAPHICAL_NOTATION_`, `SUSPENSION_STATE_`, `TENANT_ID_`, `ENGINE_VERSION_`, `APP_VERSION_`) VALUES ('leave001:1:7f0d2488-09cc-11ee-858f-2aee215b35b7', 1, 'http://www.activiti.org/processdef', NULL, 'leave001', 1, '7f00c876-09cc-11ee-858f-2aee215b35b7', 'process/leave001.bpmn20.xml', NULL, NULL, 0, 1, 1, '', NULL, NULL);
INSERT INTO `act_re_procdef` (`ID_`, `REV_`, `CATEGORY_`, `NAME_`, `KEY_`, `VERSION_`, `DEPLOYMENT_ID_`, `RESOURCE_NAME_`, `DGRM_RESOURCE_NAME_`, `DESCRIPTION_`, `HAS_START_FORM_KEY_`, `HAS_GRAPHICAL_NOTATION_`, `SUSPENSION_STATE_`, `TENANT_ID_`, `ENGINE_VERSION_`, `APP_VERSION_`) VALUES ('leave001:2:3ca29e4f-09cd-11ee-858d-2aee215b35b7', 1, 'http://www.activiti.org/processdef', NULL, 'leave001', 2, '3c97058d-09cd-11ee-858d-2aee215b35b7', 'process/leave001.bpmn20.xml', NULL, NULL, 0, 1, 1, '', NULL, NULL);
INSERT INTO `act_re_procdef` (`ID_`, `REV_`, `CATEGORY_`, `NAME_`, `KEY_`, `VERSION_`, `DEPLOYMENT_ID_`, `RESOURCE_NAME_`, `DGRM_RESOURCE_NAME_`, `DESCRIPTION_`, `HAS_START_FORM_KEY_`, `HAS_GRAPHICAL_NOTATION_`, `SUSPENSION_STATE_`, `TENANT_ID_`, `ENGINE_VERSION_`, `APP_VERSION_`) VALUES ('overtime001:1:0bc8cf60-09c9-11ee-8278-2aee215b35b7', 1, 'http://www.activiti.org/processdef', NULL, 'overtime001', 1, '0bbc9a5e-09c9-11ee-8278-2aee215b35b7', 'process/overtime001.bpmn20.xml', NULL, NULL, 0, 1, 1, '', NULL, NULL);
INSERT INTO `act_re_procdef` (`ID_`, `REV_`, `CATEGORY_`, `NAME_`, `KEY_`, `VERSION_`, `DEPLOYMENT_ID_`, `RESOURCE_NAME_`, `DGRM_RESOURCE_NAME_`, `DESCRIPTION_`, `HAS_START_FORM_KEY_`, `HAS_GRAPHICAL_NOTATION_`, `SUSPENSION_STATE_`, `TENANT_ID_`, `ENGINE_VERSION_`, `APP_VERSION_`) VALUES ('overtime001:2:92d3bb6a-09c9-11ee-817c-2aee215b35b7', 1, 'http://www.activiti.org/processdef', NULL, 'overtime001', 2, '92c98238-09c9-11ee-817c-2aee215b35b7', 'process/overtime001.bpmn20.xml', NULL, NULL, 0, 1, 1, '', NULL, NULL);
INSERT INTO `act_re_procdef` (`ID_`, `REV_`, `CATEGORY_`, `NAME_`, `KEY_`, `VERSION_`, `DEPLOYMENT_ID_`, `RESOURCE_NAME_`, `DGRM_RESOURCE_NAME_`, `DESCRIPTION_`, `HAS_START_FORM_KEY_`, `HAS_GRAPHICAL_NOTATION_`, `SUSPENSION_STATE_`, `TENANT_ID_`, `ENGINE_VERSION_`, `APP_VERSION_`) VALUES ('overtime001:3:9c202554-09ca-11ee-8d3f-2aee215b35b7', 1, 'http://www.activiti.org/processdef', NULL, 'overtime001', 3, '9c1528d2-09ca-11ee-8d3f-2aee215b35b7', 'process/overtime001.bpmn20.xml', NULL, NULL, 0, 1, 1, '', NULL, NULL);
INSERT INTO `act_re_procdef` (`ID_`, `REV_`, `CATEGORY_`, `NAME_`, `KEY_`, `VERSION_`, `DEPLOYMENT_ID_`, `RESOURCE_NAME_`, `DGRM_RESOURCE_NAME_`, `DESCRIPTION_`, `HAS_START_FORM_KEY_`, `HAS_GRAPHICAL_NOTATION_`, `SUSPENSION_STATE_`, `TENANT_ID_`, `ENGINE_VERSION_`, `APP_VERSION_`) VALUES ('overtime02:1:6a7922bf-08f4-11ee-8e71-969bbc5bdb82', 1, 'http://www.activiti.org/processdef', NULL, 'overtime02', 1, '6a6af1ed-08f4-11ee-8e71-969bbc5bdb82', 'process/overtime02.bpmn20.xml', NULL, NULL, 0, 1, 1, '', NULL, NULL);
INSERT INTO `act_re_procdef` (`ID_`, `REV_`, `CATEGORY_`, `NAME_`, `KEY_`, `VERSION_`, `DEPLOYMENT_ID_`, `RESOURCE_NAME_`, `DGRM_RESOURCE_NAME_`, `DESCRIPTION_`, `HAS_START_FORM_KEY_`, `HAS_GRAPHICAL_NOTATION_`, `SUSPENSION_STATE_`, `TENANT_ID_`, `ENGINE_VERSION_`, `APP_VERSION_`) VALUES ('overtime04:1:041b6151-09c3-11ee-993e-2aee215b35b7', 1, 'http://www.activiti.org/processdef', NULL, 'overtime04', 1, '041016af-09c3-11ee-993e-2aee215b35b7', 'process/overtime04.bpmn20.xml', NULL, NULL, 0, 1, 1, '', NULL, NULL);
INSERT INTO `act_re_procdef` (`ID_`, `REV_`, `CATEGORY_`, `NAME_`, `KEY_`, `VERSION_`, `DEPLOYMENT_ID_`, `RESOURCE_NAME_`, `DGRM_RESOURCE_NAME_`, `DESCRIPTION_`, `HAS_START_FORM_KEY_`, `HAS_GRAPHICAL_NOTATION_`, `SUSPENSION_STATE_`, `TENANT_ID_`, `ENGINE_VERSION_`, `APP_VERSION_`) VALUES ('overtime:1:643e9384-0920-11ee-b502-b60fbe4e0138', 1, 'http://www.activiti.org/processdef', NULL, 'overtime', 1, '643348e2-0920-11ee-b502-b60fbe4e0138', 'process/overtime.bpmn20.xml', NULL, NULL, 0, 1, 1, '', NULL, NULL);
INSERT INTO `act_re_procdef` (`ID_`, `REV_`, `CATEGORY_`, `NAME_`, `KEY_`, `VERSION_`, `DEPLOYMENT_ID_`, `RESOURCE_NAME_`, `DGRM_RESOURCE_NAME_`, `DESCRIPTION_`, `HAS_START_FORM_KEY_`, `HAS_GRAPHICAL_NOTATION_`, `SUSPENSION_STATE_`, `TENANT_ID_`, `ENGINE_VERSION_`, `APP_VERSION_`) VALUES ('overtime:2:1fccba2d-0923-11ee-b61c-b60fbe4e0138', 1, 'http://www.activiti.org/processdef', NULL, 'overtime', 2, '1fc05e1b-0923-11ee-b61c-b60fbe4e0138', 'process/overtime.bpmn20.xml', NULL, NULL, 0, 1, 1, '', NULL, NULL);
INSERT INTO `act_re_procdef` (`ID_`, `REV_`, `CATEGORY_`, `NAME_`, `KEY_`, `VERSION_`, `DEPLOYMENT_ID_`, `RESOURCE_NAME_`, `DGRM_RESOURCE_NAME_`, `DESCRIPTION_`, `HAS_START_FORM_KEY_`, `HAS_GRAPHICAL_NOTATION_`, `SUSPENSION_STATE_`, `TENANT_ID_`, `ENGINE_VERSION_`, `APP_VERSION_`) VALUES ('qingjia:1:2e501fee-0851-11ee-a131-f6047975ea81', 1, 'http://www.activiti.org/processdef', NULL, 'qingjia', 1, '2e3dd06b-0851-11ee-a131-f6047975ea81', 'process/qingjia.bpmn20.xml', 'process/qingjia.png', NULL, 0, 1, 1, '', NULL, NULL);
COMMIT;

-- ----------------------------
-- Table structure for act_ru_deadletter_job
-- ----------------------------
DROP TABLE IF EXISTS `act_ru_deadletter_job`;
CREATE TABLE `act_ru_deadletter_job` (
  `ID_` varchar(64) CHARACTER SET utf8 COLLATE utf8_bin NOT NULL,
  `REV_` int DEFAULT NULL,
  `TYPE_` varchar(255) CHARACTER SET utf8 COLLATE utf8_bin NOT NULL,
  `EXCLUSIVE_` tinyint(1) DEFAULT NULL,
  `EXECUTION_ID_` varchar(64) CHARACTER SET utf8 COLLATE utf8_bin DEFAULT NULL,
  `PROCESS_INSTANCE_ID_` varchar(64) CHARACTER SET utf8 COLLATE utf8_bin DEFAULT NULL,
  `PROC_DEF_ID_` varchar(64) CHARACTER SET utf8 COLLATE utf8_bin DEFAULT NULL,
  `EXCEPTION_STACK_ID_` varchar(64) CHARACTER SET utf8 COLLATE utf8_bin DEFAULT NULL,
  `EXCEPTION_MSG_` varchar(4000) CHARACTER SET utf8 COLLATE utf8_bin DEFAULT NULL,
  `DUEDATE_` timestamp(3) NULL DEFAULT NULL,
  `REPEAT_` varchar(255) CHARACTER SET utf8 COLLATE utf8_bin DEFAULT NULL,
  `HANDLER_TYPE_` varchar(255) CHARACTER SET utf8 COLLATE utf8_bin DEFAULT NULL,
  `HANDLER_CFG_` varchar(4000) CHARACTER SET utf8 COLLATE utf8_bin DEFAULT NULL,
  `TENANT_ID_` varchar(255) CHARACTER SET utf8 COLLATE utf8_bin DEFAULT '',
  PRIMARY KEY (`ID_`),
  KEY `ACT_FK_DEADLETTER_JOB_EXECUTION` (`EXECUTION_ID_`),
  KEY `ACT_FK_DEADLETTER_JOB_PROCESS_INSTANCE` (`PROCESS_INSTANCE_ID_`),
  KEY `ACT_FK_DEADLETTER_JOB_PROC_DEF` (`PROC_DEF_ID_`),
  KEY `ACT_FK_DEADLETTER_JOB_EXCEPTION` (`EXCEPTION_STACK_ID_`),
  CONSTRAINT `ACT_FK_DEADLETTER_JOB_EXCEPTION` FOREIGN KEY (`EXCEPTION_STACK_ID_`) REFERENCES `act_ge_bytearray` (`ID_`),
  CONSTRAINT `ACT_FK_DEADLETTER_JOB_EXECUTION` FOREIGN KEY (`EXECUTION_ID_`) REFERENCES `act_ru_execution` (`ID_`),
  CONSTRAINT `ACT_FK_DEADLETTER_JOB_PROC_DEF` FOREIGN KEY (`PROC_DEF_ID_`) REFERENCES `act_re_procdef` (`ID_`),
  CONSTRAINT `ACT_FK_DEADLETTER_JOB_PROCESS_INSTANCE` FOREIGN KEY (`PROCESS_INSTANCE_ID_`) REFERENCES `act_ru_execution` (`ID_`)
) ENGINE=InnoDB DEFAULT CHARSET=utf8mb3 COLLATE=utf8_bin;

-- ----------------------------
-- Records of act_ru_deadletter_job
-- ----------------------------
BEGIN;
COMMIT;

-- ----------------------------
-- Table structure for act_ru_event_subscr
-- ----------------------------
DROP TABLE IF EXISTS `act_ru_event_subscr`;
CREATE TABLE `act_ru_event_subscr` (
  `ID_` varchar(64) CHARACTER SET utf8 COLLATE utf8_bin NOT NULL,
  `REV_` int DEFAULT NULL,
  `EVENT_TYPE_` varchar(255) CHARACTER SET utf8 COLLATE utf8_bin NOT NULL,
  `EVENT_NAME_` varchar(255) CHARACTER SET utf8 COLLATE utf8_bin DEFAULT NULL,
  `EXECUTION_ID_` varchar(64) CHARACTER SET utf8 COLLATE utf8_bin DEFAULT NULL,
  `PROC_INST_ID_` varchar(64) CHARACTER SET utf8 COLLATE utf8_bin DEFAULT NULL,
  `ACTIVITY_ID_` varchar(64) CHARACTER SET utf8 COLLATE utf8_bin DEFAULT NULL,
  `CONFIGURATION_` varchar(255) CHARACTER SET utf8 COLLATE utf8_bin DEFAULT NULL,
  `CREATED_` timestamp(3) NOT NULL DEFAULT CURRENT_TIMESTAMP(3),
  `PROC_DEF_ID_` varchar(64) CHARACTER SET utf8 COLLATE utf8_bin DEFAULT NULL,
  `TENANT_ID_` varchar(255) CHARACTER SET utf8 COLLATE utf8_bin DEFAULT '',
  PRIMARY KEY (`ID_`),
  KEY `ACT_IDX_EVENT_SUBSCR_CONFIG_` (`CONFIGURATION_`),
  KEY `ACT_FK_EVENT_EXEC` (`EXECUTION_ID_`),
  CONSTRAINT `ACT_FK_EVENT_EXEC` FOREIGN KEY (`EXECUTION_ID_`) REFERENCES `act_ru_execution` (`ID_`)
) ENGINE=InnoDB DEFAULT CHARSET=utf8mb3 COLLATE=utf8_bin;

-- ----------------------------
-- Records of act_ru_event_subscr
-- ----------------------------
BEGIN;
COMMIT;

-- ----------------------------
-- Table structure for act_ru_execution
-- ----------------------------
DROP TABLE IF EXISTS `act_ru_execution`;
CREATE TABLE `act_ru_execution` (
  `ID_` varchar(64) CHARACTER SET utf8 COLLATE utf8_bin NOT NULL,
  `REV_` int DEFAULT NULL,
  `PROC_INST_ID_` varchar(64) CHARACTER SET utf8 COLLATE utf8_bin DEFAULT NULL,
  `BUSINESS_KEY_` varchar(255) CHARACTER SET utf8 COLLATE utf8_bin DEFAULT NULL,
  `PARENT_ID_` varchar(64) CHARACTER SET utf8 COLLATE utf8_bin DEFAULT NULL,
  `PROC_DEF_ID_` varchar(64) CHARACTER SET utf8 COLLATE utf8_bin DEFAULT NULL,
  `SUPER_EXEC_` varchar(64) CHARACTER SET utf8 COLLATE utf8_bin DEFAULT NULL,
  `ROOT_PROC_INST_ID_` varchar(64) CHARACTER SET utf8 COLLATE utf8_bin DEFAULT NULL,
  `ACT_ID_` varchar(255) CHARACTER SET utf8 COLLATE utf8_bin DEFAULT NULL,
  `IS_ACTIVE_` tinyint DEFAULT NULL,
  `IS_CONCURRENT_` tinyint DEFAULT NULL,
  `IS_SCOPE_` tinyint DEFAULT NULL,
  `IS_EVENT_SCOPE_` tinyint DEFAULT NULL,
  `IS_MI_ROOT_` tinyint DEFAULT NULL,
  `SUSPENSION_STATE_` int DEFAULT NULL,
  `CACHED_ENT_STATE_` int DEFAULT NULL,
  `TENANT_ID_` varchar(255) CHARACTER SET utf8 COLLATE utf8_bin DEFAULT '',
  `NAME_` varchar(255) CHARACTER SET utf8 COLLATE utf8_bin DEFAULT NULL,
  `START_TIME_` datetime(3) DEFAULT NULL,
  `START_USER_ID_` varchar(255) CHARACTER SET utf8 COLLATE utf8_bin DEFAULT NULL,
  `LOCK_TIME_` timestamp(3) NULL DEFAULT NULL,
  `IS_COUNT_ENABLED_` tinyint DEFAULT NULL,
  `EVT_SUBSCR_COUNT_` int DEFAULT NULL,
  `TASK_COUNT_` int DEFAULT NULL,
  `JOB_COUNT_` int DEFAULT NULL,
  `TIMER_JOB_COUNT_` int DEFAULT NULL,
  `SUSP_JOB_COUNT_` int DEFAULT NULL,
  `DEADLETTER_JOB_COUNT_` int DEFAULT NULL,
  `VAR_COUNT_` int DEFAULT NULL,
  `ID_LINK_COUNT_` int DEFAULT NULL,
  `APP_VERSION_` int DEFAULT NULL,
  PRIMARY KEY (`ID_`),
  KEY `ACT_IDX_EXEC_BUSKEY` (`BUSINESS_KEY_`),
  KEY `ACT_IDC_EXEC_ROOT` (`ROOT_PROC_INST_ID_`),
  KEY `ACT_FK_EXE_PROCINST` (`PROC_INST_ID_`),
  KEY `ACT_FK_EXE_PARENT` (`PARENT_ID_`),
  KEY `ACT_FK_EXE_SUPER` (`SUPER_EXEC_`),
  KEY `ACT_FK_EXE_PROCDEF` (`PROC_DEF_ID_`),
  CONSTRAINT `ACT_FK_EXE_PARENT` FOREIGN KEY (`PARENT_ID_`) REFERENCES `act_ru_execution` (`ID_`) ON DELETE CASCADE,
  CONSTRAINT `ACT_FK_EXE_PROCDEF` FOREIGN KEY (`PROC_DEF_ID_`) REFERENCES `act_re_procdef` (`ID_`),
  CONSTRAINT `ACT_FK_EXE_PROCINST` FOREIGN KEY (`PROC_INST_ID_`) REFERENCES `act_ru_execution` (`ID_`) ON DELETE CASCADE ON UPDATE CASCADE,
  CONSTRAINT `ACT_FK_EXE_SUPER` FOREIGN KEY (`SUPER_EXEC_`) REFERENCES `act_ru_execution` (`ID_`) ON DELETE CASCADE
) ENGINE=InnoDB DEFAULT CHARSET=utf8mb3 COLLATE=utf8_bin;

-- ----------------------------
-- Records of act_ru_execution
-- ----------------------------
BEGIN;
INSERT INTO `act_ru_execution` (`ID_`, `REV_`, `PROC_INST_ID_`, `BUSINESS_KEY_`, `PARENT_ID_`, `PROC_DEF_ID_`, `SUPER_EXEC_`, `ROOT_PROC_INST_ID_`, `ACT_ID_`, `IS_ACTIVE_`, `IS_CONCURRENT_`, `IS_SCOPE_`, `IS_EVENT_SCOPE_`, `IS_MI_ROOT_`, `SUSPENSION_STATE_`, `CACHED_ENT_STATE_`, `TENANT_ID_`, `NAME_`, `START_TIME_`, `START_USER_ID_`, `LOCK_TIME_`, `IS_COUNT_ENABLED_`, `EVT_SUBSCR_COUNT_`, `TASK_COUNT_`, `JOB_COUNT_`, `TIMER_JOB_COUNT_`, `SUSP_JOB_COUNT_`, `DEADLETTER_JOB_COUNT_`, `VAR_COUNT_`, `ID_LINK_COUNT_`, `APP_VERSION_`) VALUES ('0b64992c-09ca-11ee-89e6-2aee215b35b7', 1, '0b64992c-09ca-11ee-89e6-2aee215b35b7', NULL, NULL, 'overtime001:2:92d3bb6a-09c9-11ee-817c-2aee215b35b7', NULL, '0b64992c-09ca-11ee-89e6-2aee215b35b7', NULL, 1, 0, 1, 0, 0, 1, NULL, '', NULL, '2023-06-13 17:09:47.425', NULL, NULL, 0, 0, 0, 0, 0, 0, 0, 0, 0, NULL);
INSERT INTO `act_ru_execution` (`ID_`, `REV_`, `PROC_INST_ID_`, `BUSINESS_KEY_`, `PARENT_ID_`, `PROC_DEF_ID_`, `SUPER_EXEC_`, `ROOT_PROC_INST_ID_`, `ACT_ID_`, `IS_ACTIVE_`, `IS_CONCURRENT_`, `IS_SCOPE_`, `IS_EVENT_SCOPE_`, `IS_MI_ROOT_`, `SUSPENSION_STATE_`, `CACHED_ENT_STATE_`, `TENANT_ID_`, `NAME_`, `START_TIME_`, `START_USER_ID_`, `LOCK_TIME_`, `IS_COUNT_ENABLED_`, `EVT_SUBSCR_COUNT_`, `TASK_COUNT_`, `JOB_COUNT_`, `TIMER_JOB_COUNT_`, `SUSP_JOB_COUNT_`, `DEADLETTER_JOB_COUNT_`, `VAR_COUNT_`, `ID_LINK_COUNT_`, `APP_VERSION_`) VALUES ('0b64e74f-09ca-11ee-89e6-2aee215b35b7', 1, '0b64992c-09ca-11ee-89e6-2aee215b35b7', NULL, '0b64992c-09ca-11ee-89e6-2aee215b35b7', 'overtime001:2:92d3bb6a-09c9-11ee-817c-2aee215b35b7', NULL, '0b64992c-09ca-11ee-89e6-2aee215b35b7', 'sid-F35D0733-EE93-47A8-839D-B7D184A9C110', 1, 0, 0, 0, 0, 1, NULL, '', NULL, '2023-06-13 17:09:47.427', NULL, NULL, 0, 0, 0, 0, 0, 0, 0, 0, 0, NULL);
INSERT INTO `act_ru_execution` (`ID_`, `REV_`, `PROC_INST_ID_`, `BUSINESS_KEY_`, `PARENT_ID_`, `PROC_DEF_ID_`, `SUPER_EXEC_`, `ROOT_PROC_INST_ID_`, `ACT_ID_`, `IS_ACTIVE_`, `IS_CONCURRENT_`, `IS_SCOPE_`, `IS_EVENT_SCOPE_`, `IS_MI_ROOT_`, `SUSPENSION_STATE_`, `CACHED_ENT_STATE_`, `TENANT_ID_`, `NAME_`, `START_TIME_`, `START_USER_ID_`, `LOCK_TIME_`, `IS_COUNT_ENABLED_`, `EVT_SUBSCR_COUNT_`, `TASK_COUNT_`, `JOB_COUNT_`, `TIMER_JOB_COUNT_`, `SUSP_JOB_COUNT_`, `DEADLETTER_JOB_COUNT_`, `VAR_COUNT_`, `ID_LINK_COUNT_`, `APP_VERSION_`) VALUES ('245a58e7-0923-11ee-8637-b60fbe4e0138', 1, '245a58e7-0923-11ee-8637-b60fbe4e0138', NULL, NULL, 'overtime:2:1fccba2d-0923-11ee-b61c-b60fbe4e0138', NULL, '245a58e7-0923-11ee-8637-b60fbe4e0138', NULL, 1, 0, 1, 0, 0, 1, NULL, '', NULL, '2023-06-12 21:15:03.347', NULL, NULL, 0, 0, 0, 0, 0, 0, 0, 0, 0, NULL);
INSERT INTO `act_ru_execution` (`ID_`, `REV_`, `PROC_INST_ID_`, `BUSINESS_KEY_`, `PARENT_ID_`, `PROC_DEF_ID_`, `SUPER_EXEC_`, `ROOT_PROC_INST_ID_`, `ACT_ID_`, `IS_ACTIVE_`, `IS_CONCURRENT_`, `IS_SCOPE_`, `IS_EVENT_SCOPE_`, `IS_MI_ROOT_`, `SUSPENSION_STATE_`, `CACHED_ENT_STATE_`, `TENANT_ID_`, `NAME_`, `START_TIME_`, `START_USER_ID_`, `LOCK_TIME_`, `IS_COUNT_ENABLED_`, `EVT_SUBSCR_COUNT_`, `TASK_COUNT_`, `JOB_COUNT_`, `TIMER_JOB_COUNT_`, `SUSP_JOB_COUNT_`, `DEADLETTER_JOB_COUNT_`, `VAR_COUNT_`, `ID_LINK_COUNT_`, `APP_VERSION_`) VALUES ('245aa70a-0923-11ee-8637-b60fbe4e0138', 2, '245a58e7-0923-11ee-8637-b60fbe4e0138', NULL, '245a58e7-0923-11ee-8637-b60fbe4e0138', 'overtime:2:1fccba2d-0923-11ee-b61c-b60fbe4e0138', NULL, '245a58e7-0923-11ee-8637-b60fbe4e0138', 'sid-3146B952-82F3-49E8-8C98-3DB7BBD86166', 1, 0, 0, 0, 0, 1, NULL, '', NULL, '2023-06-12 21:15:03.349', NULL, NULL, 0, 0, 0, 0, 0, 0, 0, 0, 0, NULL);
INSERT INTO `act_ru_execution` (`ID_`, `REV_`, `PROC_INST_ID_`, `BUSINESS_KEY_`, `PARENT_ID_`, `PROC_DEF_ID_`, `SUPER_EXEC_`, `ROOT_PROC_INST_ID_`, `ACT_ID_`, `IS_ACTIVE_`, `IS_CONCURRENT_`, `IS_SCOPE_`, `IS_EVENT_SCOPE_`, `IS_MI_ROOT_`, `SUSPENSION_STATE_`, `CACHED_ENT_STATE_`, `TENANT_ID_`, `NAME_`, `START_TIME_`, `START_USER_ID_`, `LOCK_TIME_`, `IS_COUNT_ENABLED_`, `EVT_SUBSCR_COUNT_`, `TASK_COUNT_`, `JOB_COUNT_`, `TIMER_JOB_COUNT_`, `SUSP_JOB_COUNT_`, `DEADLETTER_JOB_COUNT_`, `VAR_COUNT_`, `ID_LINK_COUNT_`, `APP_VERSION_`) VALUES ('33f830f6-09c3-11ee-84f1-2aee215b35b7', 1, '33f830f6-09c3-11ee-84f1-2aee215b35b7', NULL, NULL, 'overtime04:1:041b6151-09c3-11ee-993e-2aee215b35b7', NULL, '33f830f6-09c3-11ee-84f1-2aee215b35b7', NULL, 1, 0, 1, 0, 0, 1, NULL, '', NULL, '2023-06-13 16:20:49.024', NULL, NULL, 0, 0, 0, 0, 0, 0, 0, 0, 0, NULL);
INSERT INTO `act_ru_execution` (`ID_`, `REV_`, `PROC_INST_ID_`, `BUSINESS_KEY_`, `PARENT_ID_`, `PROC_DEF_ID_`, `SUPER_EXEC_`, `ROOT_PROC_INST_ID_`, `ACT_ID_`, `IS_ACTIVE_`, `IS_CONCURRENT_`, `IS_SCOPE_`, `IS_EVENT_SCOPE_`, `IS_MI_ROOT_`, `SUSPENSION_STATE_`, `CACHED_ENT_STATE_`, `TENANT_ID_`, `NAME_`, `START_TIME_`, `START_USER_ID_`, `LOCK_TIME_`, `IS_COUNT_ENABLED_`, `EVT_SUBSCR_COUNT_`, `TASK_COUNT_`, `JOB_COUNT_`, `TIMER_JOB_COUNT_`, `SUSP_JOB_COUNT_`, `DEADLETTER_JOB_COUNT_`, `VAR_COUNT_`, `ID_LINK_COUNT_`, `APP_VERSION_`) VALUES ('33f85807-09c3-11ee-84f1-2aee215b35b7', 2, '33f830f6-09c3-11ee-84f1-2aee215b35b7', NULL, '33f830f6-09c3-11ee-84f1-2aee215b35b7', 'overtime04:1:041b6151-09c3-11ee-993e-2aee215b35b7', NULL, '33f830f6-09c3-11ee-84f1-2aee215b35b7', 'sid-2FC30B49-C0BF-44E1-BAE0-BDDE29FC22F3', 1, 0, 0, 0, 0, 1, NULL, '', NULL, '2023-06-13 16:20:49.025', NULL, NULL, 0, 0, 0, 0, 0, 0, 0, 0, 0, NULL);
INSERT INTO `act_ru_execution` (`ID_`, `REV_`, `PROC_INST_ID_`, `BUSINESS_KEY_`, `PARENT_ID_`, `PROC_DEF_ID_`, `SUPER_EXEC_`, `ROOT_PROC_INST_ID_`, `ACT_ID_`, `IS_ACTIVE_`, `IS_CONCURRENT_`, `IS_SCOPE_`, `IS_EVENT_SCOPE_`, `IS_MI_ROOT_`, `SUSPENSION_STATE_`, `CACHED_ENT_STATE_`, `TENANT_ID_`, `NAME_`, `START_TIME_`, `START_USER_ID_`, `LOCK_TIME_`, `IS_COUNT_ENABLED_`, `EVT_SUBSCR_COUNT_`, `TASK_COUNT_`, `JOB_COUNT_`, `TIMER_JOB_COUNT_`, `SUSP_JOB_COUNT_`, `DEADLETTER_JOB_COUNT_`, `VAR_COUNT_`, `ID_LINK_COUNT_`, `APP_VERSION_`) VALUES ('4141c9a7-09cd-11ee-a2d5-2aee215b35b7', 1, '4141c9a7-09cd-11ee-a2d5-2aee215b35b7', NULL, NULL, 'leave001:2:3ca29e4f-09cd-11ee-858d-2aee215b35b7', NULL, '4141c9a7-09cd-11ee-a2d5-2aee215b35b7', NULL, 1, 0, 1, 0, 0, 1, NULL, '', NULL, '2023-06-13 17:32:46.284', NULL, NULL, 0, 0, 0, 0, 0, 0, 0, 0, 0, NULL);
INSERT INTO `act_ru_execution` (`ID_`, `REV_`, `PROC_INST_ID_`, `BUSINESS_KEY_`, `PARENT_ID_`, `PROC_DEF_ID_`, `SUPER_EXEC_`, `ROOT_PROC_INST_ID_`, `ACT_ID_`, `IS_ACTIVE_`, `IS_CONCURRENT_`, `IS_SCOPE_`, `IS_EVENT_SCOPE_`, `IS_MI_ROOT_`, `SUSPENSION_STATE_`, `CACHED_ENT_STATE_`, `TENANT_ID_`, `NAME_`, `START_TIME_`, `START_USER_ID_`, `LOCK_TIME_`, `IS_COUNT_ENABLED_`, `EVT_SUBSCR_COUNT_`, `TASK_COUNT_`, `JOB_COUNT_`, `TIMER_JOB_COUNT_`, `SUSP_JOB_COUNT_`, `DEADLETTER_JOB_COUNT_`, `VAR_COUNT_`, `ID_LINK_COUNT_`, `APP_VERSION_`) VALUES ('414217ca-09cd-11ee-a2d5-2aee215b35b7', 1, '4141c9a7-09cd-11ee-a2d5-2aee215b35b7', NULL, '4141c9a7-09cd-11ee-a2d5-2aee215b35b7', 'leave001:2:3ca29e4f-09cd-11ee-858d-2aee215b35b7', NULL, '4141c9a7-09cd-11ee-a2d5-2aee215b35b7', 'sid-152234AD-7DE1-4523-8479-C12DE83A6835', 1, 0, 0, 0, 0, 1, NULL, '', NULL, '2023-06-13 17:32:46.286', NULL, NULL, 0, 0, 0, 0, 0, 0, 0, 0, 0, NULL);
INSERT INTO `act_ru_execution` (`ID_`, `REV_`, `PROC_INST_ID_`, `BUSINESS_KEY_`, `PARENT_ID_`, `PROC_DEF_ID_`, `SUPER_EXEC_`, `ROOT_PROC_INST_ID_`, `ACT_ID_`, `IS_ACTIVE_`, `IS_CONCURRENT_`, `IS_SCOPE_`, `IS_EVENT_SCOPE_`, `IS_MI_ROOT_`, `SUSPENSION_STATE_`, `CACHED_ENT_STATE_`, `TENANT_ID_`, `NAME_`, `START_TIME_`, `START_USER_ID_`, `LOCK_TIME_`, `IS_COUNT_ENABLED_`, `EVT_SUBSCR_COUNT_`, `TASK_COUNT_`, `JOB_COUNT_`, `TIMER_JOB_COUNT_`, `SUSP_JOB_COUNT_`, `DEADLETTER_JOB_COUNT_`, `VAR_COUNT_`, `ID_LINK_COUNT_`, `APP_VERSION_`) VALUES ('4143775d-09cd-11ee-a2d5-2aee215b35b7', 1, '4141c9a7-09cd-11ee-a2d5-2aee215b35b7', NULL, '4141c9a7-09cd-11ee-a2d5-2aee215b35b7', 'leave001:2:3ca29e4f-09cd-11ee-858d-2aee215b35b7', NULL, '4141c9a7-09cd-11ee-a2d5-2aee215b35b7', 'sid-F153FA85-DD93-459E-BC43-2167BA72E3EC', 1, 0, 0, 0, 0, 1, NULL, '', NULL, '2023-06-13 17:32:46.295', NULL, NULL, 0, 0, 0, 0, 0, 0, 0, 0, 0, NULL);
INSERT INTO `act_ru_execution` (`ID_`, `REV_`, `PROC_INST_ID_`, `BUSINESS_KEY_`, `PARENT_ID_`, `PROC_DEF_ID_`, `SUPER_EXEC_`, `ROOT_PROC_INST_ID_`, `ACT_ID_`, `IS_ACTIVE_`, `IS_CONCURRENT_`, `IS_SCOPE_`, `IS_EVENT_SCOPE_`, `IS_MI_ROOT_`, `SUSPENSION_STATE_`, `CACHED_ENT_STATE_`, `TENANT_ID_`, `NAME_`, `START_TIME_`, `START_USER_ID_`, `LOCK_TIME_`, `IS_COUNT_ENABLED_`, `EVT_SUBSCR_COUNT_`, `TASK_COUNT_`, `JOB_COUNT_`, `TIMER_JOB_COUNT_`, `SUSP_JOB_COUNT_`, `DEADLETTER_JOB_COUNT_`, `VAR_COUNT_`, `ID_LINK_COUNT_`, `APP_VERSION_`) VALUES ('6b2b3118-0920-11ee-b7b6-b60fbe4e0138', 1, '6b2b3118-0920-11ee-b7b6-b60fbe4e0138', NULL, NULL, 'overtime:1:643e9384-0920-11ee-b502-b60fbe4e0138', NULL, '6b2b3118-0920-11ee-b7b6-b60fbe4e0138', NULL, 1, 0, 1, 0, 0, 1, NULL, '', NULL, '2023-06-12 20:55:33.666', NULL, NULL, 0, 0, 0, 0, 0, 0, 0, 0, 0, NULL);
INSERT INTO `act_ru_execution` (`ID_`, `REV_`, `PROC_INST_ID_`, `BUSINESS_KEY_`, `PARENT_ID_`, `PROC_DEF_ID_`, `SUPER_EXEC_`, `ROOT_PROC_INST_ID_`, `ACT_ID_`, `IS_ACTIVE_`, `IS_CONCURRENT_`, `IS_SCOPE_`, `IS_EVENT_SCOPE_`, `IS_MI_ROOT_`, `SUSPENSION_STATE_`, `CACHED_ENT_STATE_`, `TENANT_ID_`, `NAME_`, `START_TIME_`, `START_USER_ID_`, `LOCK_TIME_`, `IS_COUNT_ENABLED_`, `EVT_SUBSCR_COUNT_`, `TASK_COUNT_`, `JOB_COUNT_`, `TIMER_JOB_COUNT_`, `SUSP_JOB_COUNT_`, `DEADLETTER_JOB_COUNT_`, `VAR_COUNT_`, `ID_LINK_COUNT_`, `APP_VERSION_`) VALUES ('6b2ba64d-0920-11ee-b7b6-b60fbe4e0138', 1, '6b2b3118-0920-11ee-b7b6-b60fbe4e0138', NULL, '6b2b3118-0920-11ee-b7b6-b60fbe4e0138', 'overtime:1:643e9384-0920-11ee-b502-b60fbe4e0138', NULL, '6b2b3118-0920-11ee-b7b6-b60fbe4e0138', 'sid-1C03C51F-BD11-49E3-B373-E7BC48B61D6A', 1, 0, 0, 0, 0, 1, NULL, '', NULL, '2023-06-12 20:55:33.669', NULL, NULL, 0, 0, 0, 0, 0, 0, 0, 0, 0, NULL);
INSERT INTO `act_ru_execution` (`ID_`, `REV_`, `PROC_INST_ID_`, `BUSINESS_KEY_`, `PARENT_ID_`, `PROC_DEF_ID_`, `SUPER_EXEC_`, `ROOT_PROC_INST_ID_`, `ACT_ID_`, `IS_ACTIVE_`, `IS_CONCURRENT_`, `IS_SCOPE_`, `IS_EVENT_SCOPE_`, `IS_MI_ROOT_`, `SUSPENSION_STATE_`, `CACHED_ENT_STATE_`, `TENANT_ID_`, `NAME_`, `START_TIME_`, `START_USER_ID_`, `LOCK_TIME_`, `IS_COUNT_ENABLED_`, `EVT_SUBSCR_COUNT_`, `TASK_COUNT_`, `JOB_COUNT_`, `TIMER_JOB_COUNT_`, `SUSP_JOB_COUNT_`, `DEADLETTER_JOB_COUNT_`, `VAR_COUNT_`, `ID_LINK_COUNT_`, `APP_VERSION_`) VALUES ('708e9957-08f4-11ee-8d42-969bbc5bdb82', 1, '708e9957-08f4-11ee-8d42-969bbc5bdb82', NULL, NULL, 'overtime02:1:6a7922bf-08f4-11ee-8e71-969bbc5bdb82', NULL, '708e9957-08f4-11ee-8d42-969bbc5bdb82', NULL, 1, 0, 1, 0, 0, 1, NULL, '', NULL, '2023-06-12 15:40:44.850', NULL, NULL, 0, 0, 0, 0, 0, 0, 0, 0, 0, NULL);
INSERT INTO `act_ru_execution` (`ID_`, `REV_`, `PROC_INST_ID_`, `BUSINESS_KEY_`, `PARENT_ID_`, `PROC_DEF_ID_`, `SUPER_EXEC_`, `ROOT_PROC_INST_ID_`, `ACT_ID_`, `IS_ACTIVE_`, `IS_CONCURRENT_`, `IS_SCOPE_`, `IS_EVENT_SCOPE_`, `IS_MI_ROOT_`, `SUSPENSION_STATE_`, `CACHED_ENT_STATE_`, `TENANT_ID_`, `NAME_`, `START_TIME_`, `START_USER_ID_`, `LOCK_TIME_`, `IS_COUNT_ENABLED_`, `EVT_SUBSCR_COUNT_`, `TASK_COUNT_`, `JOB_COUNT_`, `TIMER_JOB_COUNT_`, `SUSP_JOB_COUNT_`, `DEADLETTER_JOB_COUNT_`, `VAR_COUNT_`, `ID_LINK_COUNT_`, `APP_VERSION_`) VALUES ('708ec068-08f4-11ee-8d42-969bbc5bdb82', 1, '708e9957-08f4-11ee-8d42-969bbc5bdb82', NULL, '708e9957-08f4-11ee-8d42-969bbc5bdb82', 'overtime02:1:6a7922bf-08f4-11ee-8e71-969bbc5bdb82', NULL, '708e9957-08f4-11ee-8d42-969bbc5bdb82', 'sid-1C03C51F-BD11-49E3-B373-E7BC48B61D6A', 1, 0, 0, 0, 0, 1, NULL, '', NULL, '2023-06-12 15:40:44.851', NULL, NULL, 0, 0, 0, 0, 0, 0, 0, 0, 0, NULL);
INSERT INTO `act_ru_execution` (`ID_`, `REV_`, `PROC_INST_ID_`, `BUSINESS_KEY_`, `PARENT_ID_`, `PROC_DEF_ID_`, `SUPER_EXEC_`, `ROOT_PROC_INST_ID_`, `ACT_ID_`, `IS_ACTIVE_`, `IS_CONCURRENT_`, `IS_SCOPE_`, `IS_EVENT_SCOPE_`, `IS_MI_ROOT_`, `SUSPENSION_STATE_`, `CACHED_ENT_STATE_`, `TENANT_ID_`, `NAME_`, `START_TIME_`, `START_USER_ID_`, `LOCK_TIME_`, `IS_COUNT_ENABLED_`, `EVT_SUBSCR_COUNT_`, `TASK_COUNT_`, `JOB_COUNT_`, `TIMER_JOB_COUNT_`, `SUSP_JOB_COUNT_`, `DEADLETTER_JOB_COUNT_`, `VAR_COUNT_`, `ID_LINK_COUNT_`, `APP_VERSION_`) VALUES ('714ab140-09cd-11ee-b620-2aee215b35b7', 1, '714ab140-09cd-11ee-b620-2aee215b35b7', NULL, NULL, 'leave001:2:3ca29e4f-09cd-11ee-858d-2aee215b35b7', NULL, '714ab140-09cd-11ee-b620-2aee215b35b7', NULL, 1, 0, 1, 0, 0, 1, NULL, '', NULL, '2023-06-13 17:34:06.873', NULL, NULL, 0, 0, 0, 0, 0, 0, 0, 0, 0, NULL);
INSERT INTO `act_ru_execution` (`ID_`, `REV_`, `PROC_INST_ID_`, `BUSINESS_KEY_`, `PARENT_ID_`, `PROC_DEF_ID_`, `SUPER_EXEC_`, `ROOT_PROC_INST_ID_`, `ACT_ID_`, `IS_ACTIVE_`, `IS_CONCURRENT_`, `IS_SCOPE_`, `IS_EVENT_SCOPE_`, `IS_MI_ROOT_`, `SUSPENSION_STATE_`, `CACHED_ENT_STATE_`, `TENANT_ID_`, `NAME_`, `START_TIME_`, `START_USER_ID_`, `LOCK_TIME_`, `IS_COUNT_ENABLED_`, `EVT_SUBSCR_COUNT_`, `TASK_COUNT_`, `JOB_COUNT_`, `TIMER_JOB_COUNT_`, `SUSP_JOB_COUNT_`, `DEADLETTER_JOB_COUNT_`, `VAR_COUNT_`, `ID_LINK_COUNT_`, `APP_VERSION_`) VALUES ('714aff63-09cd-11ee-b620-2aee215b35b7', 1, '714ab140-09cd-11ee-b620-2aee215b35b7', NULL, '714ab140-09cd-11ee-b620-2aee215b35b7', 'leave001:2:3ca29e4f-09cd-11ee-858d-2aee215b35b7', NULL, '714ab140-09cd-11ee-b620-2aee215b35b7', 'sid-152234AD-7DE1-4523-8479-C12DE83A6835', 1, 0, 0, 0, 0, 1, NULL, '', NULL, '2023-06-13 17:34:06.875', NULL, NULL, 0, 0, 0, 0, 0, 0, 0, 0, 0, NULL);
INSERT INTO `act_ru_execution` (`ID_`, `REV_`, `PROC_INST_ID_`, `BUSINESS_KEY_`, `PARENT_ID_`, `PROC_DEF_ID_`, `SUPER_EXEC_`, `ROOT_PROC_INST_ID_`, `ACT_ID_`, `IS_ACTIVE_`, `IS_CONCURRENT_`, `IS_SCOPE_`, `IS_EVENT_SCOPE_`, `IS_MI_ROOT_`, `SUSPENSION_STATE_`, `CACHED_ENT_STATE_`, `TENANT_ID_`, `NAME_`, `START_TIME_`, `START_USER_ID_`, `LOCK_TIME_`, `IS_COUNT_ENABLED_`, `EVT_SUBSCR_COUNT_`, `TASK_COUNT_`, `JOB_COUNT_`, `TIMER_JOB_COUNT_`, `SUSP_JOB_COUNT_`, `DEADLETTER_JOB_COUNT_`, `VAR_COUNT_`, `ID_LINK_COUNT_`, `APP_VERSION_`) VALUES ('714c37e6-09cd-11ee-b620-2aee215b35b7', 1, '714ab140-09cd-11ee-b620-2aee215b35b7', NULL, '714ab140-09cd-11ee-b620-2aee215b35b7', 'leave001:2:3ca29e4f-09cd-11ee-858d-2aee215b35b7', NULL, '714ab140-09cd-11ee-b620-2aee215b35b7', 'sid-F153FA85-DD93-459E-BC43-2167BA72E3EC', 1, 0, 0, 0, 0, 1, NULL, '', NULL, '2023-06-13 17:34:06.883', NULL, NULL, 0, 0, 0, 0, 0, 0, 0, 0, 0, NULL);
INSERT INTO `act_ru_execution` (`ID_`, `REV_`, `PROC_INST_ID_`, `BUSINESS_KEY_`, `PARENT_ID_`, `PROC_DEF_ID_`, `SUPER_EXEC_`, `ROOT_PROC_INST_ID_`, `ACT_ID_`, `IS_ACTIVE_`, `IS_CONCURRENT_`, `IS_SCOPE_`, `IS_EVENT_SCOPE_`, `IS_MI_ROOT_`, `SUSPENSION_STATE_`, `CACHED_ENT_STATE_`, `TENANT_ID_`, `NAME_`, `START_TIME_`, `START_USER_ID_`, `LOCK_TIME_`, `IS_COUNT_ENABLED_`, `EVT_SUBSCR_COUNT_`, `TASK_COUNT_`, `JOB_COUNT_`, `TIMER_JOB_COUNT_`, `SUSP_JOB_COUNT_`, `DEADLETTER_JOB_COUNT_`, `VAR_COUNT_`, `ID_LINK_COUNT_`, `APP_VERSION_`) VALUES ('99e01586-09c9-11ee-b45a-2aee215b35b7', 1, '99e01586-09c9-11ee-b45a-2aee215b35b7', NULL, NULL, 'overtime001:2:92d3bb6a-09c9-11ee-817c-2aee215b35b7', NULL, '99e01586-09c9-11ee-b45a-2aee215b35b7', NULL, 1, 0, 1, 0, 0, 1, NULL, '', NULL, '2023-06-13 17:06:36.974', NULL, NULL, 0, 0, 0, 0, 0, 0, 0, 0, 0, NULL);
INSERT INTO `act_ru_execution` (`ID_`, `REV_`, `PROC_INST_ID_`, `BUSINESS_KEY_`, `PARENT_ID_`, `PROC_DEF_ID_`, `SUPER_EXEC_`, `ROOT_PROC_INST_ID_`, `ACT_ID_`, `IS_ACTIVE_`, `IS_CONCURRENT_`, `IS_SCOPE_`, `IS_EVENT_SCOPE_`, `IS_MI_ROOT_`, `SUSPENSION_STATE_`, `CACHED_ENT_STATE_`, `TENANT_ID_`, `NAME_`, `START_TIME_`, `START_USER_ID_`, `LOCK_TIME_`, `IS_COUNT_ENABLED_`, `EVT_SUBSCR_COUNT_`, `TASK_COUNT_`, `JOB_COUNT_`, `TIMER_JOB_COUNT_`, `SUSP_JOB_COUNT_`, `DEADLETTER_JOB_COUNT_`, `VAR_COUNT_`, `ID_LINK_COUNT_`, `APP_VERSION_`) VALUES ('99e063a7-09c9-11ee-b45a-2aee215b35b7', 1, '99e01586-09c9-11ee-b45a-2aee215b35b7', NULL, '99e01586-09c9-11ee-b45a-2aee215b35b7', 'overtime001:2:92d3bb6a-09c9-11ee-817c-2aee215b35b7', NULL, '99e01586-09c9-11ee-b45a-2aee215b35b7', 'sid-F35D0733-EE93-47A8-839D-B7D184A9C110', 1, 0, 0, 0, 0, 1, NULL, '', NULL, '2023-06-13 17:06:36.976', NULL, NULL, 0, 0, 0, 0, 0, 0, 0, 0, 0, NULL);
INSERT INTO `act_ru_execution` (`ID_`, `REV_`, `PROC_INST_ID_`, `BUSINESS_KEY_`, `PARENT_ID_`, `PROC_DEF_ID_`, `SUPER_EXEC_`, `ROOT_PROC_INST_ID_`, `ACT_ID_`, `IS_ACTIVE_`, `IS_CONCURRENT_`, `IS_SCOPE_`, `IS_EVENT_SCOPE_`, `IS_MI_ROOT_`, `SUSPENSION_STATE_`, `CACHED_ENT_STATE_`, `TENANT_ID_`, `NAME_`, `START_TIME_`, `START_USER_ID_`, `LOCK_TIME_`, `IS_COUNT_ENABLED_`, `EVT_SUBSCR_COUNT_`, `TASK_COUNT_`, `JOB_COUNT_`, `TIMER_JOB_COUNT_`, `SUSP_JOB_COUNT_`, `DEADLETTER_JOB_COUNT_`, `VAR_COUNT_`, `ID_LINK_COUNT_`, `APP_VERSION_`) VALUES ('a1ef91c6-09ca-11ee-a1d9-2aee215b35b7', 1, 'a1ef91c6-09ca-11ee-a1d9-2aee215b35b7', NULL, NULL, 'overtime001:3:9c202554-09ca-11ee-8d3f-2aee215b35b7', NULL, 'a1ef91c6-09ca-11ee-a1d9-2aee215b35b7', NULL, 1, 0, 1, 0, 0, 1, NULL, '', NULL, '2023-06-13 17:13:59.994', NULL, NULL, 0, 0, 0, 0, 0, 0, 0, 0, 0, NULL);
INSERT INTO `act_ru_execution` (`ID_`, `REV_`, `PROC_INST_ID_`, `BUSINESS_KEY_`, `PARENT_ID_`, `PROC_DEF_ID_`, `SUPER_EXEC_`, `ROOT_PROC_INST_ID_`, `ACT_ID_`, `IS_ACTIVE_`, `IS_CONCURRENT_`, `IS_SCOPE_`, `IS_EVENT_SCOPE_`, `IS_MI_ROOT_`, `SUSPENSION_STATE_`, `CACHED_ENT_STATE_`, `TENANT_ID_`, `NAME_`, `START_TIME_`, `START_USER_ID_`, `LOCK_TIME_`, `IS_COUNT_ENABLED_`, `EVT_SUBSCR_COUNT_`, `TASK_COUNT_`, `JOB_COUNT_`, `TIMER_JOB_COUNT_`, `SUSP_JOB_COUNT_`, `DEADLETTER_JOB_COUNT_`, `VAR_COUNT_`, `ID_LINK_COUNT_`, `APP_VERSION_`) VALUES ('a1efdfe9-09ca-11ee-a1d9-2aee215b35b7', 1, 'a1ef91c6-09ca-11ee-a1d9-2aee215b35b7', NULL, 'a1ef91c6-09ca-11ee-a1d9-2aee215b35b7', 'overtime001:3:9c202554-09ca-11ee-8d3f-2aee215b35b7', NULL, 'a1ef91c6-09ca-11ee-a1d9-2aee215b35b7', 'sid-F35D0733-EE93-47A8-839D-B7D184A9C110', 1, 0, 0, 0, 0, 1, NULL, '', NULL, '2023-06-13 17:13:59.996', NULL, NULL, 0, 0, 0, 0, 0, 0, 0, 0, 0, NULL);
INSERT INTO `act_ru_execution` (`ID_`, `REV_`, `PROC_INST_ID_`, `BUSINESS_KEY_`, `PARENT_ID_`, `PROC_DEF_ID_`, `SUPER_EXEC_`, `ROOT_PROC_INST_ID_`, `ACT_ID_`, `IS_ACTIVE_`, `IS_CONCURRENT_`, `IS_SCOPE_`, `IS_EVENT_SCOPE_`, `IS_MI_ROOT_`, `SUSPENSION_STATE_`, `CACHED_ENT_STATE_`, `TENANT_ID_`, `NAME_`, `START_TIME_`, `START_USER_ID_`, `LOCK_TIME_`, `IS_COUNT_ENABLED_`, `EVT_SUBSCR_COUNT_`, `TASK_COUNT_`, `JOB_COUNT_`, `TIMER_JOB_COUNT_`, `SUSP_JOB_COUNT_`, `DEADLETTER_JOB_COUNT_`, `VAR_COUNT_`, `ID_LINK_COUNT_`, `APP_VERSION_`) VALUES ('ffa761de-09c9-11ee-a564-2aee215b35b7', 1, 'ffa761de-09c9-11ee-a564-2aee215b35b7', NULL, NULL, 'overtime001:2:92d3bb6a-09c9-11ee-817c-2aee215b35b7', NULL, 'ffa761de-09c9-11ee-a564-2aee215b35b7', NULL, 1, 0, 1, 0, 0, 1, NULL, '', NULL, '2023-06-13 17:09:27.730', NULL, NULL, 0, 0, 0, 0, 0, 0, 0, 0, 0, NULL);
INSERT INTO `act_ru_execution` (`ID_`, `REV_`, `PROC_INST_ID_`, `BUSINESS_KEY_`, `PARENT_ID_`, `PROC_DEF_ID_`, `SUPER_EXEC_`, `ROOT_PROC_INST_ID_`, `ACT_ID_`, `IS_ACTIVE_`, `IS_CONCURRENT_`, `IS_SCOPE_`, `IS_EVENT_SCOPE_`, `IS_MI_ROOT_`, `SUSPENSION_STATE_`, `CACHED_ENT_STATE_`, `TENANT_ID_`, `NAME_`, `START_TIME_`, `START_USER_ID_`, `LOCK_TIME_`, `IS_COUNT_ENABLED_`, `EVT_SUBSCR_COUNT_`, `TASK_COUNT_`, `JOB_COUNT_`, `TIMER_JOB_COUNT_`, `SUSP_JOB_COUNT_`, `DEADLETTER_JOB_COUNT_`, `VAR_COUNT_`, `ID_LINK_COUNT_`, `APP_VERSION_`) VALUES ('ffa7b001-09c9-11ee-a564-2aee215b35b7', 1, 'ffa761de-09c9-11ee-a564-2aee215b35b7', NULL, 'ffa761de-09c9-11ee-a564-2aee215b35b7', 'overtime001:2:92d3bb6a-09c9-11ee-817c-2aee215b35b7', NULL, 'ffa761de-09c9-11ee-a564-2aee215b35b7', 'sid-F35D0733-EE93-47A8-839D-B7D184A9C110', 1, 0, 0, 0, 0, 1, NULL, '', NULL, '2023-06-13 17:09:27.732', NULL, NULL, 0, 0, 0, 0, 0, 0, 0, 0, 0, NULL);
COMMIT;

-- ----------------------------
-- Table structure for act_ru_identitylink
-- ----------------------------
DROP TABLE IF EXISTS `act_ru_identitylink`;
CREATE TABLE `act_ru_identitylink` (
  `ID_` varchar(64) CHARACTER SET utf8 COLLATE utf8_bin NOT NULL,
  `REV_` int DEFAULT NULL,
  `GROUP_ID_` varchar(255) CHARACTER SET utf8 COLLATE utf8_bin DEFAULT NULL,
  `TYPE_` varchar(255) CHARACTER SET utf8 COLLATE utf8_bin DEFAULT NULL,
  `USER_ID_` varchar(255) CHARACTER SET utf8 COLLATE utf8_bin DEFAULT NULL,
  `TASK_ID_` varchar(64) CHARACTER SET utf8 COLLATE utf8_bin DEFAULT NULL,
  `PROC_INST_ID_` varchar(64) CHARACTER SET utf8 COLLATE utf8_bin DEFAULT NULL,
  `PROC_DEF_ID_` varchar(64) CHARACTER SET utf8 COLLATE utf8_bin DEFAULT NULL,
  PRIMARY KEY (`ID_`),
  KEY `ACT_IDX_IDENT_LNK_USER` (`USER_ID_`),
  KEY `ACT_IDX_IDENT_LNK_GROUP` (`GROUP_ID_`),
  KEY `ACT_IDX_ATHRZ_PROCEDEF` (`PROC_DEF_ID_`),
  KEY `ACT_FK_TSKASS_TASK` (`TASK_ID_`),
  KEY `ACT_FK_IDL_PROCINST` (`PROC_INST_ID_`),
  CONSTRAINT `ACT_FK_ATHRZ_PROCEDEF` FOREIGN KEY (`PROC_DEF_ID_`) REFERENCES `act_re_procdef` (`ID_`),
  CONSTRAINT `ACT_FK_IDL_PROCINST` FOREIGN KEY (`PROC_INST_ID_`) REFERENCES `act_ru_execution` (`ID_`),
  CONSTRAINT `ACT_FK_TSKASS_TASK` FOREIGN KEY (`TASK_ID_`) REFERENCES `act_ru_task` (`ID_`)
) ENGINE=InnoDB DEFAULT CHARSET=utf8mb3 COLLATE=utf8_bin;

-- ----------------------------
-- Records of act_ru_identitylink
-- ----------------------------
BEGIN;
INSERT INTO `act_ru_identitylink` (`ID_`, `REV_`, `GROUP_ID_`, `TYPE_`, `USER_ID_`, `TASK_ID_`, `PROC_INST_ID_`, `PROC_DEF_ID_`) VALUES ('0b681ba6-09ca-11ee-89e6-2aee215b35b7', 1, NULL, 'participant', 'gousheng', NULL, '0b64992c-09ca-11ee-89e6-2aee215b35b7', NULL);
INSERT INTO `act_ru_identitylink` (`ID_`, `REV_`, `GROUP_ID_`, `TYPE_`, `USER_ID_`, `TASK_ID_`, `PROC_INST_ID_`, `PROC_DEF_ID_`) VALUES ('245ddb60-0923-11ee-8637-b60fbe4e0138', 1, NULL, 'participant', 'Lucy03', NULL, '245a58e7-0923-11ee-8637-b60fbe4e0138', NULL);
INSERT INTO `act_ru_identitylink` (`ID_`, `REV_`, `GROUP_ID_`, `TYPE_`, `USER_ID_`, `TASK_ID_`, `PROC_INST_ID_`, `PROC_DEF_ID_`) VALUES ('29cb2b8f-0923-11ee-abdf-b60fbe4e0138', 1, NULL, 'participant', 'zhao', NULL, '245a58e7-0923-11ee-8637-b60fbe4e0138', NULL);
INSERT INTO `act_ru_identitylink` (`ID_`, `REV_`, `GROUP_ID_`, `TYPE_`, `USER_ID_`, `TASK_ID_`, `PROC_INST_ID_`, `PROC_DEF_ID_`) VALUES ('33fb8c5c-09c3-11ee-84f1-2aee215b35b7', 1, NULL, 'participant', 'tom01', NULL, '33f830f6-09c3-11ee-84f1-2aee215b35b7', NULL);
INSERT INTO `act_ru_identitylink` (`ID_`, `REV_`, `GROUP_ID_`, `TYPE_`, `USER_ID_`, `TASK_ID_`, `PROC_INST_ID_`, `PROC_DEF_ID_`) VALUES ('33fb8c5e-09c3-11ee-84f1-2aee215b35b7', 1, NULL, 'participant', 'tom02', NULL, '33f830f6-09c3-11ee-84f1-2aee215b35b7', NULL);
INSERT INTO `act_ru_identitylink` (`ID_`, `REV_`, `GROUP_ID_`, `TYPE_`, `USER_ID_`, `TASK_ID_`, `PROC_INST_ID_`, `PROC_DEF_ID_`) VALUES ('41460f74-09cd-11ee-a2d5-2aee215b35b7', 1, NULL, 'participant', 'gouwa', NULL, '4141c9a7-09cd-11ee-a2d5-2aee215b35b7', NULL);
INSERT INTO `act_ru_identitylink` (`ID_`, `REV_`, `GROUP_ID_`, `TYPE_`, `USER_ID_`, `TASK_ID_`, `PROC_INST_ID_`, `PROC_DEF_ID_`) VALUES ('41479617-09cd-11ee-a2d5-2aee215b35b7', 1, NULL, 'participant', 'wang5', NULL, '4141c9a7-09cd-11ee-a2d5-2aee215b35b7', NULL);
INSERT INTO `act_ru_identitylink` (`ID_`, `REV_`, `GROUP_ID_`, `TYPE_`, `USER_ID_`, `TASK_ID_`, `PROC_INST_ID_`, `PROC_DEF_ID_`) VALUES ('6b2f00b5-0920-11ee-b7b6-b60fbe4e0138', 1, NULL, 'participant', 'Lucy01', NULL, '6b2b3118-0920-11ee-b7b6-b60fbe4e0138', NULL);
INSERT INTO `act_ru_identitylink` (`ID_`, `REV_`, `GROUP_ID_`, `TYPE_`, `USER_ID_`, `TASK_ID_`, `PROC_INST_ID_`, `PROC_DEF_ID_`) VALUES ('714ea8ed-09cd-11ee-b620-2aee215b35b7', 1, NULL, 'participant', 'gouwa', NULL, '714ab140-09cd-11ee-b620-2aee215b35b7', NULL);
INSERT INTO `act_ru_identitylink` (`ID_`, `REV_`, `GROUP_ID_`, `TYPE_`, `USER_ID_`, `TASK_ID_`, `PROC_INST_ID_`, `PROC_DEF_ID_`) VALUES ('714f1e20-09cd-11ee-b620-2aee215b35b7', 1, NULL, 'participant', 'wang5', NULL, '714ab140-09cd-11ee-b620-2aee215b35b7', NULL);
INSERT INTO `act_ru_identitylink` (`ID_`, `REV_`, `GROUP_ID_`, `TYPE_`, `USER_ID_`, `TASK_ID_`, `PROC_INST_ID_`, `PROC_DEF_ID_`) VALUES ('99e2fbbc-09c9-11ee-b45a-2aee215b35b7', 1, NULL, 'participant', 'gousheng', NULL, '99e01586-09c9-11ee-b45a-2aee215b35b7', NULL);
INSERT INTO `act_ru_identitylink` (`ID_`, `REV_`, `GROUP_ID_`, `TYPE_`, `USER_ID_`, `TASK_ID_`, `PROC_INST_ID_`, `PROC_DEF_ID_`) VALUES ('a1f2c620-09ca-11ee-a1d9-2aee215b35b7', 1, NULL, 'participant', 'gousheng', NULL, 'a1ef91c6-09ca-11ee-a1d9-2aee215b35b7', NULL);
INSERT INTO `act_ru_identitylink` (`ID_`, `REV_`, `GROUP_ID_`, `TYPE_`, `USER_ID_`, `TASK_ID_`, `PROC_INST_ID_`, `PROC_DEF_ID_`) VALUES ('aaade5b9-09c3-11ee-92f2-2aee215b35b7', 1, NULL, 'candidate', 'rose01', 'aaac3808-09c3-11ee-92f2-2aee215b35b7', NULL, NULL);
INSERT INTO `act_ru_identitylink` (`ID_`, `REV_`, `GROUP_ID_`, `TYPE_`, `USER_ID_`, `TASK_ID_`, `PROC_INST_ID_`, `PROC_DEF_ID_`) VALUES ('aaae5aea-09c3-11ee-92f2-2aee215b35b7', 1, NULL, 'participant', 'rose01', NULL, '33f830f6-09c3-11ee-84f1-2aee215b35b7', NULL);
INSERT INTO `act_ru_identitylink` (`ID_`, `REV_`, `GROUP_ID_`, `TYPE_`, `USER_ID_`, `TASK_ID_`, `PROC_INST_ID_`, `PROC_DEF_ID_`) VALUES ('aaae5aeb-09c3-11ee-92f2-2aee215b35b7', 1, NULL, 'candidate', 'rose02', 'aaac3808-09c3-11ee-92f2-2aee215b35b7', NULL, NULL);
INSERT INTO `act_ru_identitylink` (`ID_`, `REV_`, `GROUP_ID_`, `TYPE_`, `USER_ID_`, `TASK_ID_`, `PROC_INST_ID_`, `PROC_DEF_ID_`) VALUES ('aaae5aec-09c3-11ee-92f2-2aee215b35b7', 1, NULL, 'participant', 'rose02', NULL, '33f830f6-09c3-11ee-84f1-2aee215b35b7', NULL);
INSERT INTO `act_ru_identitylink` (`ID_`, `REV_`, `GROUP_ID_`, `TYPE_`, `USER_ID_`, `TASK_ID_`, `PROC_INST_ID_`, `PROC_DEF_ID_`) VALUES ('ffabceb8-09c9-11ee-a564-2aee215b35b7', 1, NULL, 'participant', 'gousheng', NULL, 'ffa761de-09c9-11ee-a564-2aee215b35b7', NULL);
COMMIT;

-- ----------------------------
-- Table structure for act_ru_integration
-- ----------------------------
DROP TABLE IF EXISTS `act_ru_integration`;
CREATE TABLE `act_ru_integration` (
  `ID_` varchar(64) CHARACTER SET utf8 COLLATE utf8_bin NOT NULL,
  `EXECUTION_ID_` varchar(64) CHARACTER SET utf8 COLLATE utf8_bin DEFAULT NULL,
  `PROCESS_INSTANCE_ID_` varchar(64) CHARACTER SET utf8 COLLATE utf8_bin DEFAULT NULL,
  `PROC_DEF_ID_` varchar(64) CHARACTER SET utf8 COLLATE utf8_bin DEFAULT NULL,
  `FLOW_NODE_ID_` varchar(64) CHARACTER SET utf8 COLLATE utf8_bin DEFAULT NULL,
  `CREATED_DATE_` timestamp(3) NULL DEFAULT NULL,
  PRIMARY KEY (`ID_`),
  KEY `ACT_FK_INT_EXECUTION` (`EXECUTION_ID_`),
  KEY `ACT_FK_INT_PROC_INST` (`PROCESS_INSTANCE_ID_`),
  KEY `ACT_FK_INT_PROC_DEF` (`PROC_DEF_ID_`),
  CONSTRAINT `ACT_FK_INT_EXECUTION` FOREIGN KEY (`EXECUTION_ID_`) REFERENCES `act_ru_execution` (`ID_`) ON DELETE CASCADE,
  CONSTRAINT `ACT_FK_INT_PROC_DEF` FOREIGN KEY (`PROC_DEF_ID_`) REFERENCES `act_re_procdef` (`ID_`),
  CONSTRAINT `ACT_FK_INT_PROC_INST` FOREIGN KEY (`PROCESS_INSTANCE_ID_`) REFERENCES `act_ru_execution` (`ID_`)
) ENGINE=InnoDB DEFAULT CHARSET=utf8mb3 COLLATE=utf8_bin;

-- ----------------------------
-- Records of act_ru_integration
-- ----------------------------
BEGIN;
COMMIT;

-- ----------------------------
-- Table structure for act_ru_job
-- ----------------------------
DROP TABLE IF EXISTS `act_ru_job`;
CREATE TABLE `act_ru_job` (
  `ID_` varchar(64) CHARACTER SET utf8 COLLATE utf8_bin NOT NULL,
  `REV_` int DEFAULT NULL,
  `TYPE_` varchar(255) CHARACTER SET utf8 COLLATE utf8_bin NOT NULL,
  `LOCK_EXP_TIME_` timestamp(3) NULL DEFAULT NULL,
  `LOCK_OWNER_` varchar(255) CHARACTER SET utf8 COLLATE utf8_bin DEFAULT NULL,
  `EXCLUSIVE_` tinyint(1) DEFAULT NULL,
  `EXECUTION_ID_` varchar(64) CHARACTER SET utf8 COLLATE utf8_bin DEFAULT NULL,
  `PROCESS_INSTANCE_ID_` varchar(64) CHARACTER SET utf8 COLLATE utf8_bin DEFAULT NULL,
  `PROC_DEF_ID_` varchar(64) CHARACTER SET utf8 COLLATE utf8_bin DEFAULT NULL,
  `RETRIES_` int DEFAULT NULL,
  `EXCEPTION_STACK_ID_` varchar(64) CHARACTER SET utf8 COLLATE utf8_bin DEFAULT NULL,
  `EXCEPTION_MSG_` varchar(4000) CHARACTER SET utf8 COLLATE utf8_bin DEFAULT NULL,
  `DUEDATE_` timestamp(3) NULL DEFAULT NULL,
  `REPEAT_` varchar(255) CHARACTER SET utf8 COLLATE utf8_bin DEFAULT NULL,
  `HANDLER_TYPE_` varchar(255) CHARACTER SET utf8 COLLATE utf8_bin DEFAULT NULL,
  `HANDLER_CFG_` varchar(4000) CHARACTER SET utf8 COLLATE utf8_bin DEFAULT NULL,
  `TENANT_ID_` varchar(255) CHARACTER SET utf8 COLLATE utf8_bin DEFAULT '',
  PRIMARY KEY (`ID_`),
  KEY `ACT_FK_JOB_EXECUTION` (`EXECUTION_ID_`),
  KEY `ACT_FK_JOB_PROCESS_INSTANCE` (`PROCESS_INSTANCE_ID_`),
  KEY `ACT_FK_JOB_PROC_DEF` (`PROC_DEF_ID_`),
  KEY `ACT_FK_JOB_EXCEPTION` (`EXCEPTION_STACK_ID_`),
  CONSTRAINT `ACT_FK_JOB_EXCEPTION` FOREIGN KEY (`EXCEPTION_STACK_ID_`) REFERENCES `act_ge_bytearray` (`ID_`),
  CONSTRAINT `ACT_FK_JOB_EXECUTION` FOREIGN KEY (`EXECUTION_ID_`) REFERENCES `act_ru_execution` (`ID_`),
  CONSTRAINT `ACT_FK_JOB_PROC_DEF` FOREIGN KEY (`PROC_DEF_ID_`) REFERENCES `act_re_procdef` (`ID_`),
  CONSTRAINT `ACT_FK_JOB_PROCESS_INSTANCE` FOREIGN KEY (`PROCESS_INSTANCE_ID_`) REFERENCES `act_ru_execution` (`ID_`)
) ENGINE=InnoDB DEFAULT CHARSET=utf8mb3 COLLATE=utf8_bin;

-- ----------------------------
-- Records of act_ru_job
-- ----------------------------
BEGIN;
COMMIT;

-- ----------------------------
-- Table structure for act_ru_suspended_job
-- ----------------------------
DROP TABLE IF EXISTS `act_ru_suspended_job`;
CREATE TABLE `act_ru_suspended_job` (
  `ID_` varchar(64) CHARACTER SET utf8 COLLATE utf8_bin NOT NULL,
  `REV_` int DEFAULT NULL,
  `TYPE_` varchar(255) CHARACTER SET utf8 COLLATE utf8_bin NOT NULL,
  `EXCLUSIVE_` tinyint(1) DEFAULT NULL,
  `EXECUTION_ID_` varchar(64) CHARACTER SET utf8 COLLATE utf8_bin DEFAULT NULL,
  `PROCESS_INSTANCE_ID_` varchar(64) CHARACTER SET utf8 COLLATE utf8_bin DEFAULT NULL,
  `PROC_DEF_ID_` varchar(64) CHARACTER SET utf8 COLLATE utf8_bin DEFAULT NULL,
  `RETRIES_` int DEFAULT NULL,
  `EXCEPTION_STACK_ID_` varchar(64) CHARACTER SET utf8 COLLATE utf8_bin DEFAULT NULL,
  `EXCEPTION_MSG_` varchar(4000) CHARACTER SET utf8 COLLATE utf8_bin DEFAULT NULL,
  `DUEDATE_` timestamp(3) NULL DEFAULT NULL,
  `REPEAT_` varchar(255) CHARACTER SET utf8 COLLATE utf8_bin DEFAULT NULL,
  `HANDLER_TYPE_` varchar(255) CHARACTER SET utf8 COLLATE utf8_bin DEFAULT NULL,
  `HANDLER_CFG_` varchar(4000) CHARACTER SET utf8 COLLATE utf8_bin DEFAULT NULL,
  `TENANT_ID_` varchar(255) CHARACTER SET utf8 COLLATE utf8_bin DEFAULT '',
  PRIMARY KEY (`ID_`),
  KEY `ACT_FK_SUSPENDED_JOB_EXECUTION` (`EXECUTION_ID_`),
  KEY `ACT_FK_SUSPENDED_JOB_PROCESS_INSTANCE` (`PROCESS_INSTANCE_ID_`),
  KEY `ACT_FK_SUSPENDED_JOB_PROC_DEF` (`PROC_DEF_ID_`),
  KEY `ACT_FK_SUSPENDED_JOB_EXCEPTION` (`EXCEPTION_STACK_ID_`),
  CONSTRAINT `ACT_FK_SUSPENDED_JOB_EXCEPTION` FOREIGN KEY (`EXCEPTION_STACK_ID_`) REFERENCES `act_ge_bytearray` (`ID_`),
  CONSTRAINT `ACT_FK_SUSPENDED_JOB_EXECUTION` FOREIGN KEY (`EXECUTION_ID_`) REFERENCES `act_ru_execution` (`ID_`),
  CONSTRAINT `ACT_FK_SUSPENDED_JOB_PROC_DEF` FOREIGN KEY (`PROC_DEF_ID_`) REFERENCES `act_re_procdef` (`ID_`),
  CONSTRAINT `ACT_FK_SUSPENDED_JOB_PROCESS_INSTANCE` FOREIGN KEY (`PROCESS_INSTANCE_ID_`) REFERENCES `act_ru_execution` (`ID_`)
) ENGINE=InnoDB DEFAULT CHARSET=utf8mb3 COLLATE=utf8_bin;

-- ----------------------------
-- Records of act_ru_suspended_job
-- ----------------------------
BEGIN;
COMMIT;

-- ----------------------------
-- Table structure for act_ru_task
-- ----------------------------
DROP TABLE IF EXISTS `act_ru_task`;
CREATE TABLE `act_ru_task` (
  `ID_` varchar(64) CHARACTER SET utf8 COLLATE utf8_bin NOT NULL,
  `REV_` int DEFAULT NULL,
  `EXECUTION_ID_` varchar(64) CHARACTER SET utf8 COLLATE utf8_bin DEFAULT NULL,
  `PROC_INST_ID_` varchar(64) CHARACTER SET utf8 COLLATE utf8_bin DEFAULT NULL,
  `PROC_DEF_ID_` varchar(64) CHARACTER SET utf8 COLLATE utf8_bin DEFAULT NULL,
  `NAME_` varchar(255) CHARACTER SET utf8 COLLATE utf8_bin DEFAULT NULL,
  `BUSINESS_KEY_` varchar(255) CHARACTER SET utf8 COLLATE utf8_bin DEFAULT NULL,
  `PARENT_TASK_ID_` varchar(64) CHARACTER SET utf8 COLLATE utf8_bin DEFAULT NULL,
  `DESCRIPTION_` varchar(4000) CHARACTER SET utf8 COLLATE utf8_bin DEFAULT NULL,
  `TASK_DEF_KEY_` varchar(255) CHARACTER SET utf8 COLLATE utf8_bin DEFAULT NULL,
  `OWNER_` varchar(255) CHARACTER SET utf8 COLLATE utf8_bin DEFAULT NULL,
  `ASSIGNEE_` varchar(255) CHARACTER SET utf8 COLLATE utf8_bin DEFAULT NULL,
  `DELEGATION_` varchar(64) CHARACTER SET utf8 COLLATE utf8_bin DEFAULT NULL,
  `PRIORITY_` int DEFAULT NULL,
  `CREATE_TIME_` timestamp(3) NULL DEFAULT NULL,
  `DUE_DATE_` datetime(3) DEFAULT NULL,
  `CATEGORY_` varchar(255) CHARACTER SET utf8 COLLATE utf8_bin DEFAULT NULL,
  `SUSPENSION_STATE_` int DEFAULT NULL,
  `TENANT_ID_` varchar(255) CHARACTER SET utf8 COLLATE utf8_bin DEFAULT '',
  `FORM_KEY_` varchar(255) CHARACTER SET utf8 COLLATE utf8_bin DEFAULT NULL,
  `CLAIM_TIME_` datetime(3) DEFAULT NULL,
  `APP_VERSION_` int DEFAULT NULL,
  PRIMARY KEY (`ID_`),
  KEY `ACT_IDX_TASK_CREATE` (`CREATE_TIME_`),
  KEY `ACT_FK_TASK_EXE` (`EXECUTION_ID_`),
  KEY `ACT_FK_TASK_PROCINST` (`PROC_INST_ID_`),
  KEY `ACT_FK_TASK_PROCDEF` (`PROC_DEF_ID_`),
  CONSTRAINT `ACT_FK_TASK_EXE` FOREIGN KEY (`EXECUTION_ID_`) REFERENCES `act_ru_execution` (`ID_`),
  CONSTRAINT `ACT_FK_TASK_PROCDEF` FOREIGN KEY (`PROC_DEF_ID_`) REFERENCES `act_re_procdef` (`ID_`),
  CONSTRAINT `ACT_FK_TASK_PROCINST` FOREIGN KEY (`PROC_INST_ID_`) REFERENCES `act_ru_execution` (`ID_`)
) ENGINE=InnoDB DEFAULT CHARSET=utf8mb3 COLLATE=utf8_bin;

-- ----------------------------
-- Records of act_ru_task
-- ----------------------------
BEGIN;
INSERT INTO `act_ru_task` (`ID_`, `REV_`, `EXECUTION_ID_`, `PROC_INST_ID_`, `PROC_DEF_ID_`, `NAME_`, `BUSINESS_KEY_`, `PARENT_TASK_ID_`, `DESCRIPTION_`, `TASK_DEF_KEY_`, `OWNER_`, `ASSIGNEE_`, `DELEGATION_`, `PRIORITY_`, `CREATE_TIME_`, `DUE_DATE_`, `CATEGORY_`, `SUSPENSION_STATE_`, `TENANT_ID_`, `FORM_KEY_`, `CLAIM_TIME_`, `APP_VERSION_`) VALUES ('0b675853-09ca-11ee-89e6-2aee215b35b7', 1, '0b64e74f-09ca-11ee-89e6-2aee215b35b7', '0b64992c-09ca-11ee-89e6-2aee215b35b7', 'overtime001:2:92d3bb6a-09c9-11ee-817c-2aee215b35b7', 'General manager approval', NULL, NULL, NULL, 'sid-F35D0733-EE93-47A8-839D-B7D184A9C110', NULL, 'gousheng', NULL, 50, '2023-06-13 09:09:47.432', NULL, NULL, 1, '', NULL, NULL, NULL);
INSERT INTO `act_ru_task` (`ID_`, `REV_`, `EXECUTION_ID_`, `PROC_INST_ID_`, `PROC_DEF_ID_`, `NAME_`, `BUSINESS_KEY_`, `PARENT_TASK_ID_`, `DESCRIPTION_`, `TASK_DEF_KEY_`, `OWNER_`, `ASSIGNEE_`, `DELEGATION_`, `PRIORITY_`, `CREATE_TIME_`, `DUE_DATE_`, `CATEGORY_`, `SUSPENSION_STATE_`, `TENANT_ID_`, `FORM_KEY_`, `CLAIM_TIME_`, `APP_VERSION_`) VALUES ('29c9f30a-0923-11ee-abdf-b60fbe4e0138', 1, '245aa70a-0923-11ee-8637-b60fbe4e0138', '245a58e7-0923-11ee-8637-b60fbe4e0138', 'overtime:2:1fccba2d-0923-11ee-b61c-b60fbe4e0138', 'Personnel approval', NULL, NULL, NULL, 'sid-3146B952-82F3-49E8-8C98-3DB7BBD86166', NULL, 'zhao', NULL, 50, '2023-06-12 13:15:12.456', NULL, NULL, 1, '', NULL, NULL, NULL);
INSERT INTO `act_ru_task` (`ID_`, `REV_`, `EXECUTION_ID_`, `PROC_INST_ID_`, `PROC_DEF_ID_`, `NAME_`, `BUSINESS_KEY_`, `PARENT_TASK_ID_`, `DESCRIPTION_`, `TASK_DEF_KEY_`, `OWNER_`, `ASSIGNEE_`, `DELEGATION_`, `PRIORITY_`, `CREATE_TIME_`, `DUE_DATE_`, `CATEGORY_`, `SUSPENSION_STATE_`, `TENANT_ID_`, `FORM_KEY_`, `CLAIM_TIME_`, `APP_VERSION_`) VALUES ('4145250f-09cd-11ee-a2d5-2aee215b35b7', 1, '414217ca-09cd-11ee-a2d5-2aee215b35b7', '4141c9a7-09cd-11ee-a2d5-2aee215b35b7', 'leave001:2:3ca29e4f-09cd-11ee-858d-2aee215b35b7', 'Department manager approval', NULL, NULL, NULL, 'sid-152234AD-7DE1-4523-8479-C12DE83A6835', NULL, 'wang5', NULL, 50, '2023-06-13 09:32:46.295', NULL, NULL, 1, '', NULL, NULL, NULL);
INSERT INTO `act_ru_task` (`ID_`, `REV_`, `EXECUTION_ID_`, `PROC_INST_ID_`, `PROC_DEF_ID_`, `NAME_`, `BUSINESS_KEY_`, `PARENT_TASK_ID_`, `DESCRIPTION_`, `TASK_DEF_KEY_`, `OWNER_`, `ASSIGNEE_`, `DELEGATION_`, `PRIORITY_`, `CREATE_TIME_`, `DUE_DATE_`, `CATEGORY_`, `SUSPENSION_STATE_`, `TENANT_ID_`, `FORM_KEY_`, `CLAIM_TIME_`, `APP_VERSION_`) VALUES ('41454c21-09cd-11ee-a2d5-2aee215b35b7', 1, '4143775d-09cd-11ee-a2d5-2aee215b35b7', '4141c9a7-09cd-11ee-a2d5-2aee215b35b7', 'leave001:2:3ca29e4f-09cd-11ee-858d-2aee215b35b7', 'General manager approval', NULL, NULL, NULL, 'sid-F153FA85-DD93-459E-BC43-2167BA72E3EC', NULL, 'gouwa', NULL, 50, '2023-06-13 09:32:46.307', NULL, NULL, 1, '', NULL, NULL, NULL);
INSERT INTO `act_ru_task` (`ID_`, `REV_`, `EXECUTION_ID_`, `PROC_INST_ID_`, `PROC_DEF_ID_`, `NAME_`, `BUSINESS_KEY_`, `PARENT_TASK_ID_`, `DESCRIPTION_`, `TASK_DEF_KEY_`, `OWNER_`, `ASSIGNEE_`, `DELEGATION_`, `PRIORITY_`, `CREATE_TIME_`, `DUE_DATE_`, `CATEGORY_`, `SUSPENSION_STATE_`, `TENANT_ID_`, `FORM_KEY_`, `CLAIM_TIME_`, `APP_VERSION_`) VALUES ('6b2def40-0920-11ee-b7b6-b60fbe4e0138', 1, '6b2ba64d-0920-11ee-b7b6-b60fbe4e0138', '6b2b3118-0920-11ee-b7b6-b60fbe4e0138', 'overtime:1:643e9384-0920-11ee-b502-b60fbe4e0138', 'Manager approval', NULL, NULL, NULL, 'sid-1C03C51F-BD11-49E3-B373-E7BC48B61D6A', NULL, 'Lucy01', NULL, 50, '2023-06-12 12:55:33.674', NULL, NULL, 1, '', NULL, NULL, NULL);
INSERT INTO `act_ru_task` (`ID_`, `REV_`, `EXECUTION_ID_`, `PROC_INST_ID_`, `PROC_DEF_ID_`, `NAME_`, `BUSINESS_KEY_`, `PARENT_TASK_ID_`, `DESCRIPTION_`, `TASK_DEF_KEY_`, `OWNER_`, `ASSIGNEE_`, `DELEGATION_`, `PRIORITY_`, `CREATE_TIME_`, `DUE_DATE_`, `CATEGORY_`, `SUSPENSION_STATE_`, `TENANT_ID_`, `FORM_KEY_`, `CLAIM_TIME_`, `APP_VERSION_`) VALUES ('70910a5b-08f4-11ee-8d42-969bbc5bdb82', 1, '708ec068-08f4-11ee-8d42-969bbc5bdb82', '708e9957-08f4-11ee-8d42-969bbc5bdb82', 'overtime02:1:6a7922bf-08f4-11ee-8e71-969bbc5bdb82', 'Manager approval', NULL, NULL, NULL, 'sid-1C03C51F-BD11-49E3-B373-E7BC48B61D6A', NULL, NULL, NULL, 50, '2023-06-12 07:40:44.855', NULL, NULL, 1, '', NULL, NULL, NULL);
INSERT INTO `act_ru_task` (`ID_`, `REV_`, `EXECUTION_ID_`, `PROC_INST_ID_`, `PROC_DEF_ID_`, `NAME_`, `BUSINESS_KEY_`, `PARENT_TASK_ID_`, `DESCRIPTION_`, `TASK_DEF_KEY_`, `OWNER_`, `ASSIGNEE_`, `DELEGATION_`, `PRIORITY_`, `CREATE_TIME_`, `DUE_DATE_`, `CATEGORY_`, `SUSPENSION_STATE_`, `TENANT_ID_`, `FORM_KEY_`, `CLAIM_TIME_`, `APP_VERSION_`) VALUES ('714e0ca8-09cd-11ee-b620-2aee215b35b7', 1, '714aff63-09cd-11ee-b620-2aee215b35b7', '714ab140-09cd-11ee-b620-2aee215b35b7', 'leave001:2:3ca29e4f-09cd-11ee-858d-2aee215b35b7', 'Department manager approval', NULL, NULL, NULL, 'sid-152234AD-7DE1-4523-8479-C12DE83A6835', NULL, 'wang5', NULL, 50, '2023-06-13 09:34:06.884', NULL, NULL, 1, '', NULL, NULL, NULL);
INSERT INTO `act_ru_task` (`ID_`, `REV_`, `EXECUTION_ID_`, `PROC_INST_ID_`, `PROC_DEF_ID_`, `NAME_`, `BUSINESS_KEY_`, `PARENT_TASK_ID_`, `DESCRIPTION_`, `TASK_DEF_KEY_`, `OWNER_`, `ASSIGNEE_`, `DELEGATION_`, `PRIORITY_`, `CREATE_TIME_`, `DUE_DATE_`, `CATEGORY_`, `SUSPENSION_STATE_`, `TENANT_ID_`, `FORM_KEY_`, `CLAIM_TIME_`, `APP_VERSION_`) VALUES ('714e0caa-09cd-11ee-b620-2aee215b35b7', 1, '714c37e6-09cd-11ee-b620-2aee215b35b7', '714ab140-09cd-11ee-b620-2aee215b35b7', 'leave001:2:3ca29e4f-09cd-11ee-858d-2aee215b35b7', 'General manager approval', NULL, NULL, NULL, 'sid-F153FA85-DD93-459E-BC43-2167BA72E3EC', NULL, 'gouwa', NULL, 50, '2023-06-13 09:34:06.895', NULL, NULL, 1, '', NULL, NULL, NULL);
INSERT INTO `act_ru_task` (`ID_`, `REV_`, `EXECUTION_ID_`, `PROC_INST_ID_`, `PROC_DEF_ID_`, `NAME_`, `BUSINESS_KEY_`, `PARENT_TASK_ID_`, `DESCRIPTION_`, `TASK_DEF_KEY_`, `OWNER_`, `ASSIGNEE_`, `DELEGATION_`, `PRIORITY_`, `CREATE_TIME_`, `DUE_DATE_`, `CATEGORY_`, `SUSPENSION_STATE_`, `TENANT_ID_`, `FORM_KEY_`, `CLAIM_TIME_`, `APP_VERSION_`) VALUES ('99e2ad9b-09c9-11ee-b45a-2aee215b35b7', 1, '99e063a7-09c9-11ee-b45a-2aee215b35b7', '99e01586-09c9-11ee-b45a-2aee215b35b7', 'overtime001:2:92d3bb6a-09c9-11ee-817c-2aee215b35b7', 'General manager approval', NULL, NULL, NULL, 'sid-F35D0733-EE93-47A8-839D-B7D184A9C110', NULL, 'gousheng', NULL, 50, '2023-06-13 09:06:36.980', NULL, NULL, 1, '', NULL, NULL, NULL);
INSERT INTO `act_ru_task` (`ID_`, `REV_`, `EXECUTION_ID_`, `PROC_INST_ID_`, `PROC_DEF_ID_`, `NAME_`, `BUSINESS_KEY_`, `PARENT_TASK_ID_`, `DESCRIPTION_`, `TASK_DEF_KEY_`, `OWNER_`, `ASSIGNEE_`, `DELEGATION_`, `PRIORITY_`, `CREATE_TIME_`, `DUE_DATE_`, `CATEGORY_`, `SUSPENSION_STATE_`, `TENANT_ID_`, `FORM_KEY_`, `CLAIM_TIME_`, `APP_VERSION_`) VALUES ('a1f202cd-09ca-11ee-a1d9-2aee215b35b7', 1, 'a1efdfe9-09ca-11ee-a1d9-2aee215b35b7', 'a1ef91c6-09ca-11ee-a1d9-2aee215b35b7', 'overtime001:3:9c202554-09ca-11ee-8d3f-2aee215b35b7', 'General manager approval', NULL, NULL, NULL, 'sid-F35D0733-EE93-47A8-839D-B7D184A9C110', NULL, 'gousheng', NULL, 50, '2023-06-13 09:14:00.000', NULL, NULL, 1, '', NULL, NULL, NULL);
INSERT INTO `act_ru_task` (`ID_`, `REV_`, `EXECUTION_ID_`, `PROC_INST_ID_`, `PROC_DEF_ID_`, `NAME_`, `BUSINESS_KEY_`, `PARENT_TASK_ID_`, `DESCRIPTION_`, `TASK_DEF_KEY_`, `OWNER_`, `ASSIGNEE_`, `DELEGATION_`, `PRIORITY_`, `CREATE_TIME_`, `DUE_DATE_`, `CATEGORY_`, `SUSPENSION_STATE_`, `TENANT_ID_`, `FORM_KEY_`, `CLAIM_TIME_`, `APP_VERSION_`) VALUES ('aaac3808-09c3-11ee-92f2-2aee215b35b7', 1, '33f85807-09c3-11ee-84f1-2aee215b35b7', '33f830f6-09c3-11ee-84f1-2aee215b35b7', 'overtime04:1:041b6151-09c3-11ee-993e-2aee215b35b7', 'Personnel approval', NULL, NULL, NULL, 'sid-2FC30B49-C0BF-44E1-BAE0-BDDE29FC22F3', NULL, NULL, NULL, 50, '2023-06-13 08:24:08.164', NULL, NULL, 1, '', NULL, NULL, NULL);
INSERT INTO `act_ru_task` (`ID_`, `REV_`, `EXECUTION_ID_`, `PROC_INST_ID_`, `PROC_DEF_ID_`, `NAME_`, `BUSINESS_KEY_`, `PARENT_TASK_ID_`, `DESCRIPTION_`, `TASK_DEF_KEY_`, `OWNER_`, `ASSIGNEE_`, `DELEGATION_`, `PRIORITY_`, `CREATE_TIME_`, `DUE_DATE_`, `CATEGORY_`, `SUSPENSION_STATE_`, `TENANT_ID_`, `FORM_KEY_`, `CLAIM_TIME_`, `APP_VERSION_`) VALUES ('ffaa4815-09c9-11ee-a564-2aee215b35b7', 1, 'ffa7b001-09c9-11ee-a564-2aee215b35b7', 'ffa761de-09c9-11ee-a564-2aee215b35b7', 'overtime001:2:92d3bb6a-09c9-11ee-817c-2aee215b35b7', 'General manager approval', NULL, NULL, NULL, 'sid-F35D0733-EE93-47A8-839D-B7D184A9C110', NULL, 'gousheng', NULL, 50, '2023-06-13 09:09:27.737', NULL, NULL, 1, '', NULL, NULL, NULL);
COMMIT;

-- ----------------------------
-- Table structure for act_ru_timer_job
-- ----------------------------
DROP TABLE IF EXISTS `act_ru_timer_job`;
CREATE TABLE `act_ru_timer_job` (
  `ID_` varchar(64) CHARACTER SET utf8 COLLATE utf8_bin NOT NULL,
  `REV_` int DEFAULT NULL,
  `TYPE_` varchar(255) CHARACTER SET utf8 COLLATE utf8_bin NOT NULL,
  `LOCK_EXP_TIME_` timestamp(3) NULL DEFAULT NULL,
  `LOCK_OWNER_` varchar(255) CHARACTER SET utf8 COLLATE utf8_bin DEFAULT NULL,
  `EXCLUSIVE_` tinyint(1) DEFAULT NULL,
  `EXECUTION_ID_` varchar(64) CHARACTER SET utf8 COLLATE utf8_bin DEFAULT NULL,
  `PROCESS_INSTANCE_ID_` varchar(64) CHARACTER SET utf8 COLLATE utf8_bin DEFAULT NULL,
  `PROC_DEF_ID_` varchar(64) CHARACTER SET utf8 COLLATE utf8_bin DEFAULT NULL,
  `RETRIES_` int DEFAULT NULL,
  `EXCEPTION_STACK_ID_` varchar(64) CHARACTER SET utf8 COLLATE utf8_bin DEFAULT NULL,
  `EXCEPTION_MSG_` varchar(4000) CHARACTER SET utf8 COLLATE utf8_bin DEFAULT NULL,
  `DUEDATE_` timestamp(3) NULL DEFAULT NULL,
  `REPEAT_` varchar(255) CHARACTER SET utf8 COLLATE utf8_bin DEFAULT NULL,
  `HANDLER_TYPE_` varchar(255) CHARACTER SET utf8 COLLATE utf8_bin DEFAULT NULL,
  `HANDLER_CFG_` varchar(4000) CHARACTER SET utf8 COLLATE utf8_bin DEFAULT NULL,
  `TENANT_ID_` varchar(255) CHARACTER SET utf8 COLLATE utf8_bin DEFAULT '',
  PRIMARY KEY (`ID_`),
  KEY `ACT_FK_TIMER_JOB_EXECUTION` (`EXECUTION_ID_`),
  KEY `ACT_FK_TIMER_JOB_PROCESS_INSTANCE` (`PROCESS_INSTANCE_ID_`),
  KEY `ACT_FK_TIMER_JOB_PROC_DEF` (`PROC_DEF_ID_`),
  KEY `ACT_FK_TIMER_JOB_EXCEPTION` (`EXCEPTION_STACK_ID_`),
  CONSTRAINT `ACT_FK_TIMER_JOB_EXCEPTION` FOREIGN KEY (`EXCEPTION_STACK_ID_`) REFERENCES `act_ge_bytearray` (`ID_`),
  CONSTRAINT `ACT_FK_TIMER_JOB_EXECUTION` FOREIGN KEY (`EXECUTION_ID_`) REFERENCES `act_ru_execution` (`ID_`),
  CONSTRAINT `ACT_FK_TIMER_JOB_PROC_DEF` FOREIGN KEY (`PROC_DEF_ID_`) REFERENCES `act_re_procdef` (`ID_`),
  CONSTRAINT `ACT_FK_TIMER_JOB_PROCESS_INSTANCE` FOREIGN KEY (`PROCESS_INSTANCE_ID_`) REFERENCES `act_ru_execution` (`ID_`)
) ENGINE=InnoDB DEFAULT CHARSET=utf8mb3 COLLATE=utf8_bin;

-- ----------------------------
-- Records of act_ru_timer_job
-- ----------------------------
BEGIN;
COMMIT;

-- ----------------------------
-- Table structure for act_ru_variable
-- ----------------------------
DROP TABLE IF EXISTS `act_ru_variable`;
CREATE TABLE `act_ru_variable` (
  `ID_` varchar(64) CHARACTER SET utf8 COLLATE utf8_bin NOT NULL,
  `REV_` int DEFAULT NULL,
  `TYPE_` varchar(255) CHARACTER SET utf8 COLLATE utf8_bin NOT NULL,
  `NAME_` varchar(255) CHARACTER SET utf8 COLLATE utf8_bin NOT NULL,
  `EXECUTION_ID_` varchar(64) CHARACTER SET utf8 COLLATE utf8_bin DEFAULT NULL,
  `PROC_INST_ID_` varchar(64) CHARACTER SET utf8 COLLATE utf8_bin DEFAULT NULL,
  `TASK_ID_` varchar(64) CHARACTER SET utf8 COLLATE utf8_bin DEFAULT NULL,
  `BYTEARRAY_ID_` varchar(64) CHARACTER SET utf8 COLLATE utf8_bin DEFAULT NULL,
  `DOUBLE_` double DEFAULT NULL,
  `LONG_` bigint DEFAULT NULL,
  `TEXT_` varchar(4000) CHARACTER SET utf8 COLLATE utf8_bin DEFAULT NULL,
  `TEXT2_` varchar(4000) CHARACTER SET utf8 COLLATE utf8_bin DEFAULT NULL,
  PRIMARY KEY (`ID_`),
  KEY `ACT_IDX_VARIABLE_TASK_ID` (`TASK_ID_`),
  KEY `ACT_FK_VAR_EXE` (`EXECUTION_ID_`),
  KEY `ACT_FK_VAR_PROCINST` (`PROC_INST_ID_`),
  KEY `ACT_FK_VAR_BYTEARRAY` (`BYTEARRAY_ID_`),
  CONSTRAINT `ACT_FK_VAR_BYTEARRAY` FOREIGN KEY (`BYTEARRAY_ID_`) REFERENCES `act_ge_bytearray` (`ID_`),
  CONSTRAINT `ACT_FK_VAR_EXE` FOREIGN KEY (`EXECUTION_ID_`) REFERENCES `act_ru_execution` (`ID_`),
  CONSTRAINT `ACT_FK_VAR_PROCINST` FOREIGN KEY (`PROC_INST_ID_`) REFERENCES `act_ru_execution` (`ID_`)
) ENGINE=InnoDB DEFAULT CHARSET=utf8mb3 COLLATE=utf8_bin;

-- ----------------------------
-- Records of act_ru_variable
-- ----------------------------
BEGIN;
INSERT INTO `act_ru_variable` (`ID_`, `REV_`, `TYPE_`, `NAME_`, `EXECUTION_ID_`, `PROC_INST_ID_`, `TASK_ID_`, `BYTEARRAY_ID_`, `DOUBLE_`, `LONG_`, `TEXT_`, `TEXT2_`) VALUES ('0b64c03d-09ca-11ee-89e6-2aee215b35b7', 1, 'string', 'day', '0b64992c-09ca-11ee-89e6-2aee215b35b7', '0b64992c-09ca-11ee-89e6-2aee215b35b7', NULL, NULL, NULL, NULL, '3', NULL);
INSERT INTO `act_ru_variable` (`ID_`, `REV_`, `TYPE_`, `NAME_`, `EXECUTION_ID_`, `PROC_INST_ID_`, `TASK_ID_`, `BYTEARRAY_ID_`, `DOUBLE_`, `LONG_`, `TEXT_`, `TEXT2_`) VALUES ('0b67f494-09ca-11ee-89e6-2aee215b35b7', 1, 'string', 'day', '0b64e74f-09ca-11ee-89e6-2aee215b35b7', '0b64992c-09ca-11ee-89e6-2aee215b35b7', '0b675853-09ca-11ee-89e6-2aee215b35b7', NULL, NULL, NULL, '3', NULL);
INSERT INTO `act_ru_variable` (`ID_`, `REV_`, `TYPE_`, `NAME_`, `EXECUTION_ID_`, `PROC_INST_ID_`, `TASK_ID_`, `BYTEARRAY_ID_`, `DOUBLE_`, `LONG_`, `TEXT_`, `TEXT2_`) VALUES ('245a7ff8-0923-11ee-8637-b60fbe4e0138', 1, 'string', 'assignee1', '245a58e7-0923-11ee-8637-b60fbe4e0138', '245a58e7-0923-11ee-8637-b60fbe4e0138', NULL, NULL, NULL, NULL, 'Lucy03', NULL);
INSERT INTO `act_ru_variable` (`ID_`, `REV_`, `TYPE_`, `NAME_`, `EXECUTION_ID_`, `PROC_INST_ID_`, `TASK_ID_`, `BYTEARRAY_ID_`, `DOUBLE_`, `LONG_`, `TEXT_`, `TEXT2_`) VALUES ('29c33c46-0923-11ee-abdf-b60fbe4e0138', 1, 'string', 'assignee2', '245a58e7-0923-11ee-8637-b60fbe4e0138', '245a58e7-0923-11ee-8637-b60fbe4e0138', NULL, NULL, NULL, NULL, 'zhao', NULL);
INSERT INTO `act_ru_variable` (`ID_`, `REV_`, `TYPE_`, `NAME_`, `EXECUTION_ID_`, `PROC_INST_ID_`, `TASK_ID_`, `BYTEARRAY_ID_`, `DOUBLE_`, `LONG_`, `TEXT_`, `TEXT2_`) VALUES ('29ca8f4b-0923-11ee-abdf-b60fbe4e0138', 1, 'string', 'assignee2', '245aa70a-0923-11ee-8637-b60fbe4e0138', '245a58e7-0923-11ee-8637-b60fbe4e0138', '29c9f30a-0923-11ee-abdf-b60fbe4e0138', NULL, NULL, NULL, 'zhao', NULL);
INSERT INTO `act_ru_variable` (`ID_`, `REV_`, `TYPE_`, `NAME_`, `EXECUTION_ID_`, `PROC_INST_ID_`, `TASK_ID_`, `BYTEARRAY_ID_`, `DOUBLE_`, `LONG_`, `TEXT_`, `TEXT2_`) VALUES ('29ca8f4d-0923-11ee-abdf-b60fbe4e0138', 1, 'string', 'assignee1', '245aa70a-0923-11ee-8637-b60fbe4e0138', '245a58e7-0923-11ee-8637-b60fbe4e0138', '29c9f30a-0923-11ee-abdf-b60fbe4e0138', NULL, NULL, NULL, 'Lucy03', NULL);
INSERT INTO `act_ru_variable` (`ID_`, `REV_`, `TYPE_`, `NAME_`, `EXECUTION_ID_`, `PROC_INST_ID_`, `TASK_ID_`, `BYTEARRAY_ID_`, `DOUBLE_`, `LONG_`, `TEXT_`, `TEXT2_`) VALUES ('4141f0b8-09cd-11ee-a2d5-2aee215b35b7', 1, 'string', 'day', '4141c9a7-09cd-11ee-a2d5-2aee215b35b7', '4141c9a7-09cd-11ee-a2d5-2aee215b35b7', NULL, NULL, NULL, NULL, '3', NULL);
INSERT INTO `act_ru_variable` (`ID_`, `REV_`, `TYPE_`, `NAME_`, `EXECUTION_ID_`, `PROC_INST_ID_`, `TASK_ID_`, `BYTEARRAY_ID_`, `DOUBLE_`, `LONG_`, `TEXT_`, `TEXT2_`) VALUES ('41460f72-09cd-11ee-a2d5-2aee215b35b7', 1, 'string', 'day', '4143775d-09cd-11ee-a2d5-2aee215b35b7', '4141c9a7-09cd-11ee-a2d5-2aee215b35b7', '41454c21-09cd-11ee-a2d5-2aee215b35b7', NULL, NULL, NULL, '3', NULL);
INSERT INTO `act_ru_variable` (`ID_`, `REV_`, `TYPE_`, `NAME_`, `EXECUTION_ID_`, `PROC_INST_ID_`, `TASK_ID_`, `BYTEARRAY_ID_`, `DOUBLE_`, `LONG_`, `TEXT_`, `TEXT2_`) VALUES ('41479615-09cd-11ee-a2d5-2aee215b35b7', 1, 'string', 'day', '414217ca-09cd-11ee-a2d5-2aee215b35b7', '4141c9a7-09cd-11ee-a2d5-2aee215b35b7', '4145250f-09cd-11ee-a2d5-2aee215b35b7', NULL, NULL, NULL, '3', NULL);
INSERT INTO `act_ru_variable` (`ID_`, `REV_`, `TYPE_`, `NAME_`, `EXECUTION_ID_`, `PROC_INST_ID_`, `TASK_ID_`, `BYTEARRAY_ID_`, `DOUBLE_`, `LONG_`, `TEXT_`, `TEXT2_`) VALUES ('6b2b7f39-0920-11ee-b7b6-b60fbe4e0138', 1, 'string', 'assignee2', '6b2b3118-0920-11ee-b7b6-b60fbe4e0138', '6b2b3118-0920-11ee-b7b6-b60fbe4e0138', NULL, NULL, NULL, NULL, 'Mack01', NULL);
INSERT INTO `act_ru_variable` (`ID_`, `REV_`, `TYPE_`, `NAME_`, `EXECUTION_ID_`, `PROC_INST_ID_`, `TASK_ID_`, `BYTEARRAY_ID_`, `DOUBLE_`, `LONG_`, `TEXT_`, `TEXT2_`) VALUES ('6b2ba64b-0920-11ee-b7b6-b60fbe4e0138', 1, 'string', 'assignee1', '6b2b3118-0920-11ee-b7b6-b60fbe4e0138', '6b2b3118-0920-11ee-b7b6-b60fbe4e0138', NULL, NULL, NULL, NULL, 'Lucy01', NULL);
INSERT INTO `act_ru_variable` (`ID_`, `REV_`, `TYPE_`, `NAME_`, `EXECUTION_ID_`, `PROC_INST_ID_`, `TASK_ID_`, `BYTEARRAY_ID_`, `DOUBLE_`, `LONG_`, `TEXT_`, `TEXT2_`) VALUES ('6b2eb291-0920-11ee-b7b6-b60fbe4e0138', 1, 'string', 'assignee2', '6b2ba64d-0920-11ee-b7b6-b60fbe4e0138', '6b2b3118-0920-11ee-b7b6-b60fbe4e0138', '6b2def40-0920-11ee-b7b6-b60fbe4e0138', NULL, NULL, NULL, 'Mack01', NULL);
INSERT INTO `act_ru_variable` (`ID_`, `REV_`, `TYPE_`, `NAME_`, `EXECUTION_ID_`, `PROC_INST_ID_`, `TASK_ID_`, `BYTEARRAY_ID_`, `DOUBLE_`, `LONG_`, `TEXT_`, `TEXT2_`) VALUES ('6b2eb293-0920-11ee-b7b6-b60fbe4e0138', 1, 'string', 'assignee1', '6b2ba64d-0920-11ee-b7b6-b60fbe4e0138', '6b2b3118-0920-11ee-b7b6-b60fbe4e0138', '6b2def40-0920-11ee-b7b6-b60fbe4e0138', NULL, NULL, NULL, 'Lucy01', NULL);
INSERT INTO `act_ru_variable` (`ID_`, `REV_`, `TYPE_`, `NAME_`, `EXECUTION_ID_`, `PROC_INST_ID_`, `TASK_ID_`, `BYTEARRAY_ID_`, `DOUBLE_`, `LONG_`, `TEXT_`, `TEXT2_`) VALUES ('714ad851-09cd-11ee-b620-2aee215b35b7', 1, 'string', 'day', '714ab140-09cd-11ee-b620-2aee215b35b7', '714ab140-09cd-11ee-b620-2aee215b35b7', NULL, NULL, NULL, NULL, '3', NULL);
INSERT INTO `act_ru_variable` (`ID_`, `REV_`, `TYPE_`, `NAME_`, `EXECUTION_ID_`, `PROC_INST_ID_`, `TASK_ID_`, `BYTEARRAY_ID_`, `DOUBLE_`, `LONG_`, `TEXT_`, `TEXT2_`) VALUES ('714ea8eb-09cd-11ee-b620-2aee215b35b7', 1, 'string', 'day', '714c37e6-09cd-11ee-b620-2aee215b35b7', '714ab140-09cd-11ee-b620-2aee215b35b7', '714e0caa-09cd-11ee-b620-2aee215b35b7', NULL, NULL, NULL, '3', NULL);
INSERT INTO `act_ru_variable` (`ID_`, `REV_`, `TYPE_`, `NAME_`, `EXECUTION_ID_`, `PROC_INST_ID_`, `TASK_ID_`, `BYTEARRAY_ID_`, `DOUBLE_`, `LONG_`, `TEXT_`, `TEXT2_`) VALUES ('714ef70e-09cd-11ee-b620-2aee215b35b7', 1, 'string', 'day', '714aff63-09cd-11ee-b620-2aee215b35b7', '714ab140-09cd-11ee-b620-2aee215b35b7', '714e0ca8-09cd-11ee-b620-2aee215b35b7', NULL, NULL, NULL, '3', NULL);
INSERT INTO `act_ru_variable` (`ID_`, `REV_`, `TYPE_`, `NAME_`, `EXECUTION_ID_`, `PROC_INST_ID_`, `TASK_ID_`, `BYTEARRAY_ID_`, `DOUBLE_`, `LONG_`, `TEXT_`, `TEXT2_`) VALUES ('a1efb8d7-09ca-11ee-a1d9-2aee215b35b7', 1, 'string', 'day', 'a1ef91c6-09ca-11ee-a1d9-2aee215b35b7', 'a1ef91c6-09ca-11ee-a1d9-2aee215b35b7', NULL, NULL, NULL, NULL, '3', NULL);
INSERT INTO `act_ru_variable` (`ID_`, `REV_`, `TYPE_`, `NAME_`, `EXECUTION_ID_`, `PROC_INST_ID_`, `TASK_ID_`, `BYTEARRAY_ID_`, `DOUBLE_`, `LONG_`, `TEXT_`, `TEXT2_`) VALUES ('a1f29f0e-09ca-11ee-a1d9-2aee215b35b7', 1, 'string', 'day', 'a1efdfe9-09ca-11ee-a1d9-2aee215b35b7', 'a1ef91c6-09ca-11ee-a1d9-2aee215b35b7', 'a1f202cd-09ca-11ee-a1d9-2aee215b35b7', NULL, NULL, NULL, '3', NULL);
INSERT INTO `act_ru_variable` (`ID_`, `REV_`, `TYPE_`, `NAME_`, `EXECUTION_ID_`, `PROC_INST_ID_`, `TASK_ID_`, `BYTEARRAY_ID_`, `DOUBLE_`, `LONG_`, `TEXT_`, `TEXT2_`) VALUES ('ffa788ef-09c9-11ee-a564-2aee215b35b7', 1, 'string', 'day', 'ffa761de-09c9-11ee-a564-2aee215b35b7', 'ffa761de-09c9-11ee-a564-2aee215b35b7', NULL, NULL, NULL, NULL, '2', NULL);
INSERT INTO `act_ru_variable` (`ID_`, `REV_`, `TYPE_`, `NAME_`, `EXECUTION_ID_`, `PROC_INST_ID_`, `TASK_ID_`, `BYTEARRAY_ID_`, `DOUBLE_`, `LONG_`, `TEXT_`, `TEXT2_`) VALUES ('ffabceb6-09c9-11ee-a564-2aee215b35b7', 1, 'string', 'day', 'ffa7b001-09c9-11ee-a564-2aee215b35b7', 'ffa761de-09c9-11ee-a564-2aee215b35b7', 'ffaa4815-09c9-11ee-a564-2aee215b35b7', NULL, NULL, NULL, '2', NULL);
COMMIT;

-- ----------------------------
-- Table structure for bms_billboard
-- ----------------------------
DROP TABLE IF EXISTS `bms_billboard`;
CREATE TABLE `bms_billboard` (
  `id` int NOT NULL AUTO_INCREMENT COMMENT '',
  `content` varchar(255) CHARACTER SET utf8mb4 COLLATE utf8mb4_0900_ai_ci NOT NULL COMMENT '',
  `create_time` datetime DEFAULT NULL COMMENT '',
  `show` tinyint(1) DEFAULT NULL COMMENT '10',
  PRIMARY KEY (`id`) USING BTREE
) ENGINE=InnoDB AUTO_INCREMENT=6 DEFAULT CHARSET=utf8mb4 COLLATE=utf8mb4_0900_ai_ci ROW_FORMAT=DYNAMIC COMMENT='';

-- ----------------------------
-- Records of bms_billboard
-- ----------------------------
BEGIN;
INSERT INTO `bms_billboard` (`id`, `content`, `create_time`, `show`) VALUES (2, 'R1.0  ,', '2023-06-14 19:34:11', 0);
INSERT INTO `bms_billboard` (`id`, `content`, `create_time`, `show`) VALUES (4, '1.0.1', '2023-06-14 19:34:11', 1);
COMMIT;

-- ----------------------------
-- Table structure for bms_comment
-- ----------------------------
DROP TABLE IF EXISTS `bms_comment`;
CREATE TABLE `bms_comment` (
  `id` varchar(20) CHARACTER SET utf8 COLLATE utf8_general_ci NOT NULL COMMENT '',
  `content` varchar(1000) CHARACTER SET utf8 COLLATE utf8_general_ci NOT NULL DEFAULT '' COMMENT '',
  `user_id` varchar(20) CHARACTER SET utf8 COLLATE utf8_general_ci NOT NULL COMMENT 'ID',
  `topic_id` varchar(20) CHARACTER SET utf8 COLLATE utf8_general_ci NOT NULL COMMENT 'topic_id',
  `create_time` datetime NOT NULL COMMENT '',
  `modify_time` datetime DEFAULT NULL COMMENT '',
  PRIMARY KEY (`id`) USING BTREE
) ENGINE=InnoDB DEFAULT CHARSET=utf8mb3 ROW_FORMAT=DYNAMIC COMMENT='';

-- ----------------------------
-- Records of bms_comment
-- ----------------------------
BEGIN;
INSERT INTO `bms_comment` (`id`, `content`, `user_id`, `topic_id`, `create_time`, `modify_time`) VALUES ('1670297267828981761', '', '1668944443979345922', '1668957078498062337', '2023-06-18 13:07:56', NULL);
INSERT INTO `bms_comment` (`id`, `content`, `user_id`, `topic_id`, `create_time`, `modify_time`) VALUES ('1670298747487158274', '\n', '1668944443979345922', '1670297608385495042', '2023-06-18 13:13:49', NULL);
COMMIT;

-- ----------------------------
-- Table structure for bms_follow
-- ----------------------------
DROP TABLE IF EXISTS `bms_follow`;
CREATE TABLE `bms_follow` (
  `id` int NOT NULL AUTO_INCREMENT COMMENT '',
  `parent_id` varchar(20) CHARACTER SET utf8mb4 COLLATE utf8mb4_0900_ai_ci DEFAULT NULL COMMENT 'ID',
  `follower_id` varchar(20) CHARACTER SET utf8mb4 COLLATE utf8mb4_0900_ai_ci DEFAULT NULL COMMENT 'ID',
  PRIMARY KEY (`id`) USING BTREE
) ENGINE=InnoDB AUTO_INCREMENT=132 DEFAULT CHARSET=utf8mb4 COLLATE=utf8mb4_0900_ai_ci ROW_FORMAT=DYNAMIC COMMENT='';

-- ----------------------------
-- Records of bms_follow
-- ----------------------------
BEGIN;
INSERT INTO `bms_follow` (`id`, `parent_id`, `follower_id`) VALUES (65, '1329723594994229250', '1317498859501797378');
INSERT INTO `bms_follow` (`id`, `parent_id`, `follower_id`) VALUES (85, '1332912847614083073', '1332636310897664002');
INSERT INTO `bms_follow` (`id`, `parent_id`, `follower_id`) VALUES (129, '1349290158897311745', '1349618748226658305');
COMMIT;

-- ----------------------------
-- Table structure for bms_post
-- ----------------------------
DROP TABLE IF EXISTS `bms_post`;
CREATE TABLE `bms_post` (
  `id` varchar(20) CHARACTER SET utf8 COLLATE utf8_general_ci NOT NULL COMMENT '',
  `title` varchar(255) CHARACTER SET utf8 COLLATE utf8_general_ci NOT NULL DEFAULT '' COMMENT '',
  `content` longtext CHARACTER SET utf8 COLLATE utf8_general_ci COMMENT 'markdown',
  `user_id` varchar(20) CHARACTER SET utf8 COLLATE utf8_general_ci NOT NULL COMMENT 'ID',
  `comments` int NOT NULL DEFAULT '0' COMMENT '',
  `collects` int NOT NULL DEFAULT '0' COMMENT '',
  `view` int NOT NULL DEFAULT '0' COMMENT '',
  `top` bit(1) NOT NULL DEFAULT b'0' COMMENT '1-0-',
  `essence` bit(1) NOT NULL DEFAULT b'0' COMMENT '1-0-',
  `section_id` int DEFAULT '0' COMMENT 'ID',
  `create_time` datetime NOT NULL COMMENT '',
  `modify_time` datetime DEFAULT NULL COMMENT '',
  UNIQUE KEY `title` (`title`) USING BTREE,
  KEY `user_id` (`user_id`) USING BTREE,
  KEY `create_time` (`create_time`) USING BTREE
) ENGINE=InnoDB DEFAULT CHARSET=utf8mb3 ROW_FORMAT=DYNAMIC COMMENT='';

-- ----------------------------
-- Records of bms_post
-- ----------------------------
BEGIN;
INSERT INTO `bms_post` (`id`, `title`, `content`, `user_id`, `comments`, `collects`, `view`, `top`, `essence`, `section_id`, `create_time`, `modify_time`) VALUES ('1668957226213060610', 'test', 'test\n\n', '1668944443979345922', 0, 0, 3, b'0', b'0', 0, '2023-06-14 20:23:05', NULL);
INSERT INTO `bms_post` (`id`, `title`, `content`, `user_id`, `comments`, `collects`, `view`, `top`, `essence`, `section_id`, `create_time`, `modify_time`) VALUES ('1670297608385495042', 'jdbcmysql URL', '# jdbcmysql URL\n\n## \n\n**url ?**\n\n```xml\nuseUnicode=true&amp;characterEncoding=UTF-8\n```\n\n## \n\n**url ? **\n\n```\nserverTimezone=UTC\n```\n\n```\nserverTimezone=Asia/Shanghai\n```\n\n**Hongkong**\n\n**/usr/share/zoneinfo**\n\n```\nserverTimezone=GMT%2B8\n```\n\n**MySQLGMT+8**\n\n## \n\n**url ?  null **\n\n```\nzeroDateTimeBehavior = convertToNull\n```\n\n## \n\n**url ? **\n\n```\nallowPublicKeyRetrieval=true\n```\n\n## SSL\n\n**url ? SSL**\n\n```\nuseSSL=false\n```\n\n##### * & *\n\n', '1668944443979345922', 0, 0, 6, b'0', b'0', 0, '2023-06-18 13:09:17', '2023-06-18 13:14:50');
INSERT INTO `bms_post` (`id`, `title`, `content`, `user_id`, `comments`, `collects`, `view`, `top`, `essence`, `section_id`, `create_time`, `modify_time`) VALUES ('1668957078498062337', '', '\n\n', '1349290158897311745', 0, 0, 2, b'0', b'0', 0, '2023-06-14 20:22:30', NULL);
COMMIT;

-- ----------------------------
-- Table structure for bms_post_tag
-- ----------------------------
DROP TABLE IF EXISTS `bms_post_tag`;
CREATE TABLE `bms_post_tag` (
  `id` int NOT NULL AUTO_INCREMENT COMMENT '',
  `tag_id` varchar(20) CHARACTER SET utf8 COLLATE utf8_general_ci NOT NULL COMMENT 'ID',
  `topic_id` varchar(20) CHARACTER SET utf8 COLLATE utf8_general_ci NOT NULL COMMENT 'ID',
  PRIMARY KEY (`id`) USING BTREE,
  KEY `tag_id` (`tag_id`) USING BTREE,
  KEY `topic_id` (`topic_id`) USING BTREE
) ENGINE=InnoDB AUTO_INCREMENT=57 DEFAULT CHARSET=utf8mb3 ROW_FORMAT=DYNAMIC COMMENT='- ';

-- ----------------------------
-- Records of bms_post_tag
-- ----------------------------
BEGIN;
INSERT INTO `bms_post_tag` (`id`, `tag_id`, `topic_id`) VALUES (54, '1668957078569365505', '1668957078498062337');
INSERT INTO `bms_post_tag` (`id`, `tag_id`, `topic_id`) VALUES (55, '1668957226271780865', '1668957226213060610');
INSERT INTO `bms_post_tag` (`id`, `tag_id`, `topic_id`) VALUES (56, '1670297608465186817', '1670297608385495042');
COMMIT;

-- ----------------------------
-- Table structure for bms_promotion
-- ----------------------------
DROP TABLE IF EXISTS `bms_promotion`;
CREATE TABLE `bms_promotion` (
  `id` int NOT NULL AUTO_INCREMENT COMMENT '',
  `title` varchar(255) CHARACTER SET utf8mb4 COLLATE utf8mb4_0900_ai_ci DEFAULT NULL COMMENT '',
  `link` varchar(255) CHARACTER SET utf8mb4 COLLATE utf8mb4_0900_ai_ci DEFAULT NULL COMMENT '',
  `description` varchar(255) CHARACTER SET utf8mb4 COLLATE utf8mb4_0900_ai_ci DEFAULT NULL COMMENT '',
  PRIMARY KEY (`id`) USING BTREE
) ENGINE=InnoDB AUTO_INCREMENT=4 DEFAULT CHARSET=utf8mb4 COLLATE=utf8mb4_0900_ai_ci ROW_FORMAT=DYNAMIC COMMENT='';

-- ----------------------------
-- Records of bms_promotion
-- ----------------------------
BEGIN;
INSERT INTO `bms_promotion` (`id`, `title`, `link`, `description`) VALUES (1, '', 'https://blog.hhdxw.top/', '');
INSERT INTO `bms_promotion` (`id`, `title`, `link`, `description`) VALUES (2, '', 'https://itbaima.net/', '');
INSERT INTO `bms_promotion` (`id`, `title`, `link`, `description`) VALUES (3, 'GitHub', 'https://github.com/', 'GitHub');
COMMIT;

-- ----------------------------
-- Table structure for bms_tag
-- ----------------------------
DROP TABLE IF EXISTS `bms_tag`;
CREATE TABLE `bms_tag` (
  `id` varchar(20) CHARACTER SET utf8 COLLATE utf8_general_ci NOT NULL COMMENT 'ID',
  `name` varchar(255) CHARACTER SET utf8 COLLATE utf8_general_ci NOT NULL DEFAULT '' COMMENT '',
  `topic_count` int NOT NULL DEFAULT '0' COMMENT '',
  PRIMARY KEY (`id`) USING BTREE,
  UNIQUE KEY `name` (`name`) USING BTREE
) ENGINE=InnoDB DEFAULT CHARSET=utf8mb3 ROW_FORMAT=DYNAMIC COMMENT='';

-- ----------------------------
-- Records of bms_tag
-- ----------------------------
BEGIN;
INSERT INTO `bms_tag` (`id`, `name`, `topic_count`) VALUES ('1668957078569365505', '', 1);
INSERT INTO `bms_tag` (`id`, `name`, `topic_count`) VALUES ('1668957226271780865', 'test', 1);
INSERT INTO `bms_tag` (`id`, `name`, `topic_count`) VALUES ('1670297608465186817', 'mysql', 1);
COMMIT;

-- ----------------------------
-- Table structure for bms_tip
-- ----------------------------
DROP TABLE IF EXISTS `bms_tip`;
CREATE TABLE `bms_tip` (
  `id` int unsigned NOT NULL AUTO_INCREMENT COMMENT '',
  `content` varchar(1000) CHARACTER SET utf8 COLLATE utf8_general_ci NOT NULL DEFAULT '' COMMENT '',
  `author` varchar(50) CHARACTER SET utf8 COLLATE utf8_general_ci DEFAULT '' COMMENT '',
  `type` tinyint NOT NULL COMMENT '10',
  PRIMARY KEY (`id`) USING BTREE
) ENGINE=InnoDB AUTO_INCREMENT=24865 DEFAULT CHARSET=utf8mb3 ROW_FORMAT=DYNAMIC COMMENT='';

-- ----------------------------
-- Records of bms_tip
-- ----------------------------
BEGIN;
INSERT INTO `bms_tip` (`id`, `content`, `author`, `type`) VALUES (1, '', '', 1);
INSERT INTO `bms_tip` (`id`, `content`, `author`, `type`) VALUES (2, '', '', 1);
INSERT INTO `bms_tip` (`id`, `content`, `author`, `type`) VALUES (3, '', '', 1);
INSERT INTO `bms_tip` (`id`, `content`, `author`, `type`) VALUES (4, '', '  ', 1);
INSERT INTO `bms_tip` (`id`, `content`, `author`, `type`) VALUES (5, '', '', 1);
INSERT INTO `bms_tip` (`id`, `content`, `author`, `type`) VALUES (6, '', '', 1);
INSERT INTO `bms_tip` (`id`, `content`, `author`, `type`) VALUES (7, '', '', 1);
INSERT INTO `bms_tip` (`id`, `content`, `author`, `type`) VALUES (8, '', '', 1);
INSERT INTO `bms_tip` (`id`, `content`, `author`, `type`) VALUES (9, '', '', 1);
INSERT INTO `bms_tip` (`id`, `content`, `author`, `type`) VALUES (10, '', '', 1);
INSERT INTO `bms_tip` (`id`, `content`, `author`, `type`) VALUES (11, '', '', 1);
INSERT INTO `bms_tip` (`id`, `content`, `author`, `type`) VALUES (12, '', '', 1);
INSERT INTO `bms_tip` (`id`, `content`, `author`, `type`) VALUES (13, '', '', 1);
INSERT INTO `bms_tip` (`id`, `content`, `author`, `type`) VALUES (14, '', '', 1);
INSERT INTO `bms_tip` (`id`, `content`, `author`, `type`) VALUES (15, '', '', 1);
INSERT INTO `bms_tip` (`id`, `content`, `author`, `type`) VALUES (18, '', '', 1);
INSERT INTO `bms_tip` (`id`, `content`, `author`, `type`) VALUES (19, '', '', 1);
INSERT INTO `bms_tip` (`id`, `content`, `author`, `type`) VALUES (20, '', '', 1);
INSERT INTO `bms_tip` (`id`, `content`, `author`, `type`) VALUES (21, '', '', 1);
INSERT INTO `bms_tip` (`id`, `content`, `author`, `type`) VALUES (22, '', '', 1);
INSERT INTO `bms_tip` (`id`, `content`, `author`, `type`) VALUES (23, '-', '', 1);
INSERT INTO `bms_tip` (`id`, `content`, `author`, `type`) VALUES (24, '', '', 1);
INSERT INTO `bms_tip` (`id`, `content`, `author`, `type`) VALUES (25, '307936', '', 1);
INSERT INTO `bms_tip` (`id`, `content`, `author`, `type`) VALUES (26, '361010', '', 1);
INSERT INTO `bms_tip` (`id`, `content`, `author`, `type`) VALUES (27, '   ', '', 1);
INSERT INTO `bms_tip` (`id`, `content`, `author`, `type`) VALUES (28, '', '', 1);
COMMIT;

-- ----------------------------
-- Table structure for oa_process
-- ----------------------------
DROP TABLE IF EXISTS `oa_process`;
CREATE TABLE `oa_process` (
  `id` bigint NOT NULL AUTO_INCREMENT COMMENT 'id',
  `process_code` varchar(50) NOT NULL DEFAULT '' COMMENT 'code',
  `user_id` bigint NOT NULL DEFAULT '0' COMMENT 'id',
  `process_template_id` bigint DEFAULT NULL COMMENT 'id',
  `process_type_id` bigint DEFAULT NULL COMMENT 'id',
  `title` varchar(255) DEFAULT NULL COMMENT '',
  `description` varchar(255) DEFAULT NULL COMMENT '',
  `form_values` text COMMENT '',
  `process_instance_id` varchar(255) DEFAULT NULL COMMENT 'id',
  `current_auditor` varchar(255) DEFAULT NULL COMMENT '',
  `status` tinyint DEFAULT NULL COMMENT '0 1 2 -1',
  `create_time` timestamp NOT NULL DEFAULT CURRENT_TIMESTAMP COMMENT '',
  `update_time` timestamp NOT NULL DEFAULT CURRENT_TIMESTAMP ON UPDATE CURRENT_TIMESTAMP COMMENT '',
  `is_deleted` tinyint NOT NULL DEFAULT '0' COMMENT '0: 1:',
  PRIMARY KEY (`id`)
) ENGINE=InnoDB AUTO_INCREMENT=3 DEFAULT CHARSET=utf8mb3 COMMENT='';

-- ----------------------------
-- Records of oa_process
-- ----------------------------
BEGIN;
INSERT INTO `oa_process` (`id`, `process_code`, `user_id`, `process_template_id`, `process_type_id`, `title`, `description`, `form_values`, `process_instance_id`, `current_auditor`, `status`, `create_time`, `update_time`, `is_deleted`) VALUES (2, '1687619838437', 1, 5, 2, 'admin', '', '{\"formData\":{\"days\":\"2\",\"begin\":\"2023-06-01\",\"end\":\"2023-06-03\",\"reson\":\"\"},\"formShowData\":{\"\":\"2\",\"\":\"2023-06-01\",\"\":\"2023-06-03\",\"\":\"\"}}', '358e8ad5-12a2-11ee-960f-6c6a7719157b', NULL, 2, '2023-06-24 23:17:17', '2023-06-24 23:17:18', 0);
COMMIT;

-- ----------------------------
-- Table structure for oa_process_record
-- ----------------------------
DROP TABLE IF EXISTS `oa_process_record`;
CREATE TABLE `oa_process_record` (
  `id` bigint NOT NULL AUTO_INCREMENT COMMENT 'id',
  `process_id` bigint NOT NULL DEFAULT '0' COMMENT 'id',
  `description` varchar(255) DEFAULT NULL COMMENT '',
  `status` tinyint DEFAULT '0' COMMENT '',
  `operate_user_id` bigint NOT NULL DEFAULT '0' COMMENT 'id',
  `operate_user` varchar(20) DEFAULT NULL COMMENT '',
  `create_time` timestamp NOT NULL DEFAULT CURRENT_TIMESTAMP COMMENT '',
  `update_time` timestamp NOT NULL DEFAULT CURRENT_TIMESTAMP ON UPDATE CURRENT_TIMESTAMP COMMENT '',
  `is_deleted` tinyint NOT NULL DEFAULT '0' COMMENT '0: 1:',
  PRIMARY KEY (`id`)
) ENGINE=InnoDB AUTO_INCREMENT=5 DEFAULT CHARSET=utf8mb3 COMMENT='';

-- ----------------------------
-- Records of oa_process_record
-- ----------------------------
BEGIN;
INSERT INTO `oa_process_record` (`id`, `process_id`, `description`, `status`, `operate_user_id`, `operate_user`, `create_time`, `update_time`, `is_deleted`) VALUES (2, 2, '', 1, 1, 'admin', '2023-06-24 23:17:18', '2023-06-24 23:17:18', 0);
INSERT INTO `oa_process_record` (`id`, `process_id`, `description`, `status`, `operate_user_id`, `operate_user`, `create_time`, `update_time`, `is_deleted`) VALUES (3, 2, '', 1, 7, '', '2023-06-25 12:17:04', '2023-06-25 12:17:04', 0);
INSERT INTO `oa_process_record` (`id`, `process_id`, `description`, `status`, `operate_user_id`, `operate_user`, `create_time`, `update_time`, `is_deleted`) VALUES (4, 2, '', 1, 4, '', '2023-06-25 17:29:39', '2023-06-25 17:29:39', 0);
COMMIT;

-- ----------------------------
-- Table structure for oa_process_template
-- ----------------------------
DROP TABLE IF EXISTS `oa_process_template`;
CREATE TABLE `oa_process_template` (
  `id` bigint NOT NULL AUTO_INCREMENT COMMENT 'id',
  `name` varchar(20) NOT NULL DEFAULT '' COMMENT '',
  `icon_url` varchar(100) DEFAULT NULL COMMENT '',
  `process_type_id` varchar(255) DEFAULT NULL,
  `form_props` text COMMENT '',
  `form_options` text COMMENT '',
  `process_definition_key` varchar(20) DEFAULT NULL COMMENT 'key',
  `process_definition_path` varchar(255) DEFAULT NULL COMMENT '',
  `process_model_id` varchar(255) DEFAULT NULL COMMENT 'id',
  `description` varchar(255) DEFAULT NULL COMMENT '',
  `status` tinyint NOT NULL DEFAULT '0',
  `create_time` timestamp NOT NULL DEFAULT CURRENT_TIMESTAMP COMMENT '',
  `update_time` timestamp NOT NULL DEFAULT CURRENT_TIMESTAMP ON UPDATE CURRENT_TIMESTAMP COMMENT '',
  `is_deleted` tinyint NOT NULL DEFAULT '0' COMMENT '0: 1:',
  PRIMARY KEY (`id`)
) ENGINE=InnoDB AUTO_INCREMENT=6 DEFAULT CHARSET=utf8mb3 COMMENT='';

-- ----------------------------
-- Records of oa_process_template
-- ----------------------------
BEGIN;
INSERT INTO `oa_process_template` (`id`, `name`, `icon_url`, `process_type_id`, `form_props`, `form_options`, `process_definition_key`, `process_definition_path`, `process_model_id`, `description`, `status`, `create_time`, `update_time`, `is_deleted`) VALUES (1, '', 'https://gw.alicdn.com/tfs/TB1bHOWCSzqK1RjSZFjXXblCFXa-112-112.png', '1', '[{\"type\":\"datePicker\",\"field\":\"sdate\",\"title\":\"\",\"info\":\"\",\"_fc_drag_tag\":\"datePicker\",\"hidden\":false,\"display\":true,\"validate\":[{\"trigger\":\"change\",\"mode\":\"required\",\"message\":\"\",\"required\":true,\"type\":\"string\"}]},{\"type\":\"datePicker\",\"field\":\"edate\",\"title\":\"\",\"info\":\"\",\"_fc_drag_tag\":\"datePicker\",\"hidden\":false,\"display\":true,\"validate\":[{\"trigger\":\"change\",\"mode\":\"required\",\"message\":\"\",\"required\":true,\"type\":\"string\"}]},{\"type\":\"input\",\"field\":\"day\",\"title\":\"\",\"info\":\"\",\"_fc_drag_tag\":\"input\",\"hidden\":false,\"display\":true,\"validate\":[{\"trigger\":\"change\",\"mode\":\"required\",\"message\":\"\",\"required\":true,\"type\":\"string\"}]},{\"type\":\"input\",\"field\":\"reason\",\"title\":\"\",\"info\":\"\",\"props\":{\"type\":\"textarea\",\"rows\":4},\"_fc_drag_tag\":\"input\",\"hidden\":false,\"display\":true,\"validate\":[{\"trigger\":\"change\",\"mode\":\"required\",\"message\":\"\",\"required\":true,\"type\":\"string\"}]},{\"type\":\"select\",\"field\":\"dept\",\"title\":\"\",\"info\":\"\",\"effect\":{\"fetch\":\"\"},\"options\":[{\"value\":\"\",\"label\":\"\"},{\"value\":\"\",\"label\":\"\"},{\"label\":\"\",\"value\":\"\"},{\"label\":\"\",\"value\":\"\"}],\"_fc_drag_tag\":\"select\",\"hidden\":false,\"display\":true}]', '{\n    \"form\": {\n        \"labelPosition\": \"right\",\n        \"size\": \"medium\",\n        \"labelWidth\": \"80px\",\n        \"hideRequiredAsterisk\": false,\n        \"showMessage\": true,\n        \"inlineMessage\": false\n    },\n    \"submitBtn\": {\n                         \"innerText\":\" \",\n                        \"round\":true,\n                        \"width\": \"280px\",\n                        \"type\":\"primary\"\n                     },\n    \"resetBtn\": false\n}\n', 'jiaban', '', '', '', 1, '2022-12-07 14:33:51', '2022-12-27 09:12:58', 0);
INSERT INTO `oa_process_template` (`id`, `name`, `icon_url`, `process_type_id`, `form_props`, `form_options`, `process_definition_key`, `process_definition_path`, `process_model_id`, `description`, `status`, `create_time`, `update_time`, `is_deleted`) VALUES (2, '', 'https://gw.alicdn.com/imgextra/i3/O1CN01LLn0YV1LhBXs7T2iO_!!6000000001330-2-tps-120-120.png', '2', '[{\"type\":\"datePicker\",\"field\":\"sdate\",\"title\":\"\",\"info\":\"\",\"_fc_drag_tag\":\"datePicker\",\"hidden\":false,\"display\":true,\"validate\":[{\"trigger\":\"change\",\"mode\":\"required\",\"message\":\"\",\"required\":true,\"type\":\"string\"}]},{\"type\":\"datePicker\",\"field\":\"edate\",\"title\":\"\",\"info\":\"\",\"_fc_drag_tag\":\"datePicker\",\"hidden\":false,\"display\":true,\"validate\":[{\"trigger\":\"change\",\"mode\":\"required\",\"message\":\"\",\"required\":true,\"type\":\"string\"}]},{\"type\":\"input\",\"field\":\"day\",\"title\":\"\",\"info\":\"\",\"_fc_drag_tag\":\"input\",\"hidden\":false,\"display\":true,\"validate\":[{\"trigger\":\"change\",\"mode\":\"required\",\"message\":\"\",\"required\":true,\"type\":\"string\"}]},{\"type\":\"input\",\"field\":\"reason\",\"title\":\"\",\"info\":\"\",\"props\":{\"type\":\"textarea\",\"rows\":4},\"_fc_drag_tag\":\"input\",\"hidden\":false,\"display\":true,\"validate\":[{\"trigger\":\"change\",\"mode\":\"required\",\"message\":\"\",\"required\":true,\"type\":\"string\"}]},{\"type\":\"select\",\"field\":\"dept\",\"title\":\"\",\"info\":\"\",\"effect\":{\"fetch\":\"\"},\"options\":[{\"value\":\"\",\"label\":\"\"},{\"value\":\"\",\"label\":\"\"},{\"label\":\"\",\"value\":\"\"},{\"label\":\"\",\"value\":\"\"}],\"_fc_drag_tag\":\"select\",\"hidden\":false,\"display\":true}]', '{\n    \"form\": {\n        \"labelPosition\": \"right\",\n        \"size\": \"medium\",\n        \"labelWidth\": \"80px\",\n        \"hideRequiredAsterisk\": false,\n        \"showMessage\": true,\n        \"inlineMessage\": false\n    },\n    \"submitBtn\": {\n                         \"innerText\":\" \",\n                        \"round\":true,\n                        \"width\": \"280px\",\n                        \"type\":\"primary\"\n                     },\n    \"resetBtn\": false\n}\n', 'qingjia', '', '', '', 0, '2022-12-07 15:04:02', '2022-12-27 09:13:00', 0);
INSERT INTO `oa_process_template` (`id`, `name`, `icon_url`, `process_type_id`, `form_props`, `form_options`, `process_definition_key`, `process_definition_path`, `process_model_id`, `description`, `status`, `create_time`, `update_time`, `is_deleted`) VALUES (3, '', 'https://gw.alicdn.com/tfs/TB1e76lCOLaK1RjSZFxXXamPFXa-112-112.png', '3', '[{\"type\":\"datePicker\",\"field\":\"sdate\",\"title\":\"\",\"info\":\"\",\"_fc_drag_tag\":\"datePicker\",\"hidden\":false,\"display\":true,\"validate\":[{\"trigger\":\"change\",\"mode\":\"required\",\"message\":\"\",\"required\":true,\"type\":\"string\"}],\"props\":{\"format\":\"\"}},{\"type\":\"input\",\"field\":\"amount\",\"title\":\"\",\"info\":\"\",\"_fc_drag_tag\":\"input\",\"hidden\":false,\"display\":true,\"validate\":[{\"trigger\":\"change\",\"mode\":\"required\",\"message\":\"\",\"required\":true,\"type\":\"string\"}]},{\"type\":\"select\",\"field\":\"F0ma1n7tec860p\",\"title\":\"\",\"info\":\"\",\"effect\":{\"fetch\":\"\"},\"options\":[{\"value\":\"\",\"label\":\"\"},{\"value\":\"\",\"label\":\"\"},{\"label\":\"\",\"value\":\"\"},{\"label\":\"\",\"value\":\"\"},{\"label\":\"\",\"value\":\"\"},{\"label\":\"\",\"value\":\"\"},{\"label\":\"\",\"value\":\"\"}],\"_fc_drag_tag\":\"select\",\"hidden\":false,\"display\":true,\"validate\":[{\"trigger\":\"change\",\"mode\":\"required\",\"message\":\"\",\"required\":true,\"type\":\"string\"}]},{\"type\":\"input\",\"field\":\"reason\",\"title\":\"\",\"info\":\"\",\"props\":{\"type\":\"textarea\",\"rows\":4},\"_fc_drag_tag\":\"input\",\"hidden\":false,\"display\":true},{\"type\":\"select\",\"field\":\"dept\",\"title\":\"\",\"info\":\"\",\"effect\":{\"fetch\":\"\"},\"options\":[{\"value\":\"\",\"label\":\"\"},{\"value\":\"\",\"label\":\"\"},{\"label\":\"\",\"value\":\"\"},{\"label\":\"\",\"value\":\"\"}],\"_fc_drag_tag\":\"select\",\"hidden\":false,\"display\":true},{\"type\":\"input\",\"field\":\"content\",\"title\":\"\",\"info\":\"\",\"props\":{\"type\":\"textarea\",\"rows\":4},\"_fc_drag_tag\":\"input\",\"hidden\":false,\"display\":true,\"validate\":[{\"trigger\":\"change\",\"mode\":\"required\",\"message\":\"\",\"required\":true,\"type\":\"string\"}]},{\"type\":\"switch\",\"field\":\"F9hn1n7twlkcfk\",\"title\":\"\",\"info\":\"\",\"_fc_drag_tag\":\"switch\",\"hidden\":false,\"display\":true},{\"type\":\"span\",\"title\":\"\",\"native\":false,\"children\":[\"\"],\"_fc_drag_tag\":\"span\",\"hidden\":false,\"display\":true}]', ' ', 'feiyong', '', '', '', 0, '2022-12-08 10:35:33', '2023-06-16 01:00:43', 0);
INSERT INTO `oa_process_template` (`id`, `name`, `icon_url`, `process_type_id`, `form_props`, `form_options`, `process_definition_key`, `process_definition_path`, `process_model_id`, `description`, `status`, `create_time`, `update_time`, `is_deleted`) VALUES (5, '', 'https://gw.alicdn.com/tfs/TB1Y8PlCNjaK1RjSZKzXXXVwXXa-112-112.png', '2', '[{\"type\":\"input\",\"field\":\"days\",\"title\":\"\",\"info\":\"\",\"$required\":false,\"_fc_drag_tag\":\"input\",\"hidden\":false,\"display\":true},{\"type\":\"datePicker\",\"field\":\"begin\",\"title\":\"\",\"info\":\"\",\"$required\":false,\"_fc_drag_tag\":\"datePicker\",\"hidden\":false,\"display\":true},{\"type\":\"datePicker\",\"field\":\"end\",\"title\":\"\",\"info\":\"\",\"$required\":false,\"_fc_drag_tag\":\"datePicker\",\"hidden\":false,\"display\":true},{\"type\":\"input\",\"field\":\"reson\",\"title\":\"\",\"info\":\"\",\"$required\":false,\"_fc_drag_tag\":\"input\",\"hidden\":false,\"display\":true}]', '{\"form\":{\"labelPosition\":\"right\",\"size\":\"mini\",\"labelWidth\":\"125px\",\"hideRequiredAsterisk\":false,\"showMessage\":true,\"inlineMessage\":false},\"submitBtn\":true,\"resetBtn\":false}', 'qingjia', 'processes/qingjia.zip', NULL, '', 1, '2023-06-24 23:16:56', '2023-06-24 23:16:56', 0);
COMMIT;

-- ----------------------------
-- Table structure for oa_process_type
-- ----------------------------
DROP TABLE IF EXISTS `oa_process_type`;
CREATE TABLE `oa_process_type` (
  `id` bigint NOT NULL AUTO_INCREMENT COMMENT 'id',
  `name` varchar(20) NOT NULL DEFAULT '' COMMENT '',
  `description` varchar(255) DEFAULT NULL COMMENT '',
  `create_time` timestamp NOT NULL DEFAULT CURRENT_TIMESTAMP COMMENT '',
  `update_time` timestamp NOT NULL DEFAULT CURRENT_TIMESTAMP ON UPDATE CURRENT_TIMESTAMP COMMENT '',
  `is_deleted` tinyint NOT NULL DEFAULT '0' COMMENT '0: 1:',
  PRIMARY KEY (`id`)
) ENGINE=InnoDB AUTO_INCREMENT=4 DEFAULT CHARSET=utf8mb3 COMMENT='';

-- ----------------------------
-- Records of oa_process_type
-- ----------------------------
BEGIN;
INSERT INTO `oa_process_type` (`id`, `name`, `description`, `create_time`, `update_time`, `is_deleted`) VALUES (1, '', '', '2022-12-06 09:35:12', '2022-12-06 09:36:13', 0);
INSERT INTO `oa_process_type` (`id`, `name`, `description`, `create_time`, `update_time`, `is_deleted`) VALUES (2, '', '', '2022-12-06 09:35:19', '2022-12-06 09:36:16', 0);
INSERT INTO `oa_process_type` (`id`, `name`, `description`, `create_time`, `update_time`, `is_deleted`) VALUES (3, '', '', '2022-12-06 09:35:29', '2022-12-06 09:36:17', 0);
COMMIT;

-- ----------------------------
-- Table structure for sys_dept
-- ----------------------------
DROP TABLE IF EXISTS `sys_dept`;
CREATE TABLE `sys_dept` (
  `id` bigint NOT NULL AUTO_INCREMENT,
  `name` varchar(50) NOT NULL DEFAULT '' COMMENT '',
  `parent_id` bigint DEFAULT '0' COMMENT 'id',
  `tree_path` varchar(255) DEFAULT ',' COMMENT '',
  `sort_value` int DEFAULT '1' COMMENT '',
  `leader` varchar(20) DEFAULT NULL COMMENT '',
  `phone` varchar(11) DEFAULT NULL COMMENT '',
  `status` tinyint(1) DEFAULT '1' COMMENT '1 0',
  `create_time` timestamp NOT NULL DEFAULT CURRENT_TIMESTAMP ON UPDATE CURRENT_TIMESTAMP,
  `update_time` timestamp NULL DEFAULT NULL ON UPDATE CURRENT_TIMESTAMP,
  `is_deleted` tinyint NOT NULL DEFAULT '0' COMMENT '0: 1:',
  PRIMARY KEY (`id`) USING BTREE
) ENGINE=InnoDB AUTO_INCREMENT=2019 DEFAULT CHARSET=utf8mb4 COLLATE=utf8mb4_0900_ai_ci ROW_FORMAT=COMPACT COMMENT='';

-- ----------------------------
-- Records of sys_dept
-- ----------------------------
BEGIN;
INSERT INTO `sys_dept` (`id`, `name`, `parent_id`, `tree_path`, `sort_value`, `leader`, `phone`, `status`, `create_time`, `update_time`, `is_deleted`) VALUES (1, '', 0, ',1,', 1, '', '15659090912', 1, '2022-05-24 16:13:13', '2022-05-24 16:13:13', 0);
INSERT INTO `sys_dept` (`id`, `name`, `parent_id`, `tree_path`, `sort_value`, `leader`, `phone`, `status`, `create_time`, `update_time`, `is_deleted`) VALUES (10, '', 1, ',1,10,', 1, '', '18790007789', 1, '2022-05-24 16:13:15', '2022-05-24 16:13:15', 0);
INSERT INTO `sys_dept` (`id`, `name`, `parent_id`, `tree_path`, `sort_value`, `leader`, `phone`, `status`, `create_time`, `update_time`, `is_deleted`) VALUES (20, '', 1, ',1,20,', 1, '', '15090987678', 1, '2022-05-25 14:02:25', '2022-05-25 14:02:25', 0);
INSERT INTO `sys_dept` (`id`, `name`, `parent_id`, `tree_path`, `sort_value`, `leader`, `phone`, `status`, `create_time`, `update_time`, `is_deleted`) VALUES (30, '', 1, ',1,30,', 1, '', '15090987678', 1, '2022-05-25 14:02:24', '2022-05-25 14:02:24', 0);
INSERT INTO `sys_dept` (`id`, `name`, `parent_id`, `tree_path`, `sort_value`, `leader`, `phone`, `status`, `create_time`, `update_time`, `is_deleted`) VALUES (1010, '', 10, ',1,10,1010,', 1, '', '15090987678', 1, '2022-05-25 14:02:24', '2022-05-25 14:02:24', 0);
INSERT INTO `sys_dept` (`id`, `name`, `parent_id`, `tree_path`, `sort_value`, `leader`, `phone`, `status`, `create_time`, `update_time`, `is_deleted`) VALUES (1020, '', 10, ',1,10,1020,', 1, '', '15090987678', 1, '2022-05-25 14:02:29', '2022-05-25 14:02:29', 0);
INSERT INTO `sys_dept` (`id`, `name`, `parent_id`, `tree_path`, `sort_value`, `leader`, `phone`, `status`, `create_time`, `update_time`, `is_deleted`) VALUES (1021, 'Java', 1010, ',1,10,1010,1021,', 1, '', '15090987678', 1, '2022-05-24 16:13:31', '2022-05-24 16:13:31', 0);
INSERT INTO `sys_dept` (`id`, `name`, `parent_id`, `tree_path`, `sort_value`, `leader`, `phone`, `status`, `create_time`, `update_time`, `is_deleted`) VALUES (1022, '', 1010, ',1,10,1010,1022,', 1, '', '15090987678', 1, '2022-05-25 14:02:22', '2022-05-25 14:02:22', 0);
INSERT INTO `sys_dept` (`id`, `name`, `parent_id`, `tree_path`, `sort_value`, `leader`, `phone`, `status`, `create_time`, `update_time`, `is_deleted`) VALUES (1024, '', 1010, ',1,10,1010,1024,', 1, '', '15090987678', 1, '2022-05-25 14:02:22', '2022-05-25 14:02:22', 0);
INSERT INTO `sys_dept` (`id`, `name`, `parent_id`, `tree_path`, `sort_value`, `leader`, `phone`, `status`, `create_time`, `update_time`, `is_deleted`) VALUES (1025, '', 1020, ',1,10,1020,1025,', 1, '', '15090987678', 1, '2022-05-25 14:02:23', '2022-05-25 14:02:23', 0);
INSERT INTO `sys_dept` (`id`, `name`, `parent_id`, `tree_path`, `sort_value`, `leader`, `phone`, `status`, `create_time`, `update_time`, `is_deleted`) VALUES (1026, '', 1020, ',1,10,1020,1026,', 1, '30.607366', '15090987678', 1, '2022-05-25 14:02:26', '2022-05-25 14:02:26', 0);
INSERT INTO `sys_dept` (`id`, `name`, `parent_id`, `tree_path`, `sort_value`, `leader`, `phone`, `status`, `create_time`, `update_time`, `is_deleted`) VALUES (1027, '', 1020, ',1,10,1020,1027,', 1, '', '15090987678', 1, '2022-05-25 14:02:26', '2022-05-25 14:02:26', 0);
INSERT INTO `sys_dept` (`id`, `name`, `parent_id`, `tree_path`, `sort_value`, `leader`, `phone`, `status`, `create_time`, `update_time`, `is_deleted`) VALUES (1028, '', 1020, ',1,10,1020,1028,', 1, '', '15090987678', 1, '2022-05-25 14:02:27', '2022-05-25 14:02:27', 0);
INSERT INTO `sys_dept` (`id`, `name`, `parent_id`, `tree_path`, `sort_value`, `leader`, `phone`, `status`, `create_time`, `update_time`, `is_deleted`) VALUES (2012, '', 20, ',1,20,2012,', 1, '', '18909890765', 1, '2022-05-24 16:13:51', '2022-05-24 16:13:51', 0);
INSERT INTO `sys_dept` (`id`, `name`, `parent_id`, `tree_path`, `sort_value`, `leader`, `phone`, `status`, `create_time`, `update_time`, `is_deleted`) VALUES (2013, '', 30, ',1,30,2013,', 1, '', '18567867895', 1, '2022-05-24 16:13:50', '2022-05-24 16:13:50', 0);
INSERT INTO `sys_dept` (`id`, `name`, `parent_id`, `tree_path`, `sort_value`, `leader`, `phone`, `status`, `create_time`, `update_time`, `is_deleted`) VALUES (2016, 'Java', 2012, ',1,20,2012,2012,', 1, '', '15090909909', 1, '2022-05-25 10:51:12', '2022-05-25 10:51:12', 0);
INSERT INTO `sys_dept` (`id`, `name`, `parent_id`, `tree_path`, `sort_value`, `leader`, `phone`, `status`, `create_time`, `update_time`, `is_deleted`) VALUES (2017, '', 2012, ',1,20,2012,2012,', 1, '', '15090980989', 1, '2022-05-27 09:11:54', NULL, 0);
INSERT INTO `sys_dept` (`id`, `name`, `parent_id`, `tree_path`, `sort_value`, `leader`, `phone`, `status`, `create_time`, `update_time`, `is_deleted`) VALUES (2018, '', 1, ',1,1,', 1, '', '', 1, '2022-12-07 16:49:56', NULL, 0);
COMMIT;

-- ----------------------------
-- Table structure for sys_login_log
-- ----------------------------
DROP TABLE IF EXISTS `sys_login_log`;
CREATE TABLE `sys_login_log` (
  `id` bigint NOT NULL AUTO_INCREMENT COMMENT 'ID',
  `username` varchar(50) DEFAULT '' COMMENT '',
  `ipaddr` varchar(128) DEFAULT '' COMMENT 'IP',
  `status` tinyint(1) DEFAULT '0' COMMENT '0 1',
  `msg` varchar(255) DEFAULT '' COMMENT '',
  `access_time` datetime DEFAULT NULL COMMENT '',
  `create_time` timestamp NOT NULL DEFAULT CURRENT_TIMESTAMP ON UPDATE CURRENT_TIMESTAMP,
  `update_time` timestamp NULL DEFAULT NULL ON UPDATE CURRENT_TIMESTAMP,
  `is_deleted` tinyint NOT NULL DEFAULT '0' COMMENT '0: 1:',
  PRIMARY KEY (`id`)
) ENGINE=InnoDB AUTO_INCREMENT=57 DEFAULT CHARSET=utf8mb3 COMMENT='';

-- ----------------------------
-- Records of sys_login_log
-- ----------------------------
BEGIN;
INSERT INTO `sys_login_log` (`id`, `username`, `ipaddr`, `status`, `msg`, `access_time`, `create_time`, `update_time`, `is_deleted`) VALUES (1, 'admin', '0:0:0:0:0:0:0:1', 1, '', NULL, '2022-06-10 11:24:14', NULL, 0);
INSERT INTO `sys_login_log` (`id`, `username`, `ipaddr`, `status`, `msg`, `access_time`, `create_time`, `update_time`, `is_deleted`) VALUES (2, 'admin', '127.0.0.1', 1, '', NULL, '2022-06-10 11:53:43', NULL, 0);
INSERT INTO `sys_login_log` (`id`, `username`, `ipaddr`, `status`, `msg`, `access_time`, `create_time`, `update_time`, `is_deleted`) VALUES (3, 'admin', '127.0.0.1', 1, '', NULL, '2022-12-01 09:22:43', NULL, 0);
INSERT INTO `sys_login_log` (`id`, `username`, `ipaddr`, `status`, `msg`, `access_time`, `create_time`, `update_time`, `is_deleted`) VALUES (4, 'admin', '127.0.0.1', 1, '', NULL, '2022-12-01 09:38:06', NULL, 0);
INSERT INTO `sys_login_log` (`id`, `username`, `ipaddr`, `status`, `msg`, `access_time`, `create_time`, `update_time`, `is_deleted`) VALUES (5, 'admin', '127.0.0.1', 1, '', NULL, '2022-12-01 10:24:16', NULL, 0);
INSERT INTO `sys_login_log` (`id`, `username`, `ipaddr`, `status`, `msg`, `access_time`, `create_time`, `update_time`, `is_deleted`) VALUES (6, 'admin', '127.0.0.1', 1, '', NULL, '2022-12-02 08:29:36', NULL, 0);
INSERT INTO `sys_login_log` (`id`, `username`, `ipaddr`, `status`, `msg`, `access_time`, `create_time`, `update_time`, `is_deleted`) VALUES (7, 'admin', '127.0.0.1', 1, '', NULL, '2022-12-02 08:29:52', NULL, 0);
INSERT INTO `sys_login_log` (`id`, `username`, `ipaddr`, `status`, `msg`, `access_time`, `create_time`, `update_time`, `is_deleted`) VALUES (8, 'admin', '127.0.0.1', 1, '', NULL, '2022-12-02 15:40:01', NULL, 0);
INSERT INTO `sys_login_log` (`id`, `username`, `ipaddr`, `status`, `msg`, `access_time`, `create_time`, `update_time`, `is_deleted`) VALUES (9, 'admin', '127.0.0.1', 1, '', NULL, '2022-12-02 15:40:08', NULL, 0);
INSERT INTO `sys_login_log` (`id`, `username`, `ipaddr`, `status`, `msg`, `access_time`, `create_time`, `update_time`, `is_deleted`) VALUES (10, 'admin', '127.0.0.1', 1, '', NULL, '2022-12-05 09:01:40', NULL, 0);
INSERT INTO `sys_login_log` (`id`, `username`, `ipaddr`, `status`, `msg`, `access_time`, `create_time`, `update_time`, `is_deleted`) VALUES (11, 'admin', '127.0.0.1', 1, '', NULL, '2022-12-06 09:34:33', NULL, 0);
INSERT INTO `sys_login_log` (`id`, `username`, `ipaddr`, `status`, `msg`, `access_time`, `create_time`, `update_time`, `is_deleted`) VALUES (12, 'admin', '127.0.0.1', 1, '', NULL, '2022-12-06 09:34:38', NULL, 0);
INSERT INTO `sys_login_log` (`id`, `username`, `ipaddr`, `status`, `msg`, `access_time`, `create_time`, `update_time`, `is_deleted`) VALUES (13, 'test', '127.0.0.1', 1, '', NULL, '2022-12-06 09:51:58', NULL, 0);
INSERT INTO `sys_login_log` (`id`, `username`, `ipaddr`, `status`, `msg`, `access_time`, `create_time`, `update_time`, `is_deleted`) VALUES (14, 'wanggang', '127.0.0.1', 1, '', NULL, '2022-12-06 09:52:08', NULL, 0);
INSERT INTO `sys_login_log` (`id`, `username`, `ipaddr`, `status`, `msg`, `access_time`, `create_time`, `update_time`, `is_deleted`) VALUES (15, 'wangqq', '127.0.0.1', 1, '', NULL, '2022-12-06 09:52:16', NULL, 0);
INSERT INTO `sys_login_log` (`id`, `username`, `ipaddr`, `status`, `msg`, `access_time`, `create_time`, `update_time`, `is_deleted`) VALUES (16, 'admin', '127.0.0.1', 1, '', NULL, '2022-12-07 10:23:36', NULL, 0);
INSERT INTO `sys_login_log` (`id`, `username`, `ipaddr`, `status`, `msg`, `access_time`, `create_time`, `update_time`, `is_deleted`) VALUES (17, 'admin', '127.0.0.1', 1, '', NULL, '2022-12-07 12:22:24', NULL, 0);
INSERT INTO `sys_login_log` (`id`, `username`, `ipaddr`, `status`, `msg`, `access_time`, `create_time`, `update_time`, `is_deleted`) VALUES (18, 'lijiangshi', '127.0.0.1', 1, '', NULL, '2022-12-07 17:10:35', NULL, 0);
INSERT INTO `sys_login_log` (`id`, `username`, `ipaddr`, `status`, `msg`, `access_time`, `create_time`, `update_time`, `is_deleted`) VALUES (19, 'jingli', '127.0.0.1', 1, '', NULL, '2022-12-07 17:14:15', NULL, 0);
INSERT INTO `sys_login_log` (`id`, `username`, `ipaddr`, `status`, `msg`, `access_time`, `create_time`, `update_time`, `is_deleted`) VALUES (20, 'rsjl', '127.0.0.1', 1, '', NULL, '2022-12-07 17:14:50', NULL, 0);
INSERT INTO `sys_login_log` (`id`, `username`, `ipaddr`, `status`, `msg`, `access_time`, `create_time`, `update_time`, `is_deleted`) VALUES (21, 'zjl', '127.0.0.1', 1, '', NULL, '2022-12-07 17:15:01', NULL, 0);
INSERT INTO `sys_login_log` (`id`, `username`, `ipaddr`, `status`, `msg`, `access_time`, `create_time`, `update_time`, `is_deleted`) VALUES (22, 'admin', '127.0.0.1', 1, '', NULL, '2022-12-08 09:36:59', NULL, 0);
INSERT INTO `sys_login_log` (`id`, `username`, `ipaddr`, `status`, `msg`, `access_time`, `create_time`, `update_time`, `is_deleted`) VALUES (23, 'admin', '127.0.0.1', 1, '', NULL, '2022-12-08 09:40:57', NULL, 0);
INSERT INTO `sys_login_log` (`id`, `username`, `ipaddr`, `status`, `msg`, `access_time`, `create_time`, `update_time`, `is_deleted`) VALUES (24, 'admin', '127.0.0.1', 1, '', NULL, '2022-12-09 08:35:27', NULL, 0);
INSERT INTO `sys_login_log` (`id`, `username`, `ipaddr`, `status`, `msg`, `access_time`, `create_time`, `update_time`, `is_deleted`) VALUES (25, 'admin', '127.0.0.1', 1, '', NULL, '2022-12-09 08:35:33', NULL, 0);
INSERT INTO `sys_login_log` (`id`, `username`, `ipaddr`, `status`, `msg`, `access_time`, `create_time`, `update_time`, `is_deleted`) VALUES (26, 'admin', '127.0.0.1', 1, '', NULL, '2022-12-09 09:30:41', NULL, 0);
INSERT INTO `sys_login_log` (`id`, `username`, `ipaddr`, `status`, `msg`, `access_time`, `create_time`, `update_time`, `is_deleted`) VALUES (27, 'admin', '127.0.0.1', 1, '', NULL, '2022-12-09 09:40:22', NULL, 0);
INSERT INTO `sys_login_log` (`id`, `username`, `ipaddr`, `status`, `msg`, `access_time`, `create_time`, `update_time`, `is_deleted`) VALUES (28, 'admin', '127.0.0.1', 1, '', NULL, '2022-12-09 09:45:37', NULL, 0);
INSERT INTO `sys_login_log` (`id`, `username`, `ipaddr`, `status`, `msg`, `access_time`, `create_time`, `update_time`, `is_deleted`) VALUES (29, 'admin', '127.0.0.1', 1, '', NULL, '2022-12-09 09:47:01', NULL, 0);
INSERT INTO `sys_login_log` (`id`, `username`, `ipaddr`, `status`, `msg`, `access_time`, `create_time`, `update_time`, `is_deleted`) VALUES (30, 'admin', '127.0.0.1', 1, '', NULL, '2022-12-09 09:52:43', NULL, 0);
INSERT INTO `sys_login_log` (`id`, `username`, `ipaddr`, `status`, `msg`, `access_time`, `create_time`, `update_time`, `is_deleted`) VALUES (31, 'admin', '127.0.0.1', 1, '', NULL, '2022-12-09 14:16:22', NULL, 0);
INSERT INTO `sys_login_log` (`id`, `username`, `ipaddr`, `status`, `msg`, `access_time`, `create_time`, `update_time`, `is_deleted`) VALUES (32, 'admin', '127.0.0.1', 1, '', NULL, '2022-12-09 16:17:25', NULL, 0);
INSERT INTO `sys_login_log` (`id`, `username`, `ipaddr`, `status`, `msg`, `access_time`, `create_time`, `update_time`, `is_deleted`) VALUES (33, 'admin', '127.0.0.1', 1, '', NULL, '2022-12-09 16:19:32', NULL, 0);
INSERT INTO `sys_login_log` (`id`, `username`, `ipaddr`, `status`, `msg`, `access_time`, `create_time`, `update_time`, `is_deleted`) VALUES (34, 'admin', '127.0.0.1', 1, '', NULL, '2022-12-09 16:32:44', NULL, 0);
INSERT INTO `sys_login_log` (`id`, `username`, `ipaddr`, `status`, `msg`, `access_time`, `create_time`, `update_time`, `is_deleted`) VALUES (35, 'admin', '127.0.0.1', 1, '', NULL, '2022-12-09 16:32:46', NULL, 0);
INSERT INTO `sys_login_log` (`id`, `username`, `ipaddr`, `status`, `msg`, `access_time`, `create_time`, `update_time`, `is_deleted`) VALUES (36, 'admin', '127.0.0.1', 1, '', NULL, '2022-12-09 16:32:47', NULL, 0);
INSERT INTO `sys_login_log` (`id`, `username`, `ipaddr`, `status`, `msg`, `access_time`, `create_time`, `update_time`, `is_deleted`) VALUES (37, 'admin', '127.0.0.1', 1, '', NULL, '2022-12-09 16:32:54', NULL, 0);
INSERT INTO `sys_login_log` (`id`, `username`, `ipaddr`, `status`, `msg`, `access_time`, `create_time`, `update_time`, `is_deleted`) VALUES (38, 'admin', '127.0.0.1', 1, '', NULL, '2022-12-09 16:32:55', NULL, 0);
INSERT INTO `sys_login_log` (`id`, `username`, `ipaddr`, `status`, `msg`, `access_time`, `create_time`, `update_time`, `is_deleted`) VALUES (39, 'admin', '127.0.0.1', 1, '', NULL, '2022-12-09 16:32:56', NULL, 0);
INSERT INTO `sys_login_log` (`id`, `username`, `ipaddr`, `status`, `msg`, `access_time`, `create_time`, `update_time`, `is_deleted`) VALUES (40, 'admin', '127.0.0.1', 1, '', NULL, '2022-12-09 16:33:12', NULL, 0);
INSERT INTO `sys_login_log` (`id`, `username`, `ipaddr`, `status`, `msg`, `access_time`, `create_time`, `update_time`, `is_deleted`) VALUES (41, 'admin', '127.0.0.1', 1, '', NULL, '2022-12-09 16:33:18', NULL, 0);
INSERT INTO `sys_login_log` (`id`, `username`, `ipaddr`, `status`, `msg`, `access_time`, `create_time`, `update_time`, `is_deleted`) VALUES (42, 'admin', '127.0.0.1', 1, '', NULL, '2022-12-09 16:33:43', NULL, 0);
INSERT INTO `sys_login_log` (`id`, `username`, `ipaddr`, `status`, `msg`, `access_time`, `create_time`, `update_time`, `is_deleted`) VALUES (43, 'admin', '127.0.0.1', 1, '', NULL, '2022-12-09 16:33:44', NULL, 0);
INSERT INTO `sys_login_log` (`id`, `username`, `ipaddr`, `status`, `msg`, `access_time`, `create_time`, `update_time`, `is_deleted`) VALUES (44, 'admin', '127.0.0.1', 1, '', NULL, '2022-12-09 16:34:23', NULL, 0);
INSERT INTO `sys_login_log` (`id`, `username`, `ipaddr`, `status`, `msg`, `access_time`, `create_time`, `update_time`, `is_deleted`) VALUES (45, 'admin', '127.0.0.1', 1, '', NULL, '2022-12-09 16:34:34', NULL, 0);
INSERT INTO `sys_login_log` (`id`, `username`, `ipaddr`, `status`, `msg`, `access_time`, `create_time`, `update_time`, `is_deleted`) VALUES (46, 'admin', '127.0.0.1', 1, '', NULL, '2022-12-09 16:34:41', NULL, 0);
INSERT INTO `sys_login_log` (`id`, `username`, `ipaddr`, `status`, `msg`, `access_time`, `create_time`, `update_time`, `is_deleted`) VALUES (47, 'admin', '127.0.0.1', 1, '', NULL, '2022-12-09 16:35:12', NULL, 0);
INSERT INTO `sys_login_log` (`id`, `username`, `ipaddr`, `status`, `msg`, `access_time`, `create_time`, `update_time`, `is_deleted`) VALUES (48, 'admin', '127.0.0.1', 1, '', NULL, '2022-12-09 16:35:15', NULL, 0);
INSERT INTO `sys_login_log` (`id`, `username`, `ipaddr`, `status`, `msg`, `access_time`, `create_time`, `update_time`, `is_deleted`) VALUES (49, 'admin', '127.0.0.1', 1, '', NULL, '2022-12-09 16:35:16', NULL, 0);
INSERT INTO `sys_login_log` (`id`, `username`, `ipaddr`, `status`, `msg`, `access_time`, `create_time`, `update_time`, `is_deleted`) VALUES (50, 'admin', '127.0.0.1', 1, '', NULL, '2022-12-09 16:35:23', NULL, 0);
INSERT INTO `sys_login_log` (`id`, `username`, `ipaddr`, `status`, `msg`, `access_time`, `create_time`, `update_time`, `is_deleted`) VALUES (51, 'admin', '127.0.0.1', 1, '', NULL, '2022-12-09 16:35:46', NULL, 0);
INSERT INTO `sys_login_log` (`id`, `username`, `ipaddr`, `status`, `msg`, `access_time`, `create_time`, `update_time`, `is_deleted`) VALUES (52, 'admin', '127.0.0.1', 1, '', NULL, '2022-12-09 16:36:36', NULL, 0);
INSERT INTO `sys_login_log` (`id`, `username`, `ipaddr`, `status`, `msg`, `access_time`, `create_time`, `update_time`, `is_deleted`) VALUES (53, 'admin', '127.0.0.1', 1, '', NULL, '2022-12-09 16:40:13', NULL, 0);
INSERT INTO `sys_login_log` (`id`, `username`, `ipaddr`, `status`, `msg`, `access_time`, `create_time`, `update_time`, `is_deleted`) VALUES (54, 'admin', '127.0.0.1', 1, '', NULL, '2022-12-12 08:32:48', NULL, 0);
INSERT INTO `sys_login_log` (`id`, `username`, `ipaddr`, `status`, `msg`, `access_time`, `create_time`, `update_time`, `is_deleted`) VALUES (55, 'admin', '127.0.0.1', 1, '', NULL, '2022-12-21 17:11:32', NULL, 0);
INSERT INTO `sys_login_log` (`id`, `username`, `ipaddr`, `status`, `msg`, `access_time`, `create_time`, `update_time`, `is_deleted`) VALUES (56, 'admin', '127.0.0.1', 1, '', NULL, '2022-12-22 09:44:15', NULL, 0);
COMMIT;

-- ----------------------------
-- Table structure for sys_menu
-- ----------------------------
DROP TABLE IF EXISTS `sys_menu`;
CREATE TABLE `sys_menu` (
  `id` bigint NOT NULL AUTO_INCREMENT COMMENT '',
  `parent_id` bigint NOT NULL DEFAULT '0' COMMENT '',
  `name` varchar(20) NOT NULL DEFAULT '' COMMENT '',
  `type` tinyint NOT NULL DEFAULT '0' COMMENT '(0:,1:,2:)',
  `path` varchar(100) DEFAULT NULL COMMENT '',
  `component` varchar(100) DEFAULT NULL COMMENT '',
  `perms` varchar(100) DEFAULT NULL COMMENT '',
  `icon` varchar(100) DEFAULT NULL COMMENT '',
  `sort_value` int DEFAULT NULL COMMENT '',
  `status` tinyint DEFAULT NULL COMMENT '(0:,1:)',
  `create_time` timestamp NOT NULL DEFAULT CURRENT_TIMESTAMP COMMENT '',
  `update_time` timestamp NOT NULL DEFAULT CURRENT_TIMESTAMP ON UPDATE CURRENT_TIMESTAMP COMMENT '',
  `is_deleted` tinyint NOT NULL DEFAULT '0' COMMENT '0: 1:',
  PRIMARY KEY (`id`),
  KEY `idx_parent_id` (`parent_id`)
) ENGINE=InnoDB AUTO_INCREMENT=61 DEFAULT CHARSET=utf8mb4 COLLATE=utf8mb4_0900_ai_ci COMMENT='';

-- ----------------------------
-- Records of sys_menu
-- ----------------------------
BEGIN;
INSERT INTO `sys_menu` (`id`, `parent_id`, `name`, `type`, `path`, `component`, `perms`, `icon`, `sort_value`, `status`, `create_time`, `update_time`, `is_deleted`) VALUES (2, 0, '', 0, 'system', 'Layout', NULL, 'el-icon-s-tools', 0, 1, '2021-05-31 18:05:37', '2022-06-09 09:23:24', 0);
INSERT INTO `sys_menu` (`id`, `parent_id`, `name`, `type`, `path`, `component`, `perms`, `icon`, `sort_value`, `status`, `create_time`, `update_time`, `is_deleted`) VALUES (3, 2, '', 1, 'sysUser', 'system/sysUser/list', '', 'el-icon-s-custom', 1, 1, '2021-05-31 18:05:37', '2022-06-09 09:22:47', 0);
INSERT INTO `sys_menu` (`id`, `parent_id`, `name`, `type`, `path`, `component`, `perms`, `icon`, `sort_value`, `status`, `create_time`, `update_time`, `is_deleted`) VALUES (4, 2, '', 1, 'sysRole', 'system/sysRole/list', '', 'el-icon-user-solid', 2, 1, '2021-05-31 18:05:37', '2022-06-09 09:37:18', 0);
INSERT INTO `sys_menu` (`id`, `parent_id`, `name`, `type`, `path`, `component`, `perms`, `icon`, `sort_value`, `status`, `create_time`, `update_time`, `is_deleted`) VALUES (5, 2, '', 1, 'sysMenu', 'system/sysMenu/list', '', 'el-icon-s-unfold', 3, 1, '2021-05-31 18:05:37', '2022-06-09 09:37:21', 0);
INSERT INTO `sys_menu` (`id`, `parent_id`, `name`, `type`, `path`, `component`, `perms`, `icon`, `sort_value`, `status`, `create_time`, `update_time`, `is_deleted`) VALUES (6, 3, '', 2, NULL, NULL, 'bnt.sysUser.list', NULL, 1, 1, '2021-05-31 18:05:37', '2022-06-09 09:22:38', 0);
INSERT INTO `sys_menu` (`id`, `parent_id`, `name`, `type`, `path`, `component`, `perms`, `icon`, `sort_value`, `status`, `create_time`, `update_time`, `is_deleted`) VALUES (7, 3, '', 2, NULL, NULL, 'bnt.sysUser.add', NULL, 1, 1, '2021-05-31 18:05:37', '2022-06-09 09:22:38', 0);
INSERT INTO `sys_menu` (`id`, `parent_id`, `name`, `type`, `path`, `component`, `perms`, `icon`, `sort_value`, `status`, `create_time`, `update_time`, `is_deleted`) VALUES (8, 3, '', 2, NULL, NULL, 'bnt.sysUser.update', NULL, 1, 1, '2021-05-31 18:05:37', '2022-06-09 09:22:38', 0);
INSERT INTO `sys_menu` (`id`, `parent_id`, `name`, `type`, `path`, `component`, `perms`, `icon`, `sort_value`, `status`, `create_time`, `update_time`, `is_deleted`) VALUES (9, 3, '', 2, NULL, NULL, 'bnt.sysUser.remove', NULL, 1, 1, '2021-05-31 18:05:37', '2022-06-09 09:22:38', 0);
INSERT INTO `sys_menu` (`id`, `parent_id`, `name`, `type`, `path`, `component`, `perms`, `icon`, `sort_value`, `status`, `create_time`, `update_time`, `is_deleted`) VALUES (10, 4, '', 2, NULL, NULL, 'bnt.sysRole.list', NULL, 1, 1, '2021-05-31 18:05:37', '2022-06-09 09:22:38', 0);
INSERT INTO `sys_menu` (`id`, `parent_id`, `name`, `type`, `path`, `component`, `perms`, `icon`, `sort_value`, `status`, `create_time`, `update_time`, `is_deleted`) VALUES (11, 4, '', 2, NULL, NULL, 'bnt.sysRole.add', NULL, 1, 1, '2021-05-31 18:05:37', '2022-06-09 09:22:38', 0);
INSERT INTO `sys_menu` (`id`, `parent_id`, `name`, `type`, `path`, `component`, `perms`, `icon`, `sort_value`, `status`, `create_time`, `update_time`, `is_deleted`) VALUES (12, 4, '', 2, NULL, NULL, 'bnt.sysRole.update', NULL, 1, 1, '2021-05-31 18:05:37', '2022-06-09 09:22:38', 0);
INSERT INTO `sys_menu` (`id`, `parent_id`, `name`, `type`, `path`, `component`, `perms`, `icon`, `sort_value`, `status`, `create_time`, `update_time`, `is_deleted`) VALUES (13, 4, '', 2, NULL, NULL, 'bnt.sysRole.remove', NULL, 1, 1, '2021-05-31 18:05:37', '2022-06-09 09:22:38', 0);
INSERT INTO `sys_menu` (`id`, `parent_id`, `name`, `type`, `path`, `component`, `perms`, `icon`, `sort_value`, `status`, `create_time`, `update_time`, `is_deleted`) VALUES (14, 5, '', 2, NULL, NULL, 'bnt.sysMenu.list', NULL, 1, 1, '2021-05-31 18:05:37', '2022-06-09 09:22:38', 0);
INSERT INTO `sys_menu` (`id`, `parent_id`, `name`, `type`, `path`, `component`, `perms`, `icon`, `sort_value`, `status`, `create_time`, `update_time`, `is_deleted`) VALUES (15, 5, '', 2, NULL, NULL, 'bnt.sysMenu.add', NULL, 1, 1, '2021-05-31 18:05:37', '2022-06-09 09:22:38', 0);
INSERT INTO `sys_menu` (`id`, `parent_id`, `name`, `type`, `path`, `component`, `perms`, `icon`, `sort_value`, `status`, `create_time`, `update_time`, `is_deleted`) VALUES (16, 5, '', 2, NULL, NULL, 'bnt.sysMenu.update', NULL, 1, 1, '2021-05-31 18:05:37', '2022-06-09 09:22:38', 0);
INSERT INTO `sys_menu` (`id`, `parent_id`, `name`, `type`, `path`, `component`, `perms`, `icon`, `sort_value`, `status`, `create_time`, `update_time`, `is_deleted`) VALUES (17, 5, '', 2, NULL, NULL, 'bnt.sysMenu.remove', NULL, 1, 1, '2021-05-31 18:05:37', '2022-06-09 09:22:38', 0);
INSERT INTO `sys_menu` (`id`, `parent_id`, `name`, `type`, `path`, `component`, `perms`, `icon`, `sort_value`, `status`, `create_time`, `update_time`, `is_deleted`) VALUES (18, 3, '', 2, NULL, NULL, 'bnt.sysUser.assignRole', NULL, 1, 1, '2022-05-23 17:14:32', '2022-06-09 09:22:38', 0);
INSERT INTO `sys_menu` (`id`, `parent_id`, `name`, `type`, `path`, `component`, `perms`, `icon`, `sort_value`, `status`, `create_time`, `update_time`, `is_deleted`) VALUES (19, 4, '', 2, 'assignAuth', 'system/sysRole/assignAuth', 'bnt.sysRole.assignAuth', NULL, 1, 1, '2022-05-23 17:18:14', '2022-06-09 09:22:38', 0);
INSERT INTO `sys_menu` (`id`, `parent_id`, `name`, `type`, `path`, `component`, `perms`, `icon`, `sort_value`, `status`, `create_time`, `update_time`, `is_deleted`) VALUES (20, 2, '', 1, 'sysDept', 'system/sysDept/list', '', 'el-icon-s-operation', 4, 1, '2022-05-24 10:07:05', '2022-06-09 09:38:12', 0);
INSERT INTO `sys_menu` (`id`, `parent_id`, `name`, `type`, `path`, `component`, `perms`, `icon`, `sort_value`, `status`, `create_time`, `update_time`, `is_deleted`) VALUES (21, 20, '', 2, NULL, NULL, 'bnt.sysDept.list', NULL, 1, 1, '2022-05-24 10:07:44', '2022-06-09 09:22:38', 0);
INSERT INTO `sys_menu` (`id`, `parent_id`, `name`, `type`, `path`, `component`, `perms`, `icon`, `sort_value`, `status`, `create_time`, `update_time`, `is_deleted`) VALUES (22, 2, '', 1, 'sysPost', 'system/sysPost/list', '', 'el-icon-more-outline', 5, 1, '2022-05-24 10:25:30', '2022-06-09 09:38:13', 0);
INSERT INTO `sys_menu` (`id`, `parent_id`, `name`, `type`, `path`, `component`, `perms`, `icon`, `sort_value`, `status`, `create_time`, `update_time`, `is_deleted`) VALUES (23, 22, '', 2, NULL, NULL, 'bnt.sysPost.list', NULL, 1, 1, '2022-05-24 10:25:45', '2022-06-09 09:22:38', 0);
INSERT INTO `sys_menu` (`id`, `parent_id`, `name`, `type`, `path`, `component`, `perms`, `icon`, `sort_value`, `status`, `create_time`, `update_time`, `is_deleted`) VALUES (24, 20, '', 2, NULL, NULL, 'bnt.sysDept.add', NULL, 1, 1, '2022-05-25 15:31:27', '2022-06-09 09:22:38', 0);
INSERT INTO `sys_menu` (`id`, `parent_id`, `name`, `type`, `path`, `component`, `perms`, `icon`, `sort_value`, `status`, `create_time`, `update_time`, `is_deleted`) VALUES (25, 20, '', 2, NULL, NULL, 'bnt.sysDept.update', NULL, 1, 1, '2022-05-25 15:31:41', '2022-06-09 09:22:38', 0);
INSERT INTO `sys_menu` (`id`, `parent_id`, `name`, `type`, `path`, `component`, `perms`, `icon`, `sort_value`, `status`, `create_time`, `update_time`, `is_deleted`) VALUES (26, 20, '', 2, NULL, NULL, 'bnt.sysDept.remove', NULL, 1, 1, '2022-05-25 15:31:59', '2022-06-09 09:22:38', 0);
INSERT INTO `sys_menu` (`id`, `parent_id`, `name`, `type`, `path`, `component`, `perms`, `icon`, `sort_value`, `status`, `create_time`, `update_time`, `is_deleted`) VALUES (27, 22, '', 2, NULL, NULL, 'bnt.sysPost.add', NULL, 1, 1, '2022-05-25 15:32:44', '2022-06-09 09:22:38', 0);
INSERT INTO `sys_menu` (`id`, `parent_id`, `name`, `type`, `path`, `component`, `perms`, `icon`, `sort_value`, `status`, `create_time`, `update_time`, `is_deleted`) VALUES (28, 22, '', 2, NULL, NULL, 'bnt.sysPost.update', NULL, 1, 1, '2022-05-25 15:32:58', '2022-06-09 09:22:38', 0);
INSERT INTO `sys_menu` (`id`, `parent_id`, `name`, `type`, `path`, `component`, `perms`, `icon`, `sort_value`, `status`, `create_time`, `update_time`, `is_deleted`) VALUES (29, 22, '', 2, NULL, NULL, 'bnt.sysPost.remove', NULL, 1, 1, '2022-05-25 15:33:11', '2022-06-09 09:22:38', 0);
INSERT INTO `sys_menu` (`id`, `parent_id`, `name`, `type`, `path`, `component`, `perms`, `icon`, `sort_value`, `status`, `create_time`, `update_time`, `is_deleted`) VALUES (30, 34, '', 1, 'sysOperLog', 'system/sysOperLog/list', '', 'el-icon-document-remove', 7, 1, '2022-05-26 16:09:59', '2022-06-09 09:39:23', 0);
INSERT INTO `sys_menu` (`id`, `parent_id`, `name`, `type`, `path`, `component`, `perms`, `icon`, `sort_value`, `status`, `create_time`, `update_time`, `is_deleted`) VALUES (31, 30, '', 2, NULL, NULL, 'bnt.sysOperLog.list', NULL, 1, 1, '2022-05-26 16:10:17', '2022-06-09 09:22:38', 0);
INSERT INTO `sys_menu` (`id`, `parent_id`, `name`, `type`, `path`, `component`, `perms`, `icon`, `sort_value`, `status`, `create_time`, `update_time`, `is_deleted`) VALUES (32, 34, '', 1, 'sysLoginLog', 'system/sysLoginLog/list', '', 'el-icon-s-goods', 8, 1, '2022-05-26 16:36:13', '2022-06-09 09:39:24', 0);
INSERT INTO `sys_menu` (`id`, `parent_id`, `name`, `type`, `path`, `component`, `perms`, `icon`, `sort_value`, `status`, `create_time`, `update_time`, `is_deleted`) VALUES (33, 32, '', 2, NULL, NULL, 'bnt.sysLoginLog.list', NULL, 1, 1, '2022-05-26 16:36:31', '2022-06-09 09:36:36', 0);
INSERT INTO `sys_menu` (`id`, `parent_id`, `name`, `type`, `path`, `component`, `perms`, `icon`, `sort_value`, `status`, `create_time`, `update_time`, `is_deleted`) VALUES (34, 2, '', 0, 'log', 'ParentView', '', 'el-icon-tickets', 6, 1, '2022-05-31 13:23:07', '2022-06-09 09:39:22', 0);
INSERT INTO `sys_menu` (`id`, `parent_id`, `name`, `type`, `path`, `component`, `perms`, `icon`, `sort_value`, `status`, `create_time`, `update_time`, `is_deleted`) VALUES (35, 0, '', 0, 'processSet', 'Layout', '', 'el-icon-setting', 1, 1, '2022-12-01 09:32:46', '2022-12-01 09:32:46', 0);
INSERT INTO `sys_menu` (`id`, `parent_id`, `name`, `type`, `path`, `component`, `perms`, `icon`, `sort_value`, `status`, `create_time`, `update_time`, `is_deleted`) VALUES (36, 35, '', 1, 'processTemplate', 'processSet/processTemplate/list', '', 'el-icon-s-help', 2, 1, '2022-12-01 09:37:08', '2022-12-19 14:10:48', 0);
INSERT INTO `sys_menu` (`id`, `parent_id`, `name`, `type`, `path`, `component`, `perms`, `icon`, `sort_value`, `status`, `create_time`, `update_time`, `is_deleted`) VALUES (37, 36, '', 2, '', '', 'bnt.processTemplate.list', '', 1, 1, '2022-12-01 09:37:49', '2022-12-01 09:37:49', 0);
INSERT INTO `sys_menu` (`id`, `parent_id`, `name`, `type`, `path`, `component`, `perms`, `icon`, `sort_value`, `status`, `create_time`, `update_time`, `is_deleted`) VALUES (38, 36, '', 2, 'templateSet', 'processSet/processTemplate/templateSet', 'bnt.processTemplate.templateSet', '', 1, 1, '2022-12-01 14:52:08', '2022-12-13 18:11:56', 0);
INSERT INTO `sys_menu` (`id`, `parent_id`, `name`, `type`, `path`, `component`, `perms`, `icon`, `sort_value`, `status`, `create_time`, `update_time`, `is_deleted`) VALUES (39, 35, '', 1, 'processType', 'processSet/processType/list', '', 'el-icon-s-unfold', 1, 1, '2022-12-02 14:46:18', '2022-12-13 18:12:24', 0);
INSERT INTO `sys_menu` (`id`, `parent_id`, `name`, `type`, `path`, `component`, `perms`, `icon`, `sort_value`, `status`, `create_time`, `update_time`, `is_deleted`) VALUES (40, 39, '', 2, '', '', 'bnt.processType.list', '', 1, 1, '2022-12-02 14:46:41', '2022-12-02 14:46:41', 0);
INSERT INTO `sys_menu` (`id`, `parent_id`, `name`, `type`, `path`, `component`, `perms`, `icon`, `sort_value`, `status`, `create_time`, `update_time`, `is_deleted`) VALUES (41, 0, '', 0, 'processMgr', 'Layout', '', 'el-icon-more-outline', 1, 1, '2022-12-02 14:48:11', '2022-12-20 09:29:30', 0);
INSERT INTO `sys_menu` (`id`, `parent_id`, `name`, `type`, `path`, `component`, `perms`, `icon`, `sort_value`, `status`, `create_time`, `update_time`, `is_deleted`) VALUES (42, 41, '', 1, 'process', 'processMgr/process/list', '', 'el-icon-document-remove', 1, 1, '2022-12-02 14:49:06', '2022-12-02 14:59:17', 0);
INSERT INTO `sys_menu` (`id`, `parent_id`, `name`, `type`, `path`, `component`, `perms`, `icon`, `sort_value`, `status`, `create_time`, `update_time`, `is_deleted`) VALUES (43, 42, '', 2, '', '', 'bnt.process.list', '', 1, 1, '2022-12-02 14:49:24', '2022-12-02 14:49:24', 0);
INSERT INTO `sys_menu` (`id`, `parent_id`, `name`, `type`, `path`, `component`, `perms`, `icon`, `sort_value`, `status`, `create_time`, `update_time`, `is_deleted`) VALUES (44, 36, '', 2, 'onlineProcessSet', 'processSet/processTemplate/onlineProcessSet', 'bnt.processTemplate.onlineProcessSet', '', 1, 1, '2022-12-08 10:13:15', '2022-12-19 18:57:35', 0);
INSERT INTO `sys_menu` (`id`, `parent_id`, `name`, `type`, `path`, `component`, `perms`, `icon`, `sort_value`, `status`, `create_time`, `update_time`, `is_deleted`) VALUES (45, 39, '', 2, '', '', 'bnt.processType.add', '', 1, 1, '2022-12-09 09:14:53', '2022-12-09 09:14:53', 0);
INSERT INTO `sys_menu` (`id`, `parent_id`, `name`, `type`, `path`, `component`, `perms`, `icon`, `sort_value`, `status`, `create_time`, `update_time`, `is_deleted`) VALUES (46, 39, '', 2, '', '', 'bnt.processType.update', '', 1, 1, '2022-12-09 09:15:10', '2022-12-09 09:15:10', 0);
INSERT INTO `sys_menu` (`id`, `parent_id`, `name`, `type`, `path`, `component`, `perms`, `icon`, `sort_value`, `status`, `create_time`, `update_time`, `is_deleted`) VALUES (47, 39, '', 2, '', '', 'bnt.processType.remove', '', 1, 1, '2022-12-09 09:15:25', '2022-12-09 09:15:25', 0);
INSERT INTO `sys_menu` (`id`, `parent_id`, `name`, `type`, `path`, `component`, `perms`, `icon`, `sort_value`, `status`, `create_time`, `update_time`, `is_deleted`) VALUES (48, 36, '', 2, '', '', 'bnt.processTemplate.remove', '', 1, 1, '2022-12-09 09:22:29', '2022-12-09 09:22:29', 0);
INSERT INTO `sys_menu` (`id`, `parent_id`, `name`, `type`, `path`, `component`, `perms`, `icon`, `sort_value`, `status`, `create_time`, `update_time`, `is_deleted`) VALUES (49, 36, '', 2, '', '', 'bnt.processTemplate.publish', '', 1, 1, '2022-12-09 09:24:47', '2022-12-09 09:24:47', 0);
INSERT INTO `sys_menu` (`id`, `parent_id`, `name`, `type`, `path`, `component`, `perms`, `icon`, `sort_value`, `status`, `create_time`, `update_time`, `is_deleted`) VALUES (50, 0, '', 0, 'wechat', 'Layout', '', 'el-icon-s-operation', 1, 1, '2022-12-13 09:06:58', '2022-12-21 11:20:55', 0);
INSERT INTO `sys_menu` (`id`, `parent_id`, `name`, `type`, `path`, `component`, `perms`, `icon`, `sort_value`, `status`, `create_time`, `update_time`, `is_deleted`) VALUES (51, 50, '', 1, 'menu', 'wechat/menu/list', '', 'el-icon-s-help', 1, 1, '2022-12-13 09:07:52', '2022-12-13 09:09:49', 0);
INSERT INTO `sys_menu` (`id`, `parent_id`, `name`, `type`, `path`, `component`, `perms`, `icon`, `sort_value`, `status`, `create_time`, `update_time`, `is_deleted`) VALUES (52, 51, '', 2, '', '', 'bnt.menu.list', '', 1, 1, '2022-12-13 09:08:48', '2022-12-13 17:58:23', 0);
INSERT INTO `sys_menu` (`id`, `parent_id`, `name`, `type`, `path`, `component`, `perms`, `icon`, `sort_value`, `status`, `create_time`, `update_time`, `is_deleted`) VALUES (53, 51, '', 2, '', '', 'bnt.menu.add', '', 1, 1, '2022-12-13 16:29:25', '2022-12-13 17:58:34', 0);
INSERT INTO `sys_menu` (`id`, `parent_id`, `name`, `type`, `path`, `component`, `perms`, `icon`, `sort_value`, `status`, `create_time`, `update_time`, `is_deleted`) VALUES (54, 51, '', 2, '', '', 'bnt.menu.update', '', 1, 1, '2022-12-13 16:29:41', '2022-12-13 17:58:42', 0);
INSERT INTO `sys_menu` (`id`, `parent_id`, `name`, `type`, `path`, `component`, `perms`, `icon`, `sort_value`, `status`, `create_time`, `update_time`, `is_deleted`) VALUES (55, 51, '', 2, '', '', 'bnt.menu.remove', '', 1, 1, '2022-12-13 16:29:59', '2022-12-13 17:58:47', 0);
INSERT INTO `sys_menu` (`id`, `parent_id`, `name`, `type`, `path`, `component`, `perms`, `icon`, `sort_value`, `status`, `create_time`, `update_time`, `is_deleted`) VALUES (56, 51, '', 2, '', '', 'bnt.menu.removeMenu', '', 1, 1, '2022-12-13 16:30:36', '2022-12-13 17:58:54', 0);
INSERT INTO `sys_menu` (`id`, `parent_id`, `name`, `type`, `path`, `component`, `perms`, `icon`, `sort_value`, `status`, `create_time`, `update_time`, `is_deleted`) VALUES (57, 51, '', 2, '', '', 'bnt.menu.syncMenu', '', 1, 1, '2022-12-13 16:31:00', '2022-12-13 17:59:01', 0);
INSERT INTO `sys_menu` (`id`, `parent_id`, `name`, `type`, `path`, `component`, `perms`, `icon`, `sort_value`, `status`, `create_time`, `update_time`, `is_deleted`) VALUES (58, 0, 'test', 0, '', 'Layout', '', '', 1, 1, '2023-06-10 02:58:42', '2023-06-10 02:59:25', 1);
INSERT INTO `sys_menu` (`id`, `parent_id`, `name`, `type`, `path`, `component`, `perms`, `icon`, `sort_value`, `status`, `create_time`, `update_time`, `is_deleted`) VALUES (59, 58, 'test12', 1, '', '', '', '', 1, 1, '2023-06-10 02:58:55', '2023-06-10 02:59:23', 1);
INSERT INTO `sys_menu` (`id`, `parent_id`, `name`, `type`, `path`, `component`, `perms`, `icon`, `sort_value`, `status`, `create_time`, `update_time`, `is_deleted`) VALUES (60, 59, 'test23', 2, '', '', '', '', 1, 1, '2023-06-10 02:59:05', '2023-06-10 02:59:18', 1);
COMMIT;

-- ----------------------------
-- Table structure for sys_oper_log
-- ----------------------------
DROP TABLE IF EXISTS `sys_oper_log`;
CREATE TABLE `sys_oper_log` (
  `id` bigint NOT NULL AUTO_INCREMENT COMMENT '',
  `title` varchar(50) DEFAULT '' COMMENT '',
  `business_type` varchar(20) DEFAULT '0' COMMENT '0 1 2 3',
  `method` varchar(100) DEFAULT '' COMMENT '',
  `request_method` varchar(10) DEFAULT '' COMMENT '',
  `operator_type` varchar(20) DEFAULT '0' COMMENT '0 1 2',
  `oper_name` varchar(50) DEFAULT '' COMMENT '',
  `dept_name` varchar(50) DEFAULT '' COMMENT '',
  `oper_url` varchar(255) DEFAULT '' COMMENT 'URL',
  `oper_ip` varchar(128) DEFAULT '' COMMENT '',
  `oper_param` varchar(2000) DEFAULT '' COMMENT '',
  `json_result` varchar(2000) DEFAULT '' COMMENT '',
  `status` int DEFAULT '0' COMMENT '0 1',
  `error_msg` varchar(2000) DEFAULT '' COMMENT '',
  `oper_time` datetime DEFAULT NULL COMMENT '',
  `create_time` timestamp NOT NULL DEFAULT CURRENT_TIMESTAMP ON UPDATE CURRENT_TIMESTAMP,
  `update_time` timestamp NULL DEFAULT NULL ON UPDATE CURRENT_TIMESTAMP,
  `is_deleted` tinyint NOT NULL DEFAULT '0' COMMENT '0: 1:',
  PRIMARY KEY (`id`)
) ENGINE=InnoDB AUTO_INCREMENT=98 DEFAULT CHARSET=utf8mb3 COMMENT='';

-- ----------------------------
-- Records of sys_oper_log
-- ----------------------------
BEGIN;
INSERT INTO `sys_oper_log` (`id`, `title`, `business_type`, `method`, `request_method`, `operator_type`, `oper_name`, `dept_name`, `oper_url`, `oper_ip`, `oper_param`, `json_result`, `status`, `error_msg`, `oper_time`, `create_time`, `update_time`, `is_deleted`) VALUES (1, '', '1', 'com.atguigu.auth.controller.SysRoleController.save()', 'POST', '1', 'admin', '', '/admin/auth/sysRole/save', '', '{\"param\":{},\"roleCode\":\"\",\"roleName\":\"test\",\"id\":5}', '{\"code\":200,\"message\":\"\"}', 0, '', NULL, '2022-05-26 15:59:44', NULL, 0);
INSERT INTO `sys_oper_log` (`id`, `title`, `business_type`, `method`, `request_method`, `operator_type`, `oper_name`, `dept_name`, `oper_url`, `oper_ip`, `oper_param`, `json_result`, `status`, `error_msg`, `oper_time`, `create_time`, `update_time`, `is_deleted`) VALUES (2, '', 'DELETE', 'com.atguigu.auth.controller.SysRoleController.remove()', 'DELETE', 'MANAGE', 'admin', '', '/admin/auth/sysRole/remove/5', '', '', '{\"code\":200,\"message\":\"\"}', 0, '', NULL, '2022-05-26 16:05:27', NULL, 0);
INSERT INTO `sys_oper_log` (`id`, `title`, `business_type`, `method`, `request_method`, `operator_type`, `oper_name`, `dept_name`, `oper_url`, `oper_ip`, `oper_param`, `json_result`, `status`, `error_msg`, `oper_time`, `create_time`, `update_time`, `is_deleted`) VALUES (3, '', 'DELETE', 'com.atguigu.auth.controller.SysRoleController.remove()', 'DELETE', 'MANAGE', 'admin', '', '/admin/auth/sysRole/remove/4', '127.0.0.1', '', '{\"code\":200,\"message\":\"\"}', 1, '', NULL, '2022-05-26 16:52:40', NULL, 0);
INSERT INTO `sys_oper_log` (`id`, `title`, `business_type`, `method`, `request_method`, `operator_type`, `oper_name`, `dept_name`, `oper_url`, `oper_ip`, `oper_param`, `json_result`, `status`, `error_msg`, `oper_time`, `create_time`, `update_time`, `is_deleted`) VALUES (4, '', 'UPDATE', 'com.atguigu.auth.controller.SysRoleController.updateById()', 'PUT', 'MANAGE', 'admin', '', '/admin/auth/sysRole/update', '127.0.0.1', '{\"isDeleted\":0,\"createTime\":1622507920000,\"param\":{},\"roleCode\":\"\",\"roleName\":\"\",\"description\":\"\",\"updateTime\":1645670566000,\"id\":2}', '{\"code\":200,\"message\":\"\"}', 1, '', NULL, '2022-05-27 08:47:54', NULL, 0);
INSERT INTO `sys_oper_log` (`id`, `title`, `business_type`, `method`, `request_method`, `operator_type`, `oper_name`, `dept_name`, `oper_url`, `oper_ip`, `oper_param`, `json_result`, `status`, `error_msg`, `oper_time`, `create_time`, `update_time`, `is_deleted`) VALUES (5, '', 'UPDATE', 'com.atguigu.auth.controller.SysMenuController.updateById()', 'PUT', 'MANAGE', 'admin', '', '/admin/auth/sysMenu/update', '127.0.0.1', '{\"code\":\"SysRole\",\"select\":false,\"level\":3,\"updateTime\":1653287810000,\"type\":1,\"parentId\":2,\"isDeleted\":0,\"children\":[{\"code\":\"btn.SysRole.list\",\"select\":false,\"level\":4,\"updateTime\":1622460772000,\"type\":2,\"parentId\":4,\"isDeleted\":0,\"children\":[],\"createTime\":1622455537000,\"param\":{},\"name\":\"\",\"id\":10},{\"code\":\"btn.SysRole.add\",\"select\":false,\"level\":4,\"updateTime\":1653547976000,\"type\":2,\"parentId\":4,\"isDeleted\":0,\"children\":[],\"createTime\":1622455537000,\"param\":{},\"name\":\"\",\"id\":11},{\"code\":\"btn.SysRole.update\",\"select\":false,\"level\":4,\"updateTime\":1653547981000,\"type\":2,\"parentId\":4,\"isDeleted\":0,\"children\":[],\"createTime\":1622455537000,\"param\":{},\"name\":\"\",\"id\":12},{\"code\":\"btn.SysRole.remove\",\"select\":false,\"level\":4,\"updateTime\":1622507874000,\"type\":2,\"parentId\":4,\"isDeleted\":0,\"children\":[],\"createTime\":1622455537000,\"param\":{},\"name\":\"\",\"id\":13},{\"code\":\"btn.SysRole.assignAuth\",\"select\":false,\"level\":4,\"toCode\":\"AssignAuth\",\"updateTime\":1653376735000,\"type\":2,\"parentId\":4,\"isDeleted\":0,\"children\":[],\"createTime\":1653297494000,\"param\":{},\"name\":\"\",\"id\":19}],\"createTime\":1622455537000,\"param\":{},\"name\":\"\",\"id\":4}', '{\"code\":200,\"message\":\"\"}', 1, '', NULL, '2022-05-27 08:48:08', NULL, 0);
INSERT INTO `sys_oper_log` (`id`, `title`, `business_type`, `method`, `request_method`, `operator_type`, `oper_name`, `dept_name`, `oper_url`, `oper_ip`, `oper_param`, `json_result`, `status`, `error_msg`, `oper_time`, `create_time`, `update_time`, `is_deleted`) VALUES (6, '', 'UPDATE', 'com.atguigu.auth.controller.SysPostController.updateById()', 'PUT', 'MANAGE', 'admin', '', '/admin/auth/sysPost/update', '127.0.0.1', '{\"isDeleted\":0,\"createTime\":1653359648000,\"param\":{},\"name\":\"\",\"description\":\"2\",\"postCode\":\"zjl\",\"id\":6,\"status\":1}', '{\"code\":200,\"message\":\"\"}', 1, '', NULL, '2022-05-27 08:56:29', NULL, 0);
INSERT INTO `sys_oper_log` (`id`, `title`, `business_type`, `method`, `request_method`, `operator_type`, `oper_name`, `dept_name`, `oper_url`, `oper_ip`, `oper_param`, `json_result`, `status`, `error_msg`, `oper_time`, `create_time`, `update_time`, `is_deleted`) VALUES (7, '', 'INSERT', 'com.atguigu.auth.controller.SysPostController.save()', 'POST', 'MANAGE', 'admin', '', '/admin/auth/sysPost/save', '127.0.0.1', '{\"param\":{},\"name\":\"\",\"description\":\"\",\"postCode\":\"wz\",\"id\":7,\"status\":1}', '{\"code\":200,\"message\":\"\"}', 1, '', NULL, '2022-05-27 08:56:37', NULL, 0);
INSERT INTO `sys_oper_log` (`id`, `title`, `business_type`, `method`, `request_method`, `operator_type`, `oper_name`, `dept_name`, `oper_url`, `oper_ip`, `oper_param`, `json_result`, `status`, `error_msg`, `oper_time`, `create_time`, `update_time`, `is_deleted`) VALUES (8, '', 'DELETE', 'com.atguigu.auth.controller.SysPostController.remove()', 'DELETE', 'MANAGE', 'admin', '', '/admin/auth/sysPost/remove/7', '127.0.0.1', '', '{\"code\":200,\"message\":\"\"}', 1, '', NULL, '2022-05-27 08:56:41', NULL, 0);
INSERT INTO `sys_oper_log` (`id`, `title`, `business_type`, `method`, `request_method`, `operator_type`, `oper_name`, `dept_name`, `oper_url`, `oper_ip`, `oper_param`, `json_result`, `status`, `error_msg`, `oper_time`, `create_time`, `update_time`, `is_deleted`) VALUES (9, '', 'UPDATE', 'com.atguigu.auth.controller.SysMenuController.updateById()', 'PUT', 'MANAGE', 'admin', '', '/admin/auth/sysMenu/update', '127.0.0.1', '{\"code\":\"btn.sysDept.list\",\"select\":false,\"level\":4,\"toCode\":\"\",\"updateTime\":1653358064000,\"type\":2,\"parentId\":20,\"isDeleted\":0,\"children\":[],\"createTime\":1653358064000,\"param\":{},\"name\":\"\",\"id\":21}', '{\"code\":200,\"message\":\"\"}', 1, '', NULL, '2022-05-27 09:02:49', NULL, 0);
INSERT INTO `sys_oper_log` (`id`, `title`, `business_type`, `method`, `request_method`, `operator_type`, `oper_name`, `dept_name`, `oper_url`, `oper_ip`, `oper_param`, `json_result`, `status`, `error_msg`, `oper_time`, `create_time`, `update_time`, `is_deleted`) VALUES (10, '', 'UPDATE', 'com.atguigu.auth.controller.SysMenuController.updateById()', 'PUT', 'MANAGE', 'admin', '', '/admin/auth/sysMenu/update', '127.0.0.1', '{\"code\":\"btn.sysDept.add\",\"select\":false,\"level\":4,\"toCode\":\"\",\"updateTime\":1653463887000,\"type\":2,\"parentId\":20,\"isDeleted\":0,\"children\":[],\"createTime\":1653463887000,\"param\":{},\"name\":\"\",\"id\":24}', '{\"code\":200,\"message\":\"\"}', 1, '', NULL, '2022-05-27 09:02:55', NULL, 0);
INSERT INTO `sys_oper_log` (`id`, `title`, `business_type`, `method`, `request_method`, `operator_type`, `oper_name`, `dept_name`, `oper_url`, `oper_ip`, `oper_param`, `json_result`, `status`, `error_msg`, `oper_time`, `create_time`, `update_time`, `is_deleted`) VALUES (11, '', 'UPDATE', 'com.atguigu.auth.controller.SysMenuController.updateById()', 'PUT', 'MANAGE', 'admin', '', '/admin/auth/sysMenu/update', '127.0.0.1', '{\"code\":\"btn.sysDept.update\",\"select\":false,\"level\":4,\"toCode\":\"\",\"updateTime\":1653463901000,\"type\":2,\"parentId\":20,\"isDeleted\":0,\"children\":[],\"createTime\":1653463901000,\"param\":{},\"name\":\"\",\"id\":25}', '{\"code\":200,\"message\":\"\"}', 1, '', NULL, '2022-05-27 09:03:01', NULL, 0);
INSERT INTO `sys_oper_log` (`id`, `title`, `business_type`, `method`, `request_method`, `operator_type`, `oper_name`, `dept_name`, `oper_url`, `oper_ip`, `oper_param`, `json_result`, `status`, `error_msg`, `oper_time`, `create_time`, `update_time`, `is_deleted`) VALUES (12, '', 'UPDATE', 'com.atguigu.auth.controller.SysMenuController.updateById()', 'PUT', 'MANAGE', 'admin', '', '/admin/auth/sysMenu/update', '127.0.0.1', '{\"code\":\"btn.sysDept.remove\",\"select\":false,\"level\":4,\"toCode\":\"\",\"updateTime\":1653463919000,\"type\":2,\"parentId\":20,\"isDeleted\":0,\"children\":[],\"createTime\":1653463919000,\"param\":{},\"name\":\"\",\"id\":26}', '{\"code\":200,\"message\":\"\"}', 1, '', NULL, '2022-05-27 09:03:07', NULL, 0);
INSERT INTO `sys_oper_log` (`id`, `title`, `business_type`, `method`, `request_method`, `operator_type`, `oper_name`, `dept_name`, `oper_url`, `oper_ip`, `oper_param`, `json_result`, `status`, `error_msg`, `oper_time`, `create_time`, `update_time`, `is_deleted`) VALUES (13, '', 'UPDATE', 'com.atguigu.auth.controller.SysDeptController.updateById()', 'PUT', 'MANAGE', 'admin', '', '/admin/auth/sysDept/update', '127.0.0.1', '{\"leader\":\"\",\"updateTime\":1653447072000,\"parentId\":2012,\"sortValue\":1,\"isDeleted\":0,\"createTime\":1653447072000,\"param\":{},\"phone\":\"15090909909\",\"name\":\"Java\",\"id\":2016,\"treePath\":\",1,20,2012,2012,\",\"status\":1}', '{\"code\":200,\"message\":\"\"}', 1, '', NULL, '2022-05-27 09:11:28', NULL, 0);
INSERT INTO `sys_oper_log` (`id`, `title`, `business_type`, `method`, `request_method`, `operator_type`, `oper_name`, `dept_name`, `oper_url`, `oper_ip`, `oper_param`, `json_result`, `status`, `error_msg`, `oper_time`, `create_time`, `update_time`, `is_deleted`) VALUES (14, '', 'INSERT', 'com.atguigu.auth.controller.SysDeptController.save()', 'POST', 'MANAGE', 'admin', '', '/admin/auth/sysDept/save', '127.0.0.1', '{\"leader\":\"\",\"parentId\":2012,\"param\":{},\"phone\":\"15090980989\",\"name\":\"\",\"id\":2017,\"treePath\":\",1,20,2012,2012,\"}', '{\"code\":200,\"message\":\"\"}', 1, '', NULL, '2022-05-27 09:11:54', NULL, 0);
INSERT INTO `sys_oper_log` (`id`, `title`, `business_type`, `method`, `request_method`, `operator_type`, `oper_name`, `dept_name`, `oper_url`, `oper_ip`, `oper_param`, `json_result`, `status`, `error_msg`, `oper_time`, `create_time`, `update_time`, `is_deleted`) VALUES (15, '', 'UPDATE', 'com.atguigu.auth.controller.SysDeptController.updateById()', 'PUT', 'MANAGE', 'admin', '', '/admin/auth/sysDept/update', '127.0.0.1', '{\"leader\":\"\",\"parentId\":2012,\"sortValue\":1,\"isDeleted\":0,\"createTime\":1653613914000,\"param\":{},\"phone\":\"15090980989\",\"name\":\"\",\"id\":2017,\"treePath\":\",1,20,2012,2012,\",\"status\":1}', '{\"code\":200,\"message\":\"\"}', 1, '', NULL, '2022-05-27 09:16:38', NULL, 0);
INSERT INTO `sys_oper_log` (`id`, `title`, `business_type`, `method`, `request_method`, `operator_type`, `oper_name`, `dept_name`, `oper_url`, `oper_ip`, `oper_param`, `json_result`, `status`, `error_msg`, `oper_time`, `create_time`, `update_time`, `is_deleted`) VALUES (16, '', 'UPDATE', 'com.atguigu.auth.controller.SysRoleController.updateById()', 'PUT', 'MANAGE', 'admin', '', '/admin/auth/sysRole/update', '127.0.0.1', '{\"isDeleted\":0,\"createTime\":1622507920000,\"param\":{},\"roleCode\":\"COMMON\",\"roleName\":\"\",\"description\":\"\",\"updateTime\":1645670566000,\"id\":2}', '{\"code\":200,\"message\":\"\"}', 1, '', NULL, '2022-05-27 09:28:15', NULL, 0);
INSERT INTO `sys_oper_log` (`id`, `title`, `business_type`, `method`, `request_method`, `operator_type`, `oper_name`, `dept_name`, `oper_url`, `oper_ip`, `oper_param`, `json_result`, `status`, `error_msg`, `oper_time`, `create_time`, `update_time`, `is_deleted`) VALUES (17, '', 'INSERT', 'com.atguigu.auth.controller.SysRoleController.save()', 'POST', 'MANAGE', 'admin', '', '/admin/auth/sysRole/save', '127.0.0.1', '{\"param\":{},\"roleCode\":\"\",\"roleName\":\"\",\"id\":6}', '{\"code\":200,\"message\":\"\"}', 1, '', NULL, '2022-05-27 10:42:18', NULL, 0);
INSERT INTO `sys_oper_log` (`id`, `title`, `business_type`, `method`, `request_method`, `operator_type`, `oper_name`, `dept_name`, `oper_url`, `oper_ip`, `oper_param`, `json_result`, `status`, `error_msg`, `oper_time`, `create_time`, `update_time`, `is_deleted`) VALUES (18, '', 'UPDATE', 'com.atguigu.auth.controller.SysRoleController.updateById()', 'PUT', 'MANAGE', 'admin', '', '/admin/auth/sysRole/update', '127.0.0.1', '{\"isDeleted\":0,\"createTime\":1653619337000,\"param\":{},\"roleCode\":\"\",\"roleName\":\"\",\"updateTime\":1653619337000,\"id\":6}', '{\"code\":200,\"message\":\"\"}', 1, '', NULL, '2022-05-27 10:43:59', NULL, 0);
INSERT INTO `sys_oper_log` (`id`, `title`, `business_type`, `method`, `request_method`, `operator_type`, `oper_name`, `dept_name`, `oper_url`, `oper_ip`, `oper_param`, `json_result`, `status`, `error_msg`, `oper_time`, `create_time`, `update_time`, `is_deleted`) VALUES (19, '', 'UPDATE', 'com.atguigu.auth.controller.SysMenuController.updateById()', 'PUT', 'MANAGE', 'admin', '', '/admin/auth/sysMenu/update', '127.0.0.1', '{\"code\":\"sysUser\",\"select\":false,\"level\":3,\"updateTime\":1653957062000,\"type\":1,\"parentId\":2,\"path\":\"sysUser/list\",\"sortValue\":1,\"component\":\"auth/sysUser/list\",\"isDeleted\":0,\"children\":[{\"code\":\"bnt.sysUser.list\",\"select\":false,\"level\":4,\"updateTime\":1653957062000,\"type\":2,\"parentId\":3,\"isDeleted\":0,\"children\":[],\"createTime\":1622455537000,\"param\":{},\"name\":\"\",\"id\":6,\"status\":1},{\"code\":\"bnt.sysUser.add\",\"select\":false,\"level\":4,\"updateTime\":1653957062000,\"type\":2,\"parentId\":3,\"isDeleted\":0,\"children\":[],\"createTime\":1622455537000,\"param\":{},\"name\":\"\",\"id\":7,\"status\":1},{\"code\":\"bnt.sysUser.update\",\"select\":false,\"level\":4,\"updateTime\":1653957062000,\"type\":2,\"parentId\":3,\"isDeleted\":0,\"children\":[],\"createTime\":1622455537000,\"param\":{},\"name\":\"\",\"id\":8,\"status\":1},{\"code\":\"bnt.sysUser.remove\",\"select\":false,\"level\":4,\"updateTime\":1653957062000,\"type\":2,\"parentId\":3,\"isDeleted\":0,\"children\":[],\"createTime\":1622455537000,\"param\":{},\"name\":\"\",\"id\":9,\"status\":1},{\"code\":\"bnt.sysUser.assignRole\",\"select\":false,\"level\":4,\"toCode\":\"\",\"updateTime\":1653957062000,\"type\":2,\"parentId\":3,\"isDeleted\":0,\"children\":[],\"createTime\":1653297272000,\"param\":{},\"name\":\"\",\"id\":18,\"status\":1}],\"createTime\":1622455537000,\"param\":{},\"name\":\"\",\"perms\":\"bnt.sysUser.list\",\"id\":3,\"status\":1}', '{\"code\":200,\"message\":\"\"}', 1, '', NULL, '2022-05-31 09:14:26', NULL, 0);
INSERT INTO `sys_oper_log` (`id`, `title`, `business_type`, `method`, `request_method`, `operator_type`, `oper_name`, `dept_name`, `oper_url`, `oper_ip`, `oper_param`, `json_result`, `status`, `error_msg`, `oper_time`, `create_time`, `update_time`, `is_deleted`) VALUES (20, '', 'UPDATE', 'com.atguigu.auth.controller.SysMenuController.updateById()', 'PUT', 'MANAGE', 'admin', '', '/admin/auth/sysMenu/update', '127.0.0.1', '{\"code\":\"sysRole\",\"select\":false,\"level\":3,\"updateTime\":1653957062000,\"type\":1,\"parentId\":2,\"path\":\"sysRole/list\",\"sortValue\":0,\"component\":\"auth/sysRole/list\",\"isDeleted\":0,\"children\":[{\"code\":\"bnt.sysRole.list\",\"select\":false,\"level\":4,\"updateTime\":1653959708000,\"type\":2,\"parentId\":4,\"isDeleted\":0,\"children\":[],\"createTime\":1622455537000,\"param\":{},\"name\":\"\",\"perms\":\"bnt.sysRole.list\",\"id\":10,\"status\":1},{\"code\":\"bnt.sysRole.add\",\"select\":false,\"level\":4,\"updateTime\":1653959708000,\"type\":2,\"parentId\":4,\"isDeleted\":0,\"children\":[],\"createTime\":1622455537000,\"param\":{},\"name\":\"\",\"perms\":\"bnt.sysRole.add\",\"id\":11,\"status\":1},{\"code\":\"bnt.sysRole.update\",\"select\":false,\"level\":4,\"updateTime\":1653959708000,\"type\":2,\"parentId\":4,\"isDeleted\":0,\"children\":[],\"createTime\":1622455537000,\"param\":{},\"name\":\"\",\"perms\":\"bnt.sysRole.update\",\"id\":12,\"status\":1},{\"code\":\"bnt.sysRole.remove\",\"select\":false,\"level\":4,\"updateTime\":1653959708000,\"type\":2,\"parentId\":4,\"isDeleted\":0,\"children\":[],\"createTime\":1622455537000,\"param\":{},\"name\":\"\",\"perms\":\"bnt.sysRole.remove\",\"id\":13,\"status\":1},{\"code\":\"bnt.sysRole.assignAuth\",\"select\":false,\"level\":4,\"toCode\":\"assignAuth\",\"updateTime\":1653959708000,\"type\":2,\"parentId\":4,\"isDeleted\":0,\"children\":[],\"createTime\":1653297494000,\"param\":{},\"name\":\"\",\"perms\":\"bnt.sysRole.assignAuth\",\"id\":19,\"status\":1}],\"createTime\":1622455537000,\"param\":{},\"name\":\"\",\"perms\":\" bnt.sysRole.list\",\"id\":4,\"status\":1}', '{\"code\":200,\"message\":\"\"}', 1, '', NULL, '2022-05-31 09:18:12', NULL, 0);
INSERT INTO `sys_oper_log` (`id`, `title`, `business_type`, `method`, `request_method`, `operator_type`, `oper_name`, `dept_name`, `oper_url`, `oper_ip`, `oper_param`, `json_result`, `status`, `error_msg`, `oper_time`, `create_time`, `update_time`, `is_deleted`) VALUES (21, '', 'UPDATE', 'com.atguigu.auth.controller.SysMenuController.updateById()', 'PUT', 'MANAGE', 'admin', '', '/admin/auth/sysMenu/update', '127.0.0.1', '{\"code\":\"sysMenu\",\"select\":false,\"level\":3,\"updateTime\":1653957062000,\"type\":1,\"parentId\":2,\"path\":\"sysMenu/list\",\"sortValue\":0,\"component\":\"auth/sysMenu/list\",\"isDeleted\":0,\"children\":[{\"code\":\"bnt.sysMenu.list\",\"select\":false,\"level\":4,\"updateTime\":1653959708000,\"type\":2,\"parentId\":5,\"isDeleted\":0,\"children\":[],\"createTime\":1622455537000,\"param\":{},\"name\":\"\",\"perms\":\"bnt.sysMenu.list\",\"id\":14,\"status\":1},{\"code\":\"bnt.sysMenu.add\",\"select\":false,\"level\":4,\"updateTime\":1653959708000,\"type\":2,\"parentId\":5,\"isDeleted\":0,\"children\":[],\"createTime\":1622455537000,\"param\":{},\"name\":\"\",\"perms\":\"bnt.sysMenu.add\",\"id\":15,\"status\":1},{\"code\":\"bnt.sysMenu.update\",\"select\":false,\"level\":4,\"updateTime\":1653959708000,\"type\":2,\"parentId\":5,\"isDeleted\":0,\"children\":[],\"createTime\":1622455537000,\"param\":{},\"name\":\"\",\"perms\":\"bnt.sysMenu.update\",\"id\":16,\"status\":1},{\"code\":\"bnt.sysMenu.remove\",\"select\":false,\"level\":4,\"updateTime\":1653959708000,\"type\":2,\"parentId\":5,\"isDeleted\":0,\"children\":[],\"createTime\":1622455537000,\"param\":{},\"name\":\"\",\"perms\":\"bnt.sysMenu.remove\",\"id\":17,\"status\":1}],\"createTime\":1622455537000,\"param\":{},\"name\":\"\",\"perms\":\"bnt.sysMenu.list\",\"id\":5,\"status\":1}', '{\"code\":200,\"message\":\"\"}', 1, '', NULL, '2022-05-31 09:18:37', NULL, 0);
INSERT INTO `sys_oper_log` (`id`, `title`, `business_type`, `method`, `request_method`, `operator_type`, `oper_name`, `dept_name`, `oper_url`, `oper_ip`, `oper_param`, `json_result`, `status`, `error_msg`, `oper_time`, `create_time`, `update_time`, `is_deleted`) VALUES (22, '', 'UPDATE', 'com.atguigu.auth.controller.SysMenuController.updateById()', 'PUT', 'MANAGE', 'admin', '', '/admin/auth/sysMenu/update', '127.0.0.1', '{\"code\":\"sysDept\",\"select\":false,\"level\":3,\"toCode\":\"\",\"updateTime\":1653957062000,\"type\":1,\"parentId\":2,\"path\":\"sysDept/list\",\"sortValue\":0,\"component\":\"auth/sysDept/list\",\"isDeleted\":0,\"children\":[{\"code\":\"bnt.sysDept.list\",\"select\":false,\"level\":4,\"toCode\":\"\",\"updateTime\":1653959708000,\"type\":2,\"parentId\":20,\"isDeleted\":0,\"children\":[],\"createTime\":1653358064000,\"param\":{},\"name\":\"\",\"perms\":\"bnt.sysDept.list\",\"id\":21,\"status\":1},{\"code\":\"bnt.sysDept.add\",\"select\":false,\"level\":4,\"toCode\":\"\",\"updateTime\":1653959708000,\"type\":2,\"parentId\":20,\"isDeleted\":0,\"children\":[],\"createTime\":1653463887000,\"param\":{},\"name\":\"\",\"perms\":\"bnt.sysDept.add\",\"id\":24,\"status\":1},{\"code\":\"bnt.sysDept.update\",\"select\":false,\"level\":4,\"toCode\":\"\",\"updateTime\":1653959708000,\"type\":2,\"parentId\":20,\"isDeleted\":0,\"children\":[],\"createTime\":1653463901000,\"param\":{},\"name\":\"\",\"perms\":\"bnt.sysDept.update\",\"id\":25,\"status\":1},{\"code\":\"bnt.sysDept.remove\",\"select\":false,\"level\":4,\"toCode\":\"\",\"updateTime\":1653959708000,\"type\":2,\"parentId\":20,\"isDeleted\":0,\"children\":[],\"createTime\":1653463919000,\"param\":{},\"name\":\"\",\"perms\":\"bnt.sysDept.remove\",\"id\":26,\"status\":1}],\"createTime\":1653358025000,\"param\":{},\"name\":\"\",\"perms\":\"bnt.sysDept.list\",\"id\":20,\"status\":1}', '{\"code\":200,\"message\":\"\"}', 1, '', NULL, '2022-05-31 09:19:04', NULL, 0);
INSERT INTO `sys_oper_log` (`id`, `title`, `business_type`, `method`, `request_method`, `operator_type`, `oper_name`, `dept_name`, `oper_url`, `oper_ip`, `oper_param`, `json_result`, `status`, `error_msg`, `oper_time`, `create_time`, `update_time`, `is_deleted`) VALUES (23, '', 'UPDATE', 'com.atguigu.auth.controller.SysMenuController.updateById()', 'PUT', 'MANAGE', 'admin', '', '/admin/auth/sysMenu/update', '127.0.0.1', '{\"code\":\"sysPost\",\"select\":false,\"level\":3,\"toCode\":\"\",\"updateTime\":1653957062000,\"type\":1,\"parentId\":2,\"path\":\"sysPost/list\",\"sortValue\":0,\"component\":\"auth/sysPost/list\",\"isDeleted\":0,\"children\":[{\"code\":\"bnt.sysPost.list\",\"select\":false,\"level\":4,\"toCode\":\"\",\"updateTime\":1653959708000,\"type\":2,\"parentId\":22,\"isDeleted\":0,\"children\":[],\"createTime\":1653359145000,\"param\":{},\"name\":\"\",\"perms\":\"bnt.sysPost.list\",\"id\":23,\"status\":1},{\"code\":\"bnt.sysPost.add\",\"select\":false,\"level\":4,\"toCode\":\"\",\"updateTime\":1653959708000,\"type\":2,\"parentId\":22,\"isDeleted\":0,\"children\":[],\"createTime\":1653463964000,\"param\":{},\"name\":\"\",\"perms\":\"bnt.sysPost.add\",\"id\":27,\"status\":1},{\"code\":\"bnt.sysPost.update\",\"select\":false,\"level\":4,\"toCode\":\"\",\"updateTime\":1653959708000,\"type\":2,\"parentId\":22,\"isDeleted\":0,\"children\":[],\"createTime\":1653463978000,\"param\":{},\"name\":\"\",\"perms\":\"bnt.sysPost.update\",\"id\":28,\"status\":1},{\"code\":\"bnt.sysPost.remove\",\"select\":false,\"level\":4,\"toCode\":\"\",\"updateTime\":1653959708000,\"type\":2,\"parentId\":22,\"isDeleted\":0,\"children\":[],\"createTime\":1653463991000,\"param\":{},\"name\":\"\",\"perms\":\"bnt.sysPost.remove\",\"id\":29,\"status\":1}],\"createTime\":1653359130000,\"param\":{},\"name\":\"\",\"perms\":\"bnt.sysPost.list\",\"id\":22,\"status\":1}', '{\"code\":200,\"message\":\"\"}', 1, '', NULL, '2022-05-31 09:19:23', NULL, 0);
INSERT INTO `sys_oper_log` (`id`, `title`, `business_type`, `method`, `request_method`, `operator_type`, `oper_name`, `dept_name`, `oper_url`, `oper_ip`, `oper_param`, `json_result`, `status`, `error_msg`, `oper_time`, `create_time`, `update_time`, `is_deleted`) VALUES (24, '', 'UPDATE', 'com.atguigu.auth.controller.SysMenuController.updateById()', 'PUT', 'MANAGE', 'admin', '', '/admin/auth/sysMenu/update', '127.0.0.1', '{\"code\":\"sysOperLog\",\"select\":false,\"level\":3,\"toCode\":\"\",\"updateTime\":1653957062000,\"type\":1,\"parentId\":2,\"path\":\"sysOperLog/list\",\"sortValue\":0,\"component\":\"auth/sysOperLog/list\",\"isDeleted\":0,\"children\":[{\"code\":\"bnt.sysOperLog.list\",\"select\":false,\"level\":4,\"toCode\":\"\",\"updateTime\":1653959708000,\"type\":2,\"parentId\":30,\"isDeleted\":0,\"children\":[],\"createTime\":1653552617000,\"param\":{},\"name\":\"\",\"perms\":\"bnt.sysOperLog.list\",\"id\":31,\"status\":1}],\"createTime\":1653552599000,\"param\":{},\"name\":\"\",\"perms\":\"bnt.sysOperLog.list\",\"id\":30,\"status\":1}', '{\"code\":200,\"message\":\"\"}', 1, '', NULL, '2022-05-31 09:19:40', NULL, 0);
INSERT INTO `sys_oper_log` (`id`, `title`, `business_type`, `method`, `request_method`, `operator_type`, `oper_name`, `dept_name`, `oper_url`, `oper_ip`, `oper_param`, `json_result`, `status`, `error_msg`, `oper_time`, `create_time`, `update_time`, `is_deleted`) VALUES (25, '', 'UPDATE', 'com.atguigu.auth.controller.SysMenuController.updateById()', 'PUT', 'MANAGE', 'admin', '', '/admin/auth/sysMenu/update', '127.0.0.1', '{\"code\":\"sysLoginLog\",\"select\":false,\"level\":3,\"toCode\":\"\",\"updateTime\":1653957062000,\"type\":1,\"parentId\":2,\"path\":\"sysLoginLog/list\",\"sortValue\":0,\"component\":\"auth/sysLoginLog/list\",\"isDeleted\":0,\"children\":[{\"code\":\"bnt.sysLoginLog.list\",\"select\":false,\"level\":4,\"toCode\":\"\",\"updateTime\":1653957062000,\"type\":1,\"parentId\":32,\"isDeleted\":0,\"children\":[],\"createTime\":1653554191000,\"param\":{},\"name\":\"\",\"id\":33,\"status\":1}],\"createTime\":1653554173000,\"param\":{},\"name\":\"\",\"perms\":\" bnt.sysLoginLog.list\",\"id\":32,\"status\":1}', '{\"code\":200,\"message\":\"\"}', 1, '', NULL, '2022-05-31 09:20:09', NULL, 0);
INSERT INTO `sys_oper_log` (`id`, `title`, `business_type`, `method`, `request_method`, `operator_type`, `oper_name`, `dept_name`, `oper_url`, `oper_ip`, `oper_param`, `json_result`, `status`, `error_msg`, `oper_time`, `create_time`, `update_time`, `is_deleted`) VALUES (26, '', 'UPDATE', 'com.atguigu.auth.controller.SysMenuController.updateById()', 'PUT', 'MANAGE', 'admin', '', '/admin/auth/sysMenu/update', '127.0.0.1', '{\"code\":\"sysUser\",\"select\":false,\"level\":2,\"updateTime\":1653957062000,\"type\":1,\"parentId\":2,\"path\":\"sysUser\",\"sortValue\":1,\"component\":\"auth/sysUser/list\",\"isDeleted\":0,\"children\":[{\"code\":\"bnt.sysUser.list\",\"select\":false,\"level\":3,\"updateTime\":1653959708000,\"type\":2,\"parentId\":3,\"isDeleted\":0,\"children\":[],\"createTime\":1622455537000,\"param\":{},\"name\":\"\",\"perms\":\"bnt.sysUser.list\",\"id\":6,\"status\":1},{\"code\":\"bnt.sysUser.add\",\"select\":false,\"level\":3,\"updateTime\":1653959708000,\"type\":2,\"parentId\":3,\"isDeleted\":0,\"children\":[],\"createTime\":1622455537000,\"param\":{},\"name\":\"\",\"perms\":\"bnt.sysUser.add\",\"id\":7,\"status\":1},{\"code\":\"bnt.sysUser.update\",\"select\":false,\"level\":3,\"updateTime\":1653959708000,\"type\":2,\"parentId\":3,\"isDeleted\":0,\"children\":[],\"createTime\":1622455537000,\"param\":{},\"name\":\"\",\"perms\":\"bnt.sysUser.update\",\"id\":8,\"status\":1},{\"code\":\"bnt.sysUser.remove\",\"select\":false,\"level\":3,\"updateTime\":1653959708000,\"type\":2,\"parentId\":3,\"isDeleted\":0,\"children\":[],\"createTime\":1622455537000,\"param\":{},\"name\":\"\",\"perms\":\"bnt.sysUser.remove\",\"id\":9,\"status\":1},{\"code\":\"bnt.sysUser.assignRole\",\"select\":false,\"level\":3,\"toCode\":\"\",\"updateTime\":1653959708000,\"type\":2,\"parentId\":3,\"isDeleted\":0,\"children\":[],\"createTime\":1653297272000,\"param\":{},\"name\":\"\",\"perms\":\"bnt.sysUser.assignRole\",\"id\":18,\"status\":1}],\"createTime\":1622455537000,\"param\":{},\"name\":\"\",\"perms\":\"bnt.sysUser.list\",\"id\":3,\"status\":1}', '{\"code\":200,\"message\":\"\"}', 1, '', NULL, '2022-05-31 09:41:35', NULL, 0);
INSERT INTO `sys_oper_log` (`id`, `title`, `business_type`, `method`, `request_method`, `operator_type`, `oper_name`, `dept_name`, `oper_url`, `oper_ip`, `oper_param`, `json_result`, `status`, `error_msg`, `oper_time`, `create_time`, `update_time`, `is_deleted`) VALUES (27, '', 'UPDATE', 'com.atguigu.auth.controller.SysMenuController.updateById()', 'PUT', 'MANAGE', 'admin', '', '/admin/auth/sysMenu/update', '127.0.0.1', '{\"code\":\"sysRole\",\"select\":false,\"level\":2,\"updateTime\":1653957062000,\"type\":1,\"parentId\":2,\"path\":\"sysRole\",\"sortValue\":0,\"component\":\"auth/sysRole/list\",\"isDeleted\":0,\"children\":[{\"code\":\"bnt.sysRole.list\",\"select\":false,\"level\":3,\"updateTime\":1653959708000,\"type\":2,\"parentId\":4,\"isDeleted\":0,\"children\":[],\"createTime\":1622455537000,\"param\":{},\"name\":\"\",\"perms\":\"bnt.sysRole.list\",\"id\":10,\"status\":1},{\"code\":\"bnt.sysRole.add\",\"select\":false,\"level\":3,\"updateTime\":1653959708000,\"type\":2,\"parentId\":4,\"isDeleted\":0,\"children\":[],\"createTime\":1622455537000,\"param\":{},\"name\":\"\",\"perms\":\"bnt.sysRole.add\",\"id\":11,\"status\":1},{\"code\":\"bnt.sysRole.update\",\"select\":false,\"level\":3,\"updateTime\":1653959708000,\"type\":2,\"parentId\":4,\"isDeleted\":0,\"children\":[],\"createTime\":1622455537000,\"param\":{},\"name\":\"\",\"perms\":\"bnt.sysRole.update\",\"id\":12,\"status\":1},{\"code\":\"bnt.sysRole.remove\",\"select\":false,\"level\":3,\"updateTime\":1653959708000,\"type\":2,\"parentId\":4,\"isDeleted\":0,\"children\":[],\"createTime\":1622455537000,\"param\":{},\"name\":\"\",\"perms\":\"bnt.sysRole.remove\",\"id\":13,\"status\":1},{\"code\":\"bnt.sysRole.assignAuth\",\"select\":false,\"level\":3,\"toCode\":\"assignAuth\",\"updateTime\":1653959708000,\"type\":2,\"parentId\":4,\"isDeleted\":0,\"children\":[],\"createTime\":1653297494000,\"param\":{},\"name\":\"\",\"perms\":\"bnt.sysRole.assignAuth\",\"id\":19,\"status\":1}],\"createTime\":1622455537000,\"param\":{},\"name\":\"\",\"perms\":\" bnt.sysRole.list\",\"id\":4,\"status\":1}', '{\"code\":200,\"message\":\"\"}', 1, '', NULL, '2022-05-31 09:41:42', NULL, 0);
INSERT INTO `sys_oper_log` (`id`, `title`, `business_type`, `method`, `request_method`, `operator_type`, `oper_name`, `dept_name`, `oper_url`, `oper_ip`, `oper_param`, `json_result`, `status`, `error_msg`, `oper_time`, `create_time`, `update_time`, `is_deleted`) VALUES (28, '', 'UPDATE', 'com.atguigu.auth.controller.SysMenuController.updateById()', 'PUT', 'MANAGE', 'admin', '', '/admin/auth/sysMenu/update', '127.0.0.1', '{\"code\":\"sysMenu\",\"select\":false,\"level\":2,\"updateTime\":1653957062000,\"type\":1,\"parentId\":2,\"path\":\"sysMenu\",\"sortValue\":0,\"component\":\"auth/sysMenu/list\",\"isDeleted\":0,\"children\":[{\"code\":\"bnt.sysMenu.list\",\"select\":false,\"level\":3,\"updateTime\":1653959708000,\"type\":2,\"parentId\":5,\"isDeleted\":0,\"children\":[],\"createTime\":1622455537000,\"param\":{},\"name\":\"\",\"perms\":\"bnt.sysMenu.list\",\"id\":14,\"status\":1},{\"code\":\"bnt.sysMenu.add\",\"select\":false,\"level\":3,\"updateTime\":1653959708000,\"type\":2,\"parentId\":5,\"isDeleted\":0,\"children\":[],\"createTime\":1622455537000,\"param\":{},\"name\":\"\",\"perms\":\"bnt.sysMenu.add\",\"id\":15,\"status\":1},{\"code\":\"bnt.sysMenu.update\",\"select\":false,\"level\":3,\"updateTime\":1653959708000,\"type\":2,\"parentId\":5,\"isDeleted\":0,\"children\":[],\"createTime\":1622455537000,\"param\":{},\"name\":\"\",\"perms\":\"bnt.sysMenu.update\",\"id\":16,\"status\":1},{\"code\":\"bnt.sysMenu.remove\",\"select\":false,\"level\":3,\"updateTime\":1653959708000,\"type\":2,\"parentId\":5,\"isDeleted\":0,\"children\":[],\"createTime\":1622455537000,\"param\":{},\"name\":\"\",\"perms\":\"bnt.sysMenu.remove\",\"id\":17,\"status\":1}],\"createTime\":1622455537000,\"param\":{},\"name\":\"\",\"perms\":\"bnt.sysMenu.list\",\"id\":5,\"status\":1}', '{\"code\":200,\"message\":\"\"}', 1, '', NULL, '2022-05-31 09:41:51', NULL, 0);
INSERT INTO `sys_oper_log` (`id`, `title`, `business_type`, `method`, `request_method`, `operator_type`, `oper_name`, `dept_name`, `oper_url`, `oper_ip`, `oper_param`, `json_result`, `status`, `error_msg`, `oper_time`, `create_time`, `update_time`, `is_deleted`) VALUES (29, '', 'UPDATE', 'com.atguigu.auth.controller.SysMenuController.updateById()', 'PUT', 'MANAGE', 'admin', '', '/admin/auth/sysMenu/update', '127.0.0.1', '{\"code\":\"sysDept\",\"select\":false,\"level\":2,\"toCode\":\"\",\"updateTime\":1653957062000,\"type\":1,\"parentId\":2,\"path\":\"sysDept\",\"sortValue\":0,\"component\":\"auth/sysDept/list\",\"isDeleted\":0,\"children\":[{\"code\":\"bnt.sysDept.list\",\"select\":false,\"level\":3,\"toCode\":\"\",\"updateTime\":1653959708000,\"type\":2,\"parentId\":20,\"isDeleted\":0,\"children\":[],\"createTime\":1653358064000,\"param\":{},\"name\":\"\",\"perms\":\"bnt.sysDept.list\",\"id\":21,\"status\":1},{\"code\":\"bnt.sysDept.add\",\"select\":false,\"level\":3,\"toCode\":\"\",\"updateTime\":1653959708000,\"type\":2,\"parentId\":20,\"isDeleted\":0,\"children\":[],\"createTime\":1653463887000,\"param\":{},\"name\":\"\",\"perms\":\"bnt.sysDept.add\",\"id\":24,\"status\":1},{\"code\":\"bnt.sysDept.update\",\"select\":false,\"level\":3,\"toCode\":\"\",\"updateTime\":1653959708000,\"type\":2,\"parentId\":20,\"isDeleted\":0,\"children\":[],\"createTime\":1653463901000,\"param\":{},\"name\":\"\",\"perms\":\"bnt.sysDept.update\",\"id\":25,\"status\":1},{\"code\":\"bnt.sysDept.remove\",\"select\":false,\"level\":3,\"toCode\":\"\",\"updateTime\":1653959708000,\"type\":2,\"parentId\":20,\"isDeleted\":0,\"children\":[],\"createTime\":1653463919000,\"param\":{},\"name\":\"\",\"perms\":\"bnt.sysDept.remove\",\"id\":26,\"status\":1}],\"createTime\":1653358025000,\"param\":{},\"name\":\"\",\"perms\":\"bnt.sysDept.list\",\"id\":20,\"status\":1}', '{\"code\":200,\"message\":\"\"}', 1, '', NULL, '2022-05-31 09:41:58', NULL, 0);
INSERT INTO `sys_oper_log` (`id`, `title`, `business_type`, `method`, `request_method`, `operator_type`, `oper_name`, `dept_name`, `oper_url`, `oper_ip`, `oper_param`, `json_result`, `status`, `error_msg`, `oper_time`, `create_time`, `update_time`, `is_deleted`) VALUES (30, '', 'UPDATE', 'com.atguigu.auth.controller.SysMenuController.updateById()', 'PUT', 'MANAGE', 'admin', '', '/admin/auth/sysMenu/update', '127.0.0.1', '{\"code\":\"sysPost\",\"select\":false,\"level\":2,\"toCode\":\"\",\"updateTime\":1653957062000,\"type\":1,\"parentId\":2,\"path\":\"sysPost\",\"sortValue\":0,\"component\":\"auth/sysPost/list\",\"isDeleted\":0,\"children\":[{\"code\":\"bnt.sysPost.list\",\"select\":false,\"level\":3,\"toCode\":\"\",\"updateTime\":1653959708000,\"type\":2,\"parentId\":22,\"isDeleted\":0,\"children\":[],\"createTime\":1653359145000,\"param\":{},\"name\":\"\",\"perms\":\"bnt.sysPost.list\",\"id\":23,\"status\":1},{\"code\":\"bnt.sysPost.add\",\"select\":false,\"level\":3,\"toCode\":\"\",\"updateTime\":1653959708000,\"type\":2,\"parentId\":22,\"isDeleted\":0,\"children\":[],\"createTime\":1653463964000,\"param\":{},\"name\":\"\",\"perms\":\"bnt.sysPost.add\",\"id\":27,\"status\":1},{\"code\":\"bnt.sysPost.update\",\"select\":false,\"level\":3,\"toCode\":\"\",\"updateTime\":1653959708000,\"type\":2,\"parentId\":22,\"isDeleted\":0,\"children\":[],\"createTime\":1653463978000,\"param\":{},\"name\":\"\",\"perms\":\"bnt.sysPost.update\",\"id\":28,\"status\":1},{\"code\":\"bnt.sysPost.remove\",\"select\":false,\"level\":3,\"toCode\":\"\",\"updateTime\":1653959708000,\"type\":2,\"parentId\":22,\"isDeleted\":0,\"children\":[],\"createTime\":1653463991000,\"param\":{},\"name\":\"\",\"perms\":\"bnt.sysPost.remove\",\"id\":29,\"status\":1}],\"createTime\":1653359130000,\"param\":{},\"name\":\"\",\"perms\":\"bnt.sysPost.list\",\"id\":22,\"status\":1}', '{\"code\":200,\"message\":\"\"}', 1, '', NULL, '2022-05-31 09:42:04', NULL, 0);
INSERT INTO `sys_oper_log` (`id`, `title`, `business_type`, `method`, `request_method`, `operator_type`, `oper_name`, `dept_name`, `oper_url`, `oper_ip`, `oper_param`, `json_result`, `status`, `error_msg`, `oper_time`, `create_time`, `update_time`, `is_deleted`) VALUES (31, '', 'UPDATE', 'com.atguigu.auth.controller.SysMenuController.updateById()', 'PUT', 'MANAGE', 'admin', '', '/admin/auth/sysMenu/update', '127.0.0.1', '{\"code\":\"sysOperLog\",\"select\":false,\"level\":2,\"toCode\":\"\",\"updateTime\":1653957062000,\"type\":1,\"parentId\":2,\"path\":\"sysOperLog\",\"sortValue\":0,\"component\":\"auth/sysOperLog/list\",\"isDeleted\":0,\"children\":[{\"code\":\"bnt.sysOperLog.list\",\"select\":false,\"level\":3,\"toCode\":\"\",\"updateTime\":1653959708000,\"type\":2,\"parentId\":30,\"isDeleted\":0,\"children\":[],\"createTime\":1653552617000,\"param\":{},\"name\":\"\",\"perms\":\"bnt.sysOperLog.list\",\"id\":31,\"status\":1}],\"createTime\":1653552599000,\"param\":{},\"name\":\"\",\"perms\":\"bnt.sysOperLog.list\",\"id\":30,\"status\":1}', '{\"code\":200,\"message\":\"\"}', 1, '', NULL, '2022-05-31 09:42:09', NULL, 0);
INSERT INTO `sys_oper_log` (`id`, `title`, `business_type`, `method`, `request_method`, `operator_type`, `oper_name`, `dept_name`, `oper_url`, `oper_ip`, `oper_param`, `json_result`, `status`, `error_msg`, `oper_time`, `create_time`, `update_time`, `is_deleted`) VALUES (32, '', 'UPDATE', 'com.atguigu.auth.controller.SysMenuController.updateById()', 'PUT', 'MANAGE', 'admin', '', '/admin/auth/sysMenu/update', '127.0.0.1', '{\"code\":\"sysLoginLog\",\"select\":false,\"level\":2,\"toCode\":\"\",\"updateTime\":1653957062000,\"type\":1,\"parentId\":2,\"path\":\"sysLoginLog\",\"sortValue\":0,\"component\":\"auth/sysLoginLog/list\",\"isDeleted\":0,\"children\":[{\"code\":\"bnt.sysLoginLog.list\",\"select\":false,\"level\":3,\"toCode\":\"\",\"updateTime\":1653957062000,\"type\":1,\"parentId\":32,\"isDeleted\":0,\"children\":[],\"createTime\":1653554191000,\"param\":{},\"name\":\"\",\"id\":33,\"status\":1}],\"createTime\":1653554173000,\"param\":{},\"name\":\"\",\"perms\":\" bnt.sysLoginLog.list\",\"id\":32,\"status\":1}', '{\"code\":200,\"message\":\"\"}', 1, '', NULL, '2022-05-31 09:42:15', NULL, 0);
INSERT INTO `sys_oper_log` (`id`, `title`, `business_type`, `method`, `request_method`, `operator_type`, `oper_name`, `dept_name`, `oper_url`, `oper_ip`, `oper_param`, `json_result`, `status`, `error_msg`, `oper_time`, `create_time`, `update_time`, `is_deleted`) VALUES (33, '', 'INSERT', 'com.atguigu.system.controller.SysMenuController.save()', 'POST', 'MANAGE', 'admin', '', '/admin/system/sysMenu/save', '127.0.0.1', '{\"select\":false,\"icon\":\"\",\"type\":0,\"parentId\":2,\"path\":\"log\",\"sortValue\":1,\"component\":\"\",\"param\":{},\"name\":\"\",\"perms\":\"\",\"id\":34,\"status\":1}', '{\"code\":200,\"message\":\"\"}', 1, '', NULL, '2022-05-31 13:23:07', NULL, 0);
INSERT INTO `sys_oper_log` (`id`, `title`, `business_type`, `method`, `request_method`, `operator_type`, `oper_name`, `dept_name`, `oper_url`, `oper_ip`, `oper_param`, `json_result`, `status`, `error_msg`, `oper_time`, `create_time`, `update_time`, `is_deleted`) VALUES (34, '', 'INSERT', 'com.atguigu.system.controller.SysMenuController.save()', 'POST', 'MANAGE', 'admin', '', '/admin/system/sysMenu/save', '127.0.0.1', '{\"select\":false,\"visible\":1,\"icon\":\"\",\"type\":0,\"parentId\":0,\"path\":\"order\",\"sortValue\":1,\"component\":\"Layout\",\"param\":{},\"name\":\"\",\"perms\":\"\",\"id\":35,\"status\":1}', '{\"code\":200,\"message\":\"\"}', 1, '', NULL, '2022-05-31 13:57:50', NULL, 0);
INSERT INTO `sys_oper_log` (`id`, `title`, `business_type`, `method`, `request_method`, `operator_type`, `oper_name`, `dept_name`, `oper_url`, `oper_ip`, `oper_param`, `json_result`, `status`, `error_msg`, `oper_time`, `create_time`, `update_time`, `is_deleted`) VALUES (35, '', 'INSERT', 'com.atguigu.system.controller.SysMenuController.save()', 'POST', 'MANAGE', 'admin', '', '/admin/system/sysMenu/save', '127.0.0.1', '{\"select\":false,\"visible\":1,\"icon\":\"\",\"type\":1,\"parentId\":35,\"path\":\"orderInfo\",\"sortValue\":1,\"component\":\"order/orderInfo/list\",\"param\":{},\"name\":\"\",\"perms\":\"bnt.orderInfo.list\",\"id\":36,\"status\":1}', '{\"code\":200,\"message\":\"\"}', 1, '', NULL, '2022-05-31 13:58:37', NULL, 0);
INSERT INTO `sys_oper_log` (`id`, `title`, `business_type`, `method`, `request_method`, `operator_type`, `oper_name`, `dept_name`, `oper_url`, `oper_ip`, `oper_param`, `json_result`, `status`, `error_msg`, `oper_time`, `create_time`, `update_time`, `is_deleted`) VALUES (36, '', 'INSERT', 'com.atguigu.system.controller.SysPostController.save()', 'POST', 'MANAGE', 'admin', '', '/admin/system/sysPost/save', '127.0.0.1', '{\"param\":{},\"name\":\"\",\"description\":\"\",\"postCode\":\"yyzj\",\"id\":8,\"status\":1}', '{\"code\":200,\"message\":\"\"}', 1, '', NULL, '2022-06-08 17:14:21', NULL, 0);
INSERT INTO `sys_oper_log` (`id`, `title`, `business_type`, `method`, `request_method`, `operator_type`, `oper_name`, `dept_name`, `oper_url`, `oper_ip`, `oper_param`, `json_result`, `status`, `error_msg`, `oper_time`, `create_time`, `update_time`, `is_deleted`) VALUES (37, '', 'INSERT', 'com.atguigu.system.controller.SysRoleController.save()', 'POST', 'MANAGE', 'admin', '', '/admin/system/sysRole/save', '127.0.0.1', '{\"param\":{},\"roleCode\":\"\",\"roleName\":\"\",\"id\":8}', '{\"code\":200,\"message\":\"\"}', 1, '', NULL, '2022-06-08 17:39:04', NULL, 0);
INSERT INTO `sys_oper_log` (`id`, `title`, `business_type`, `method`, `request_method`, `operator_type`, `oper_name`, `dept_name`, `oper_url`, `oper_ip`, `oper_param`, `json_result`, `status`, `error_msg`, `oper_time`, `create_time`, `update_time`, `is_deleted`) VALUES (38, '', 'UPDATE', 'com.atguigu.system.controller.SysRoleController.updateById()', 'PUT', 'MANAGE', 'admin', '', '/admin/system/sysRole/update', '127.0.0.1', '{\"isDeleted\":0,\"createTime\":1654681144000,\"param\":{},\"roleCode\":\"\",\"roleName\":\"\",\"updateTime\":1654681144000,\"id\":8}', '{\"code\":200,\"message\":\"\"}', 1, '', NULL, '2022-06-08 17:39:08', NULL, 0);
INSERT INTO `sys_oper_log` (`id`, `title`, `business_type`, `method`, `request_method`, `operator_type`, `oper_name`, `dept_name`, `oper_url`, `oper_ip`, `oper_param`, `json_result`, `status`, `error_msg`, `oper_time`, `create_time`, `update_time`, `is_deleted`) VALUES (39, '', 'UPDATE', 'com.atguigu.system.controller.SysRoleController.updateById()', 'PUT', 'MANAGE', 'admin', '', '/admin/system/sysRole/update', '127.0.0.1', '{\"isDeleted\":0,\"createTime\":1654681144000,\"param\":{},\"roleCode\":\"\",\"roleName\":\"\",\"updateTime\":1654681144000,\"id\":8}', '{\"code\":200,\"message\":\"\"}', 1, '', NULL, '2022-06-08 17:39:41', NULL, 0);
INSERT INTO `sys_oper_log` (`id`, `title`, `business_type`, `method`, `request_method`, `operator_type`, `oper_name`, `dept_name`, `oper_url`, `oper_ip`, `oper_param`, `json_result`, `status`, `error_msg`, `oper_time`, `create_time`, `update_time`, `is_deleted`) VALUES (40, '', 'UPDATE', 'com.atguigu.system.controller.SysRoleController.updateById()', 'PUT', 'MANAGE', 'admin', '', '/admin/system/sysRole/update', '127.0.0.1', '{\"isDeleted\":0,\"createTime\":1654681144000,\"param\":{},\"roleCode\":\"yhgly\",\"roleName\":\"\",\"updateTime\":1654681144000,\"id\":8}', '{\"code\":200,\"message\":\"\"}', 1, '', NULL, '2022-06-08 17:42:46', NULL, 0);
INSERT INTO `sys_oper_log` (`id`, `title`, `business_type`, `method`, `request_method`, `operator_type`, `oper_name`, `dept_name`, `oper_url`, `oper_ip`, `oper_param`, `json_result`, `status`, `error_msg`, `oper_time`, `create_time`, `update_time`, `is_deleted`) VALUES (41, '', 'INSERT', 'com.atguigu.system.controller.SysMenuController.save()', 'POST', 'MANAGE', 'admin', '', '/admin/system/sysMenu/save', '127.0.0.1', '{\"select\":false,\"icon\":\"el-icon-phone\",\"type\":0,\"parentId\":0,\"path\":\"order\",\"sortValue\":1,\"component\":\"Layout\",\"param\":{},\"name\":\"\",\"perms\":\"\",\"id\":35,\"status\":1}', '{\"code\":200,\"message\":\"\"}', 1, '', NULL, '2022-06-09 08:50:13', NULL, 0);
INSERT INTO `sys_oper_log` (`id`, `title`, `business_type`, `method`, `request_method`, `operator_type`, `oper_name`, `dept_name`, `oper_url`, `oper_ip`, `oper_param`, `json_result`, `status`, `error_msg`, `oper_time`, `create_time`, `update_time`, `is_deleted`) VALUES (42, '', 'UPDATE', 'com.atguigu.system.controller.SysMenuController.updateById()', 'PUT', 'MANAGE', 'admin', '', '/admin/system/sysMenu/update', '127.0.0.1', '{\"select\":false,\"icon\":\"el-icon-phone\",\"updateTime\":1654735813000,\"type\":0,\"parentId\":0,\"path\":\"order\",\"sortValue\":1,\"component\":\"Layout\",\"isDeleted\":0,\"children\":[],\"createTime\":1654735813000,\"param\":{},\"name\":\"\",\"perms\":\"\",\"id\":35,\"status\":1}', '{\"code\":200,\"message\":\"\"}', 1, '', NULL, '2022-06-09 08:50:22', NULL, 0);
INSERT INTO `sys_oper_log` (`id`, `title`, `business_type`, `method`, `request_method`, `operator_type`, `oper_name`, `dept_name`, `oper_url`, `oper_ip`, `oper_param`, `json_result`, `status`, `error_msg`, `oper_time`, `create_time`, `update_time`, `is_deleted`) VALUES (43, '', 'INSERT', 'com.atguigu.system.controller.SysMenuController.save()', 'POST', 'MANAGE', 'admin', '', '/admin/system/sysMenu/save', '127.0.0.1', '{\"select\":false,\"icon\":\"el-icon-s-help\",\"type\":1,\"parentId\":35,\"path\":\"orderInfo\",\"sortValue\":1,\"component\":\"order/orderInfo/list\",\"param\":{},\"name\":\"\",\"perms\":\"bnt.orderInfo.list\",\"id\":36,\"status\":1}', '{\"code\":200,\"message\":\"\"}', 1, '', NULL, '2022-06-09 08:51:22', NULL, 0);
INSERT INTO `sys_oper_log` (`id`, `title`, `business_type`, `method`, `request_method`, `operator_type`, `oper_name`, `dept_name`, `oper_url`, `oper_ip`, `oper_param`, `json_result`, `status`, `error_msg`, `oper_time`, `create_time`, `update_time`, `is_deleted`) VALUES (44, '', 'INSERT', 'com.atguigu.system.controller.SysMenuController.save()', 'POST', 'MANAGE', 'admin', '', '/admin/system/sysMenu/save', '127.0.0.1', '{\"select\":false,\"icon\":\"\",\"type\":2,\"parentId\":36,\"path\":\"\",\"sortValue\":1,\"component\":\"\",\"param\":{},\"name\":\"\",\"perms\":\"bnt.add\",\"id\":37,\"status\":1}', '{\"code\":200,\"message\":\"\"}', 1, '', NULL, '2022-06-09 08:52:37', NULL, 0);
INSERT INTO `sys_oper_log` (`id`, `title`, `business_type`, `method`, `request_method`, `operator_type`, `oper_name`, `dept_name`, `oper_url`, `oper_ip`, `oper_param`, `json_result`, `status`, `error_msg`, `oper_time`, `create_time`, `update_time`, `is_deleted`) VALUES (45, '', 'DELETE', 'com.atguigu.system.controller.SysMenuController.remove()', 'DELETE', 'MANAGE', 'admin', '', '/admin/system/sysMenu/remove/37', '127.0.0.1', '', '{\"code\":200,\"message\":\"\"}', 1, '', NULL, '2022-06-09 08:53:01', NULL, 0);
INSERT INTO `sys_oper_log` (`id`, `title`, `business_type`, `method`, `request_method`, `operator_type`, `oper_name`, `dept_name`, `oper_url`, `oper_ip`, `oper_param`, `json_result`, `status`, `error_msg`, `oper_time`, `create_time`, `update_time`, `is_deleted`) VALUES (46, '', 'DELETE', 'com.atguigu.system.controller.SysMenuController.remove()', 'DELETE', 'MANAGE', 'admin', '', '/admin/system/sysMenu/remove/36', '127.0.0.1', '', '{\"code\":200,\"message\":\"\"}', 1, '', NULL, '2022-06-09 08:53:04', NULL, 0);
INSERT INTO `sys_oper_log` (`id`, `title`, `business_type`, `method`, `request_method`, `operator_type`, `oper_name`, `dept_name`, `oper_url`, `oper_ip`, `oper_param`, `json_result`, `status`, `error_msg`, `oper_time`, `create_time`, `update_time`, `is_deleted`) VALUES (47, '', 'DELETE', 'com.atguigu.system.controller.SysMenuController.remove()', 'DELETE', 'MANAGE', 'admin', '', '/admin/system/sysMenu/remove/35', '127.0.0.1', '', '{\"code\":200,\"message\":\"\"}', 1, '', NULL, '2022-06-09 08:53:06', NULL, 0);
INSERT INTO `sys_oper_log` (`id`, `title`, `business_type`, `method`, `request_method`, `operator_type`, `oper_name`, `dept_name`, `oper_url`, `oper_ip`, `oper_param`, `json_result`, `status`, `error_msg`, `oper_time`, `create_time`, `update_time`, `is_deleted`) VALUES (48, '', 'UPDATE', 'com.atguigu.system.controller.SysMenuController.updateById()', 'PUT', 'MANAGE', 'admin', '', '/admin/system/sysMenu/update', '127.0.0.1', '{\"select\":false,\"icon\":\"el-icon-s-custom\",\"updateTime\":1654737767000,\"type\":1,\"parentId\":2,\"path\":\"sysUser\",\"sortValue\":1,\"component\":\"system/sysUser/list\",\"isDeleted\":0,\"children\":[{\"select\":false,\"updateTime\":1654737758000,\"type\":2,\"parentId\":3,\"sortValue\":1,\"isDeleted\":0,\"children\":[],\"createTime\":1622455537000,\"param\":{},\"name\":\"\",\"perms\":\"bnt.sysUser.list\",\"id\":6,\"status\":1},{\"select\":false,\"updateTime\":1654737758000,\"type\":2,\"parentId\":3,\"sortValue\":1,\"isDeleted\":0,\"children\":[],\"createTime\":1622455537000,\"param\":{},\"name\":\"\",\"perms\":\"bnt.sysUser.add\",\"id\":7,\"status\":1},{\"select\":false,\"updateTime\":1654737758000,\"type\":2,\"parentId\":3,\"sortValue\":1,\"isDeleted\":0,\"children\":[],\"createTime\":1622455537000,\"param\":{},\"name\":\"\",\"perms\":\"bnt.sysUser.update\",\"id\":8,\"status\":1},{\"select\":false,\"updateTime\":1654737758000,\"type\":2,\"parentId\":3,\"sortValue\":1,\"isDeleted\":0,\"children\":[],\"createTime\":1622455537000,\"param\":{},\"name\":\"\",\"perms\":\"bnt.sysUser.remove\",\"id\":9,\"status\":1},{\"select\":false,\"updateTime\":1654737758000,\"type\":2,\"parentId\":3,\"sortValue\":1,\"isDeleted\":0,\"children\":[],\"createTime\":1653297272000,\"param\":{},\"name\":\"\",\"perms\":\"bnt.sysUser.assignRole\",\"id\":18,\"status\":1}],\"createTime\":1622455537000,\"param\":{},\"name\":\"\",\"perms\":\"\",\"id\":3,\"status\":1}', '{\"code\":200,\"message\":\"\"}', 1, '', NULL, '2022-06-09 09:24:01', NULL, 0);
INSERT INTO `sys_oper_log` (`id`, `title`, `business_type`, `method`, `request_method`, `operator_type`, `oper_name`, `dept_name`, `oper_url`, `oper_ip`, `oper_param`, `json_result`, `status`, `error_msg`, `oper_time`, `create_time`, `update_time`, `is_deleted`) VALUES (49, '', 'UPDATE', 'com.atguigu.system.controller.SysMenuController.updateById()', 'PUT', 'MANAGE', 'admin', '', '/admin/system/sysMenu/update', '127.0.0.1', '{\"select\":false,\"icon\":\"el-icon-user-solid\",\"updateTime\":1654737768000,\"type\":1,\"parentId\":2,\"path\":\"sysRole\",\"sortValue\":1,\"component\":\"system/sysRole/list\",\"isDeleted\":0,\"children\":[{\"select\":false,\"updateTime\":1654737758000,\"type\":2,\"parentId\":4,\"sortValue\":1,\"isDeleted\":0,\"children\":[],\"createTime\":1622455537000,\"param\":{},\"name\":\"\",\"perms\":\"bnt.sysRole.list\",\"id\":10,\"status\":1},{\"select\":false,\"updateTime\":1654737758000,\"type\":2,\"parentId\":4,\"sortValue\":1,\"isDeleted\":0,\"children\":[],\"createTime\":1622455537000,\"param\":{},\"name\":\"\",\"perms\":\"bnt.sysRole.add\",\"id\":11,\"status\":1},{\"select\":false,\"updateTime\":1654737758000,\"type\":2,\"parentId\":4,\"sortValue\":1,\"isDeleted\":0,\"children\":[],\"createTime\":1622455537000,\"param\":{},\"name\":\"\",\"perms\":\"bnt.sysRole.update\",\"id\":12,\"status\":1},{\"select\":false,\"updateTime\":1654737758000,\"type\":2,\"parentId\":4,\"sortValue\":1,\"isDeleted\":0,\"children\":[],\"createTime\":1622455537000,\"param\":{},\"name\":\"\",\"perms\":\"bnt.sysRole.remove\",\"id\":13,\"status\":1},{\"select\":false,\"updateTime\":1654737758000,\"type\":2,\"parentId\":4,\"path\":\"\",\"sortValue\":1,\"component\":\"\",\"isDeleted\":0,\"children\":[],\"createTime\":1653297494000,\"param\":{},\"name\":\"\",\"perms\":\"bnt.sysRole.assignAuth\",\"id\":19,\"status\":1}],\"createTime\":1622455537000,\"param\":{},\"name\":\"\",\"perms\":\"\",\"id\":4,\"status\":1}', '{\"code\":200,\"message\":\"\"}', 1, '', NULL, '2022-06-09 09:24:10', NULL, 0);
INSERT INTO `sys_oper_log` (`id`, `title`, `business_type`, `method`, `request_method`, `operator_type`, `oper_name`, `dept_name`, `oper_url`, `oper_ip`, `oper_param`, `json_result`, `status`, `error_msg`, `oper_time`, `create_time`, `update_time`, `is_deleted`) VALUES (50, '', 'UPDATE', 'com.atguigu.system.controller.SysMenuController.updateById()', 'PUT', 'MANAGE', 'admin', '', '/admin/system/sysMenu/update', '127.0.0.1', '{\"select\":false,\"icon\":\"el-icon-s-unfold\",\"updateTime\":1654737769000,\"type\":1,\"parentId\":2,\"path\":\"sysMenu\",\"sortValue\":1,\"component\":\"system/sysMenu/list\",\"isDeleted\":0,\"children\":[{\"select\":false,\"updateTime\":1654737758000,\"type\":2,\"parentId\":5,\"sortValue\":1,\"isDeleted\":0,\"children\":[],\"createTime\":1622455537000,\"param\":{},\"name\":\"\",\"perms\":\"bnt.sysMenu.list\",\"id\":14,\"status\":1},{\"select\":false,\"updateTime\":1654737758000,\"type\":2,\"parentId\":5,\"sortValue\":1,\"isDeleted\":0,\"children\":[],\"createTime\":1622455537000,\"param\":{},\"name\":\"\",\"perms\":\"bnt.sysMenu.add\",\"id\":15,\"status\":1},{\"select\":false,\"updateTime\":1654737758000,\"type\":2,\"parentId\":5,\"sortValue\":1,\"isDeleted\":0,\"children\":[],\"createTime\":1622455537000,\"param\":{},\"name\":\"\",\"perms\":\"bnt.sysMenu.update\",\"id\":16,\"status\":1},{\"select\":false,\"updateTime\":1654737758000,\"type\":2,\"parentId\":5,\"sortValue\":1,\"isDeleted\":0,\"children\":[],\"createTime\":1622455537000,\"param\":{},\"name\":\"\",\"perms\":\"bnt.sysMenu.remove\",\"id\":17,\"status\":1}],\"createTime\":1622455537000,\"param\":{},\"name\":\"\",\"perms\":\"\",\"id\":5,\"status\":1}', '{\"code\":200,\"message\":\"\"}', 1, '', NULL, '2022-06-09 09:24:21', NULL, 0);
INSERT INTO `sys_oper_log` (`id`, `title`, `business_type`, `method`, `request_method`, `operator_type`, `oper_name`, `dept_name`, `oper_url`, `oper_ip`, `oper_param`, `json_result`, `status`, `error_msg`, `oper_time`, `create_time`, `update_time`, `is_deleted`) VALUES (51, '', 'UPDATE', 'com.atguigu.system.controller.SysMenuController.updateById()', 'PUT', 'MANAGE', 'admin', '', '/admin/system/sysMenu/update', '127.0.0.1', '{\"select\":false,\"icon\":\"el-icon-s-operation\",\"updateTime\":1654737776000,\"type\":1,\"parentId\":2,\"path\":\"sysDept\",\"sortValue\":1,\"component\":\"system/sysDept/list\",\"isDeleted\":0,\"children\":[{\"select\":false,\"updateTime\":1654737758000,\"type\":2,\"parentId\":20,\"sortValue\":1,\"isDeleted\":0,\"children\":[],\"createTime\":1653358064000,\"param\":{},\"name\":\"\",\"perms\":\"bnt.sysDept.list\",\"id\":21,\"status\":1},{\"select\":false,\"updateTime\":1654737758000,\"type\":2,\"parentId\":20,\"sortValue\":1,\"isDeleted\":0,\"children\":[],\"createTime\":1653463887000,\"param\":{},\"name\":\"\",\"perms\":\"bnt.sysDept.add\",\"id\":24,\"status\":1},{\"select\":false,\"updateTime\":1654737758000,\"type\":2,\"parentId\":20,\"sortValue\":1,\"isDeleted\":0,\"children\":[],\"createTime\":1653463901000,\"param\":{},\"name\":\"\",\"perms\":\"bnt.sysDept.update\",\"id\":25,\"status\":1},{\"select\":false,\"updateTime\":1654737758000,\"type\":2,\"parentId\":20,\"sortValue\":1,\"isDeleted\":0,\"children\":[],\"createTime\":1653463919000,\"param\":{},\"name\":\"\",\"perms\":\"bnt.sysDept.remove\",\"id\":26,\"status\":1}],\"createTime\":1653358025000,\"param\":{},\"name\":\"\",\"perms\":\"\",\"id\":20,\"status\":1}', '{\"code\":200,\"message\":\"\"}', 1, '', NULL, '2022-06-09 09:24:28', NULL, 0);
INSERT INTO `sys_oper_log` (`id`, `title`, `business_type`, `method`, `request_method`, `operator_type`, `oper_name`, `dept_name`, `oper_url`, `oper_ip`, `oper_param`, `json_result`, `status`, `error_msg`, `oper_time`, `create_time`, `update_time`, `is_deleted`) VALUES (52, '', 'UPDATE', 'com.atguigu.system.controller.SysMenuController.updateById()', 'PUT', 'MANAGE', 'admin', '', '/admin/system/sysMenu/update', '127.0.0.1', '{\"select\":false,\"icon\":\"el-icon-more-outline\",\"updateTime\":1654737777000,\"type\":1,\"parentId\":2,\"path\":\"sysPost\",\"sortValue\":1,\"component\":\"system/sysPost/list\",\"isDeleted\":0,\"children\":[{\"select\":false,\"updateTime\":1654737758000,\"type\":2,\"parentId\":22,\"sortValue\":1,\"isDeleted\":0,\"children\":[],\"createTime\":1653359145000,\"param\":{},\"name\":\"\",\"perms\":\"bnt.sysPost.list\",\"id\":23,\"status\":1},{\"select\":false,\"updateTime\":1654737758000,\"type\":2,\"parentId\":22,\"sortValue\":1,\"isDeleted\":0,\"children\":[],\"createTime\":1653463964000,\"param\":{},\"name\":\"\",\"perms\":\"bnt.sysPost.add\",\"id\":27,\"status\":1},{\"select\":false,\"updateTime\":1654737758000,\"type\":2,\"parentId\":22,\"sortValue\":1,\"isDeleted\":0,\"children\":[],\"createTime\":1653463978000,\"param\":{},\"name\":\"\",\"perms\":\"bnt.sysPost.update\",\"id\":28,\"status\":1},{\"select\":false,\"updateTime\":1654737758000,\"type\":2,\"parentId\":22,\"sortValue\":1,\"isDeleted\":0,\"children\":[],\"createTime\":1653463991000,\"param\":{},\"name\":\"\",\"perms\":\"bnt.sysPost.remove\",\"id\":29,\"status\":1}],\"createTime\":1653359130000,\"param\":{},\"name\":\"\",\"perms\":\"\",\"id\":22,\"status\":1}', '{\"code\":200,\"message\":\"\"}', 1, '', NULL, '2022-06-09 09:24:35', NULL, 0);
INSERT INTO `sys_oper_log` (`id`, `title`, `business_type`, `method`, `request_method`, `operator_type`, `oper_name`, `dept_name`, `oper_url`, `oper_ip`, `oper_param`, `json_result`, `status`, `error_msg`, `oper_time`, `create_time`, `update_time`, `is_deleted`) VALUES (53, '', 'UPDATE', 'com.atguigu.system.controller.SysMenuController.updateById()', 'PUT', 'MANAGE', 'admin', '', '/admin/system/sysMenu/update', '127.0.0.1', '{\"select\":false,\"icon\":\"el-icon-tickets\",\"updateTime\":1653974966000,\"type\":0,\"parentId\":2,\"path\":\"log\",\"sortValue\":1,\"component\":\"ParentView\",\"isDeleted\":0,\"children\":[{\"select\":false,\"updateTime\":1654737785000,\"type\":1,\"parentId\":34,\"path\":\"sysOperLog\",\"sortValue\":1,\"component\":\"system/sysOperLog/list\",\"isDeleted\":0,\"children\":[{\"select\":false,\"updateTime\":1654737758000,\"type\":2,\"parentId\":30,\"sortValue\":1,\"isDeleted\":0,\"children\":[],\"createTime\":1653552617000,\"param\":{},\"name\":\"\",\"perms\":\"bnt.sysOperLog.list\",\"id\":31,\"status\":1}],\"createTime\":1653552599000,\"param\":{},\"name\":\"\",\"perms\":\"\",\"id\":30,\"status\":1},{\"select\":false,\"updateTime\":1654737787000,\"type\":1,\"parentId\":34,\"path\":\"sysLoginLog\",\"sortValue\":1,\"component\":\"system/sysLoginLog/list\",\"isDeleted\":0,\"children\":[{\"select\":false,\"updateTime\":1654737758000,\"type\":2,\"parentId\":32,\"sortValue\":1,\"isDeleted\":0,\"children\":[],\"createTime\":1653554191000,\"param\":{},\"name\":\"\",\"id\":33,\"status\":1}],\"createTime\":1653554173000,\"param\":{},\"name\":\"\",\"perms\":\"\",\"id\":32,\"status\":1}],\"createTime\":1653974587000,\"param\":{},\"name\":\"\",\"perms\":\"\",\"id\":34,\"status\":1}', '{\"code\":200,\"message\":\"\"}', 1, '', NULL, '2022-06-09 09:24:46', NULL, 0);
INSERT INTO `sys_oper_log` (`id`, `title`, `business_type`, `method`, `request_method`, `operator_type`, `oper_name`, `dept_name`, `oper_url`, `oper_ip`, `oper_param`, `json_result`, `status`, `error_msg`, `oper_time`, `create_time`, `update_time`, `is_deleted`) VALUES (54, '', 'UPDATE', 'com.atguigu.system.controller.SysMenuController.updateById()', 'PUT', 'MANAGE', 'admin', '', '/admin/system/sysMenu/update', '127.0.0.1', '{\"select\":false,\"icon\":\"el-icon-document-remove\",\"updateTime\":1654737785000,\"type\":1,\"parentId\":34,\"path\":\"sysOperLog\",\"sortValue\":1,\"component\":\"system/sysOperLog/list\",\"isDeleted\":0,\"children\":[{\"select\":false,\"updateTime\":1654737758000,\"type\":2,\"parentId\":30,\"sortValue\":1,\"isDeleted\":0,\"children\":[],\"createTime\":1653552617000,\"param\":{},\"name\":\"\",\"perms\":\"bnt.sysOperLog.list\",\"id\":31,\"status\":1}],\"createTime\":1653552599000,\"param\":{},\"name\":\"\",\"perms\":\"\",\"id\":30,\"status\":1}', '{\"code\":200,\"message\":\"\"}', 1, '', NULL, '2022-06-09 09:24:55', NULL, 0);
INSERT INTO `sys_oper_log` (`id`, `title`, `business_type`, `method`, `request_method`, `operator_type`, `oper_name`, `dept_name`, `oper_url`, `oper_ip`, `oper_param`, `json_result`, `status`, `error_msg`, `oper_time`, `create_time`, `update_time`, `is_deleted`) VALUES (55, '', 'UPDATE', 'com.atguigu.system.controller.SysMenuController.updateById()', 'PUT', 'MANAGE', 'admin', '', '/admin/system/sysMenu/update', '127.0.0.1', '{\"select\":false,\"icon\":\"el-icon-s-goods\",\"updateTime\":1654737787000,\"type\":1,\"parentId\":34,\"path\":\"sysLoginLog\",\"sortValue\":1,\"component\":\"system/sysLoginLog/list\",\"isDeleted\":0,\"children\":[{\"select\":false,\"updateTime\":1654737758000,\"type\":2,\"parentId\":32,\"sortValue\":1,\"isDeleted\":0,\"children\":[],\"createTime\":1653554191000,\"param\":{},\"name\":\"\",\"id\":33,\"status\":1}],\"createTime\":1653554173000,\"param\":{},\"name\":\"\",\"perms\":\"\",\"id\":32,\"status\":1}', '{\"code\":200,\"message\":\"\"}', 1, '', NULL, '2022-06-09 09:25:07', NULL, 0);
INSERT INTO `sys_oper_log` (`id`, `title`, `business_type`, `method`, `request_method`, `operator_type`, `oper_name`, `dept_name`, `oper_url`, `oper_ip`, `oper_param`, `json_result`, `status`, `error_msg`, `oper_time`, `create_time`, `update_time`, `is_deleted`) VALUES (56, '', 'DELETE', 'com.atguigu.system.controller.SysUserController.remove()', 'DELETE', 'MANAGE', 'admin', '', '/admin/system/sysUser/remove/4', '127.0.0.1', '', '{\"code\":200,\"message\":\"\"}', 1, '', NULL, '2022-06-09 09:25:21', NULL, 0);
INSERT INTO `sys_oper_log` (`id`, `title`, `business_type`, `method`, `request_method`, `operator_type`, `oper_name`, `dept_name`, `oper_url`, `oper_ip`, `oper_param`, `json_result`, `status`, `error_msg`, `oper_time`, `create_time`, `update_time`, `is_deleted`) VALUES (57, '', 'UPDATE', 'com.atguigu.system.controller.SysMenuController.updateById()', 'PUT', 'MANAGE', 'admin', '', '/admin/system/sysMenu/update', '127.0.0.1', '{\"select\":false,\"updateTime\":1654737758000,\"type\":2,\"parentId\":4,\"path\":\"assignAuth\",\"sortValue\":1,\"component\":\"system/sysRole/assignAuth\",\"isDeleted\":0,\"children\":[],\"createTime\":1653297494000,\"param\":{},\"name\":\"\",\"perms\":\"bnt.sysRole.assignAuth\",\"id\":19,\"status\":1}', '{\"code\":200,\"message\":\"\"}', 1, '', NULL, '2022-06-09 09:26:07', NULL, 0);
INSERT INTO `sys_oper_log` (`id`, `title`, `business_type`, `method`, `request_method`, `operator_type`, `oper_name`, `dept_name`, `oper_url`, `oper_ip`, `oper_param`, `json_result`, `status`, `error_msg`, `oper_time`, `create_time`, `update_time`, `is_deleted`) VALUES (58, '', 'ASSGIN', 'com.atguigu.system.controller.SysMenuController.doAssign()', 'POST', 'MANAGE', 'admin', '', '/admin/system/sysMenu/doAssign', '127.0.0.1', '{\"roleId\":2,\"menuIdList\":[2,3,6,7,8,5,14,20,21]}', '{\"code\":200,\"message\":\"\"}', 1, '', NULL, '2022-06-09 09:26:34', NULL, 0);
INSERT INTO `sys_oper_log` (`id`, `title`, `business_type`, `method`, `request_method`, `operator_type`, `oper_name`, `dept_name`, `oper_url`, `oper_ip`, `oper_param`, `json_result`, `status`, `error_msg`, `oper_time`, `create_time`, `update_time`, `is_deleted`) VALUES (59, '', 'INSERT', 'com.atguigu.system.controller.SysMenuController.save()', 'POST', 'MANAGE', 'admin', '', '/admin/system/sysMenu/save', '127.0.0.1', '{\"select\":false,\"icon\":\"el-icon-s-help\",\"type\":0,\"parentId\":0,\"path\":\"vod\",\"sortValue\":1,\"component\":\"Layout\",\"param\":{},\"name\":\"\",\"perms\":\"\",\"id\":35,\"status\":1}', '{\"code\":200,\"message\":\"\"}', 1, '', NULL, '2022-06-10 15:26:53', NULL, 0);
INSERT INTO `sys_oper_log` (`id`, `title`, `business_type`, `method`, `request_method`, `operator_type`, `oper_name`, `dept_name`, `oper_url`, `oper_ip`, `oper_param`, `json_result`, `status`, `error_msg`, `oper_time`, `create_time`, `update_time`, `is_deleted`) VALUES (60, '', 'INSERT', 'com.atguigu.system.controller.SysMenuController.save()', 'POST', 'MANAGE', 'admin', '', '/admin/system/sysMenu/save', '127.0.0.1', '{\"select\":false,\"icon\":\"el-icon-phone\",\"type\":1,\"parentId\":35,\"path\":\"teacher/list\",\"sortValue\":1,\"component\":\"vod/teacher/list\",\"param\":{},\"name\":\"\",\"perms\":\"\",\"id\":36,\"status\":1}', '{\"code\":200,\"message\":\"\"}', 1, '', NULL, '2022-06-10 15:27:38', NULL, 0);
INSERT INTO `sys_oper_log` (`id`, `title`, `business_type`, `method`, `request_method`, `operator_type`, `oper_name`, `dept_name`, `oper_url`, `oper_ip`, `oper_param`, `json_result`, `status`, `error_msg`, `oper_time`, `create_time`, `update_time`, `is_deleted`) VALUES (61, '', 'INSERT', 'com.atguigu.system.controller.SysMenuController.save()', 'POST', 'MANAGE', 'admin', '', '/admin/system/sysMenu/save', '127.0.0.1', '{\"select\":false,\"icon\":\"\",\"type\":2,\"parentId\":36,\"path\":\"teacher/create\",\"sortValue\":1,\"component\":\"vod/teacher/form\",\"param\":{},\"name\":\"\",\"perms\":\"bnt.teacher.add\",\"id\":37,\"status\":1}', '{\"code\":200,\"message\":\"\"}', 1, '', NULL, '2022-06-10 15:28:27', NULL, 0);
INSERT INTO `sys_oper_log` (`id`, `title`, `business_type`, `method`, `request_method`, `operator_type`, `oper_name`, `dept_name`, `oper_url`, `oper_ip`, `oper_param`, `json_result`, `status`, `error_msg`, `oper_time`, `create_time`, `update_time`, `is_deleted`) VALUES (62, '', 'INSERT', 'com.atguigu.system.controller.SysMenuController.save()', 'POST', 'MANAGE', 'admin', '', '/admin/system/sysMenu/save', '127.0.0.1', '{\"select\":false,\"icon\":\"\",\"type\":2,\"parentId\":36,\"path\":\"teacher/edit/:id\",\"sortValue\":1,\"component\":\"vod/teacher/form\",\"param\":{},\"name\":\"\",\"perms\":\"bnt.teacher.update\",\"id\":38,\"status\":1}', '{\"code\":200,\"message\":\"\"}', 1, '', NULL, '2022-06-10 15:29:13', NULL, 0);
INSERT INTO `sys_oper_log` (`id`, `title`, `business_type`, `method`, `request_method`, `operator_type`, `oper_name`, `dept_name`, `oper_url`, `oper_ip`, `oper_param`, `json_result`, `status`, `error_msg`, `oper_time`, `create_time`, `update_time`, `is_deleted`) VALUES (63, '', 'INSERT', 'com.atguigu.system.controller.SysMenuController.save()', 'POST', 'MANAGE', 'admin', '', '/admin/system/sysMenu/save', '127.0.0.1', '{\"select\":false,\"icon\":\"\",\"type\":2,\"parentId\":36,\"path\":\"\",\"sortValue\":1,\"component\":\"\",\"param\":{},\"name\":\"\",\"perms\":\"bnt.teacher.list\",\"id\":39,\"status\":1}', '{\"code\":200,\"message\":\"\"}', 1, '', NULL, '2022-06-10 15:35:30', NULL, 0);
INSERT INTO `sys_oper_log` (`id`, `title`, `business_type`, `method`, `request_method`, `operator_type`, `oper_name`, `dept_name`, `oper_url`, `oper_ip`, `oper_param`, `json_result`, `status`, `error_msg`, `oper_time`, `create_time`, `update_time`, `is_deleted`) VALUES (64, '', 'INSERT', 'com.atguigu.system.controller.SysMenuController.save()', 'POST', 'MANAGE', 'admin', '', '/admin/system/sysMenu/save', '127.0.0.1', '{\"select\":false,\"icon\":\"el-icon-setting\",\"type\":0,\"parentId\":0,\"path\":\"oaSet\",\"sortValue\":1,\"component\":\"Layout\",\"param\":{},\"name\":\"\",\"perms\":\"\",\"id\":35,\"status\":1}', '{\"code\":200,\"message\":\"\"}', 1, '', NULL, '2022-12-01 09:32:46', NULL, 0);
INSERT INTO `sys_oper_log` (`id`, `title`, `business_type`, `method`, `request_method`, `operator_type`, `oper_name`, `dept_name`, `oper_url`, `oper_ip`, `oper_param`, `json_result`, `status`, `error_msg`, `oper_time`, `create_time`, `update_time`, `is_deleted`) VALUES (65, '', 'INSERT', 'com.atguigu.system.controller.SysMenuController.save()', 'POST', 'MANAGE', 'admin', '', '/admin/system/sysMenu/save', '127.0.0.1', '{\"select\":false,\"icon\":\"el-icon-s-help\",\"type\":1,\"parentId\":35,\"path\":\"form\",\"sortValue\":1,\"component\":\"oaSet/form/list\",\"param\":{},\"name\":\"\",\"perms\":\"\",\"id\":36,\"status\":1}', '{\"code\":200,\"message\":\"\"}', 1, '', NULL, '2022-12-01 09:37:08', NULL, 0);
INSERT INTO `sys_oper_log` (`id`, `title`, `business_type`, `method`, `request_method`, `operator_type`, `oper_name`, `dept_name`, `oper_url`, `oper_ip`, `oper_param`, `json_result`, `status`, `error_msg`, `oper_time`, `create_time`, `update_time`, `is_deleted`) VALUES (66, '', 'INSERT', 'com.atguigu.system.controller.SysMenuController.save()', 'POST', 'MANAGE', 'admin', '', '/admin/system/sysMenu/save', '127.0.0.1', '{\"select\":false,\"icon\":\"\",\"type\":2,\"parentId\":36,\"path\":\"\",\"sortValue\":1,\"component\":\"\",\"param\":{},\"name\":\"\",\"perms\":\"bnt.form.list\",\"id\":37,\"status\":1}', '{\"code\":200,\"message\":\"\"}', 1, '', NULL, '2022-12-01 09:37:49', NULL, 0);
INSERT INTO `sys_oper_log` (`id`, `title`, `business_type`, `method`, `request_method`, `operator_type`, `oper_name`, `dept_name`, `oper_url`, `oper_ip`, `oper_param`, `json_result`, `status`, `error_msg`, `oper_time`, `create_time`, `update_time`, `is_deleted`) VALUES (67, '', 'UPDATE', 'com.atguigu.system.controller.SysMenuController.updateById()', 'PUT', 'MANAGE', 'admin', '', '/admin/system/sysMenu/update', '127.0.0.1', '{\"select\":false,\"icon\":\"el-icon-s-help\",\"updateTime\":1669858628000,\"type\":1,\"parentId\":35,\"path\":\"form\",\"sortValue\":1,\"component\":\"oaSet/form/list\",\"isDeleted\":0,\"children\":[{\"select\":false,\"icon\":\"\",\"updateTime\":1669858669000,\"type\":2,\"parentId\":36,\"path\":\"\",\"sortValue\":1,\"component\":\"\",\"isDeleted\":0,\"children\":[],\"createTime\":1669858669000,\"param\":{},\"name\":\"\",\"perms\":\"bnt.form.list\",\"id\":37,\"status\":1}],\"createTime\":1669858628000,\"param\":{},\"name\":\"\",\"perms\":\"\",\"id\":36,\"status\":1}', '{\"code\":200,\"message\":\"\"}', 1, '', NULL, '2022-12-01 14:49:05', NULL, 0);
INSERT INTO `sys_oper_log` (`id`, `title`, `business_type`, `method`, `request_method`, `operator_type`, `oper_name`, `dept_name`, `oper_url`, `oper_ip`, `oper_param`, `json_result`, `status`, `error_msg`, `oper_time`, `create_time`, `update_time`, `is_deleted`) VALUES (68, '', 'INSERT', 'com.atguigu.system.controller.SysMenuController.save()', 'POST', 'MANAGE', 'admin', '', '/admin/system/sysMenu/save', '127.0.0.1', '{\"select\":false,\"icon\":\"\",\"type\":2,\"parentId\":36,\"path\":\"formSet\",\"sortValue\":1,\"component\":\"oaSet/form/formSet\",\"param\":{},\"name\":\"\",\"perms\":\"bnt.form.formSet\",\"id\":38,\"status\":1}', '{\"code\":200,\"message\":\"\"}', 1, '', NULL, '2022-12-01 14:52:08', NULL, 0);
INSERT INTO `sys_oper_log` (`id`, `title`, `business_type`, `method`, `request_method`, `operator_type`, `oper_name`, `dept_name`, `oper_url`, `oper_ip`, `oper_param`, `json_result`, `status`, `error_msg`, `oper_time`, `create_time`, `update_time`, `is_deleted`) VALUES (69, '', 'UPDATE', 'com.atguigu.system.controller.SysMenuController.updateById()', 'PUT', 'MANAGE', 'admin', '', '/admin/system/sysMenu/update', '127.0.0.1', '{\"select\":false,\"icon\":\"el-icon-s-help\",\"updateTime\":1669858628000,\"type\":1,\"parentId\":35,\"path\":\"processTemplate\",\"sortValue\":1,\"component\":\"oaSet/processTemplate/list\",\"isDeleted\":0,\"children\":[{\"select\":false,\"icon\":\"\",\"updateTime\":1669858669000,\"type\":2,\"parentId\":36,\"path\":\"\",\"sortValue\":1,\"component\":\"\",\"isDeleted\":0,\"children\":[],\"createTime\":1669858669000,\"param\":{},\"name\":\"\",\"perms\":\"bnt.form.list\",\"id\":37,\"status\":1},{\"select\":false,\"icon\":\"\",\"updateTime\":1669877528000,\"type\":2,\"parentId\":36,\"path\":\"formSet\",\"sortValue\":1,\"component\":\"oaSet/form/formSet\",\"isDeleted\":0,\"children\":[],\"createTime\":1669877528000,\"param\":{},\"name\":\"\",\"perms\":\"bnt.form.formSet\",\"id\":38,\"status\":1}],\"createTime\":1669858628000,\"param\":{},\"name\":\"\",\"perms\":\"\",\"id\":36,\"status\":1}', '{\"code\":200,\"message\":\"\"}', 1, '', NULL, '2022-12-02 14:44:27', NULL, 0);
INSERT INTO `sys_oper_log` (`id`, `title`, `business_type`, `method`, `request_method`, `operator_type`, `oper_name`, `dept_name`, `oper_url`, `oper_ip`, `oper_param`, `json_result`, `status`, `error_msg`, `oper_time`, `create_time`, `update_time`, `is_deleted`) VALUES (70, '', 'UPDATE', 'com.atguigu.system.controller.SysMenuController.updateById()', 'PUT', 'MANAGE', 'admin', '', '/admin/system/sysMenu/update', '127.0.0.1', '{\"select\":false,\"icon\":\"\",\"updateTime\":1669858669000,\"type\":2,\"parentId\":36,\"path\":\"\",\"sortValue\":1,\"component\":\"\",\"isDeleted\":0,\"children\":[],\"createTime\":1669858669000,\"param\":{},\"name\":\"\",\"perms\":\"bnt.processTemplate.list\",\"id\":37,\"status\":1}', '{\"code\":200,\"message\":\"\"}', 1, '', NULL, '2022-12-02 14:44:38', NULL, 0);
INSERT INTO `sys_oper_log` (`id`, `title`, `business_type`, `method`, `request_method`, `operator_type`, `oper_name`, `dept_name`, `oper_url`, `oper_ip`, `oper_param`, `json_result`, `status`, `error_msg`, `oper_time`, `create_time`, `update_time`, `is_deleted`) VALUES (71, '', 'UPDATE', 'com.atguigu.system.controller.SysMenuController.updateById()', 'PUT', 'MANAGE', 'admin', '', '/admin/system/sysMenu/update', '127.0.0.1', '{\"select\":false,\"icon\":\"\",\"updateTime\":1669877528000,\"type\":2,\"parentId\":36,\"path\":\"formSet\",\"sortValue\":1,\"component\":\"oaSet/processTemplate/formSet\",\"isDeleted\":0,\"children\":[],\"createTime\":1669877528000,\"param\":{},\"name\":\"\",\"perms\":\"bnt.processTemplate.formSet\",\"id\":38,\"status\":1}', '{\"code\":200,\"message\":\"\"}', 1, '', NULL, '2022-12-02 14:44:50', NULL, 0);
INSERT INTO `sys_oper_log` (`id`, `title`, `business_type`, `method`, `request_method`, `operator_type`, `oper_name`, `dept_name`, `oper_url`, `oper_ip`, `oper_param`, `json_result`, `status`, `error_msg`, `oper_time`, `create_time`, `update_time`, `is_deleted`) VALUES (72, '', 'INSERT', 'com.atguigu.system.controller.SysMenuController.save()', 'POST', 'MANAGE', 'admin', '', '/admin/system/sysMenu/save', '127.0.0.1', '{\"select\":false,\"icon\":\"el-icon-s-unfold\",\"type\":1,\"parentId\":35,\"path\":\"processType\",\"sortValue\":1,\"component\":\"/oaSet/ProcessType/list\",\"param\":{},\"name\":\"\",\"perms\":\"\",\"id\":39,\"status\":1}', '{\"code\":200,\"message\":\"\"}', 1, '', NULL, '2022-12-02 14:46:18', NULL, 0);
INSERT INTO `sys_oper_log` (`id`, `title`, `business_type`, `method`, `request_method`, `operator_type`, `oper_name`, `dept_name`, `oper_url`, `oper_ip`, `oper_param`, `json_result`, `status`, `error_msg`, `oper_time`, `create_time`, `update_time`, `is_deleted`) VALUES (73, '', 'INSERT', 'com.atguigu.system.controller.SysMenuController.save()', 'POST', 'MANAGE', 'admin', '', '/admin/system/sysMenu/save', '127.0.0.1', '{\"select\":false,\"icon\":\"\",\"type\":2,\"parentId\":39,\"path\":\"\",\"sortValue\":1,\"component\":\"\",\"param\":{},\"name\":\"\",\"perms\":\"bnt.processType.list\",\"id\":40,\"status\":1}', '{\"code\":200,\"message\":\"\"}', 1, '', NULL, '2022-12-02 14:46:41', NULL, 0);
INSERT INTO `sys_oper_log` (`id`, `title`, `business_type`, `method`, `request_method`, `operator_type`, `oper_name`, `dept_name`, `oper_url`, `oper_ip`, `oper_param`, `json_result`, `status`, `error_msg`, `oper_time`, `create_time`, `update_time`, `is_deleted`) VALUES (74, '', 'UPDATE', 'com.atguigu.system.controller.SysMenuController.updateById()', 'PUT', 'MANAGE', 'admin', '', '/admin/system/sysMenu/update', '127.0.0.1', '{\"select\":false,\"icon\":\"el-icon-setting\",\"updateTime\":1669858366000,\"type\":0,\"parentId\":0,\"path\":\"processSet\",\"sortValue\":1,\"component\":\"Layout\",\"isDeleted\":0,\"children\":[{\"select\":false,\"icon\":\"el-icon-s-help\",\"updateTime\":1669858628000,\"type\":1,\"parentId\":35,\"path\":\"processTemplate\",\"sortValue\":1,\"component\":\"oaSet/processTemplate/list\",\"isDeleted\":0,\"children\":[{\"select\":false,\"icon\":\"\",\"updateTime\":1669858669000,\"type\":2,\"parentId\":36,\"path\":\"\",\"sortValue\":1,\"component\":\"\",\"isDeleted\":0,\"children\":[],\"createTime\":1669858669000,\"param\":{},\"name\":\"\",\"perms\":\"bnt.processTemplate.list\",\"id\":37,\"status\":1},{\"select\":false,\"icon\":\"\",\"updateTime\":1669877528000,\"type\":2,\"parentId\":36,\"path\":\"formSet\",\"sortValue\":1,\"component\":\"oaSet/processTemplate/formSet\",\"isDeleted\":0,\"children\":[],\"createTime\":1669877528000,\"param\":{},\"name\":\"\",\"perms\":\"bnt.processTemplate.formSet\",\"id\":38,\"status\":1}],\"createTime\":1669858628000,\"param\":{},\"name\":\"\",\"perms\":\"\",\"id\":36,\"status\":1},{\"select\":false,\"icon\":\"el-icon-s-unfold\",\"updateTime\":1669963578000,\"type\":1,\"parentId\":35,\"path\":\"processType\",\"sortValue\":1,\"component\":\"/oaSet/ProcessType/list\",\"isDeleted\":0,\"children\":[{\"select\":false,\"icon\":\"\",\"updateTime\":1669963601000,\"type\":2,\"parentId\":39,\"path\":\"\",\"sortValue\":1,\"component\":\"\",\"isDeleted\":0,\"children\":[],\"createTime\":1669963601000,\"param\":{},\"name\":\"\",\"perms\":\"bnt.processType.list\",\"id\":40,\"status\":1}],\"createTime\":1669963578000,\"param\":{},\"name\":\"\",\"perms\":\"\",\"id\":39,\"status\":1}],\"createTime\":1669858366000,\"param\":{},\"name\":\"\",\"perms\":\"\",\"id\":35,\"status\":1}', '{\"code\":200,\"message\":\"\"}', 1, '', NULL, '2022-12-02 14:47:12', NULL, 0);
INSERT INTO `sys_oper_log` (`id`, `title`, `business_type`, `method`, `request_method`, `operator_type`, `oper_name`, `dept_name`, `oper_url`, `oper_ip`, `oper_param`, `json_result`, `status`, `error_msg`, `oper_time`, `create_time`, `update_time`, `is_deleted`) VALUES (75, '', 'INSERT', 'com.atguigu.system.controller.SysMenuController.save()', 'POST', 'MANAGE', 'admin', '', '/admin/system/sysMenu/save', '127.0.0.1', '{\"select\":false,\"icon\":\"el-icon-more-outline\",\"type\":0,\"parentId\":0,\"path\":\"processMgr\",\"sortValue\":1,\"component\":\"Layout\",\"param\":{},\"name\":\"\",\"perms\":\"\",\"id\":41,\"status\":1}', '{\"code\":200,\"message\":\"\"}', 1, '', NULL, '2022-12-02 14:48:11', NULL, 0);
INSERT INTO `sys_oper_log` (`id`, `title`, `business_type`, `method`, `request_method`, `operator_type`, `oper_name`, `dept_name`, `oper_url`, `oper_ip`, `oper_param`, `json_result`, `status`, `error_msg`, `oper_time`, `create_time`, `update_time`, `is_deleted`) VALUES (76, '', 'INSERT', 'com.atguigu.system.controller.SysMenuController.save()', 'POST', 'MANAGE', 'admin', '', '/admin/system/sysMenu/save', '127.0.0.1', '{\"select\":false,\"icon\":\"el-icon-document-remove\",\"type\":1,\"parentId\":41,\"path\":\"process\",\"sortValue\":1,\"component\":\"/processMgr/process/list\",\"param\":{},\"name\":\"\",\"perms\":\"\",\"id\":42,\"status\":1}', '{\"code\":200,\"message\":\"\"}', 1, '', NULL, '2022-12-02 14:49:06', NULL, 0);
INSERT INTO `sys_oper_log` (`id`, `title`, `business_type`, `method`, `request_method`, `operator_type`, `oper_name`, `dept_name`, `oper_url`, `oper_ip`, `oper_param`, `json_result`, `status`, `error_msg`, `oper_time`, `create_time`, `update_time`, `is_deleted`) VALUES (77, '', 'INSERT', 'com.atguigu.system.controller.SysMenuController.save()', 'POST', 'MANAGE', 'admin', '', '/admin/system/sysMenu/save', '127.0.0.1', '{\"select\":false,\"icon\":\"\",\"type\":2,\"parentId\":42,\"path\":\"\",\"sortValue\":1,\"component\":\"\",\"param\":{},\"name\":\"\",\"perms\":\"bnt.process.list\",\"id\":43,\"status\":1}', '{\"code\":200,\"message\":\"\"}', 1, '', NULL, '2022-12-02 14:49:24', NULL, 0);
INSERT INTO `sys_oper_log` (`id`, `title`, `business_type`, `method`, `request_method`, `operator_type`, `oper_name`, `dept_name`, `oper_url`, `oper_ip`, `oper_param`, `json_result`, `status`, `error_msg`, `oper_time`, `create_time`, `update_time`, `is_deleted`) VALUES (78, '', 'UPDATE', 'com.atguigu.system.controller.SysMenuController.updateById()', 'PUT', 'MANAGE', 'admin', '', '/admin/system/sysMenu/update', '127.0.0.1', '{\"select\":false,\"icon\":\"\",\"updateTime\":1669964346000,\"type\":2,\"parentId\":36,\"path\":\"templateSet\",\"sortValue\":1,\"component\":\"processSet/processTemplate/templateSet\",\"isDeleted\":0,\"children\":[],\"createTime\":1669877528000,\"param\":{},\"name\":\"\",\"perms\":\"bnt.processTemplate.templateSet\",\"id\":38,\"status\":1}', '{\"code\":200,\"message\":\"\"}', 1, '', NULL, '2022-12-05 14:22:20', NULL, 0);
INSERT INTO `sys_oper_log` (`id`, `title`, `business_type`, `method`, `request_method`, `operator_type`, `oper_name`, `dept_name`, `oper_url`, `oper_ip`, `oper_param`, `json_result`, `status`, `error_msg`, `oper_time`, `create_time`, `update_time`, `is_deleted`) VALUES (79, '', 'UPDATE', 'com.atguigu.system.controller.SysPostController.updateById()', 'PUT', 'MANAGE', 'admin', '', '/admin/system/sysPost/update', '127.0.0.1', '{\"isDeleted\":0,\"createTime\":1653359648000,\"param\":{},\"name\":\"\",\"description\":\"2\",\"postCode\":\"jl\",\"id\":6,\"status\":1}', '{\"code\":200,\"message\":\"\"}', 1, '', NULL, '2022-12-07 16:00:36', NULL, 0);
INSERT INTO `sys_oper_log` (`id`, `title`, `business_type`, `method`, `request_method`, `operator_type`, `oper_name`, `dept_name`, `oper_url`, `oper_ip`, `oper_param`, `json_result`, `status`, `error_msg`, `oper_time`, `create_time`, `update_time`, `is_deleted`) VALUES (80, '', 'UPDATE', 'com.atguigu.system.controller.SysPostController.updateById()', 'PUT', 'MANAGE', 'admin', '', '/admin/system/sysPost/update', '127.0.0.1', '{\"isDeleted\":0,\"createTime\":1654679661000,\"param\":{},\"name\":\"\",\"description\":\"\",\"postCode\":\"zjl\",\"id\":8,\"status\":1}', '{\"code\":200,\"message\":\"\"}', 1, '', NULL, '2022-12-07 16:01:13', NULL, 0);
INSERT INTO `sys_oper_log` (`id`, `title`, `business_type`, `method`, `request_method`, `operator_type`, `oper_name`, `dept_name`, `oper_url`, `oper_ip`, `oper_param`, `json_result`, `status`, `error_msg`, `oper_time`, `create_time`, `update_time`, `is_deleted`) VALUES (81, '', 'UPDATE', 'com.atguigu.system.controller.SysPostController.updateById()', 'PUT', 'MANAGE', 'admin', '', '/admin/system/sysPost/update', '127.0.0.1', '{\"isDeleted\":0,\"createTime\":1653359633000,\"param\":{},\"name\":\"\",\"description\":\"1\",\"postCode\":\"rsjl\",\"id\":5,\"status\":1}', '{\"code\":200,\"message\":\"\"}', 1, '', NULL, '2022-12-07 16:03:05', NULL, 0);
INSERT INTO `sys_oper_log` (`id`, `title`, `business_type`, `method`, `request_method`, `operator_type`, `oper_name`, `dept_name`, `oper_url`, `oper_ip`, `oper_param`, `json_result`, `status`, `error_msg`, `oper_time`, `create_time`, `update_time`, `is_deleted`) VALUES (82, '', 'INSERT', 'com.atguigu.system.controller.SysPostController.save()', 'POST', 'MANAGE', 'admin', '', '/admin/system/sysPost/save', '127.0.0.1', '{\"param\":{},\"name\":\"\",\"description\":\"\",\"postCode\":\"bj\",\"id\":9,\"status\":1}', '{\"code\":200,\"message\":\"\"}', 1, '', NULL, '2022-12-07 16:04:10', NULL, 0);
INSERT INTO `sys_oper_log` (`id`, `title`, `business_type`, `method`, `request_method`, `operator_type`, `oper_name`, `dept_name`, `oper_url`, `oper_ip`, `oper_param`, `json_result`, `status`, `error_msg`, `oper_time`, `create_time`, `update_time`, `is_deleted`) VALUES (83, '', 'UPDATE', 'com.atguigu.system.controller.SysUserController.updateById()', 'PUT', 'MANAGE', 'admin', '', '/admin/system/sysUser/update', '127.0.0.1', '{\"openId\":\"omwf25izKON9dktgoy0dogqvnGhk\",\"deptId\":1021,\"updateTime\":1670309043000,\"postId\":9,\"password\":\"96e79218965eb72c92a549dd5a330112\",\"isDeleted\":0,\"createTime\":1670290351000,\"param\":{},\"phone\":\"15245632152\",\"name\":\"test\",\"id\":4,\"status\":1,\"username\":\"test\"}', '{\"code\":200,\"message\":\"\"}', 1, '', NULL, '2022-12-07 16:04:35', NULL, 0);
INSERT INTO `sys_oper_log` (`id`, `title`, `business_type`, `method`, `request_method`, `operator_type`, `oper_name`, `dept_name`, `oper_url`, `oper_ip`, `oper_param`, `json_result`, `status`, `error_msg`, `oper_time`, `create_time`, `update_time`, `is_deleted`) VALUES (84, '', 'UPDATE', 'com.atguigu.system.controller.SysUserController.updateById()', 'PUT', 'MANAGE', 'admin', '', '/admin/system/sysUser/update', '127.0.0.1', '{\"openId\":\"omwf25izKON9dktgoy0dogqvnGhk\",\"deptId\":10,\"headUrl\":\"http://r61cnlsfq.hn-bkt.clouddn.com/7daa4595-dfde-45da-8513-c5c2b81d20cc\",\"updateTime\":1653449665000,\"postId\":8,\"password\":\"96e79218965eb72c92a549dd5a330112\",\"isDeleted\":0,\"createTime\":1622455723000,\"param\":{},\"phone\":\"15099909888\",\"name\":\"admin\",\"id\":1,\"status\":1,\"username\":\"admin\"}', '{\"code\":200,\"message\":\"\"}', 1, '', NULL, '2022-12-07 16:05:08', NULL, 0);
INSERT INTO `sys_oper_log` (`id`, `title`, `business_type`, `method`, `request_method`, `operator_type`, `oper_name`, `dept_name`, `oper_url`, `oper_ip`, `oper_param`, `json_result`, `status`, `error_msg`, `oper_time`, `create_time`, `update_time`, `is_deleted`) VALUES (85, '', 'UPDATE', 'com.atguigu.system.controller.SysUserController.updateById()', 'PUT', 'MANAGE', 'admin', '', '/admin/system/sysUser/update', '127.0.0.1', '{\"openId\":\"omwf25izKON9dktgoy0dogqvnGhk\",\"deptId\":1022,\"headUrl\":\"http://r61cnlsfq.hn-bkt.clouddn.com/b09b3467-3d99-437a-bd2e-dd8c9be92bb8\",\"updateTime\":1670309041000,\"postId\":6,\"password\":\"96e79218965eb72c92a549dd5a330112\",\"isDeleted\":0,\"createTime\":1644287738000,\"param\":{},\"phone\":\"15010546381\",\"name\":\"\",\"id\":2,\"status\":1,\"username\":\"jingli\"}', '{\"code\":200,\"message\":\"\"}', 1, '', NULL, '2022-12-07 16:45:23', NULL, 0);
INSERT INTO `sys_oper_log` (`id`, `title`, `business_type`, `method`, `request_method`, `operator_type`, `oper_name`, `dept_name`, `oper_url`, `oper_ip`, `oper_param`, `json_result`, `status`, `error_msg`, `oper_time`, `create_time`, `update_time`, `is_deleted`) VALUES (86, '', 'UPDATE', 'com.atguigu.system.controller.SysUserController.updateById()', 'PUT', 'MANAGE', 'admin', '', '/admin/system/sysUser/update', '127.0.0.1', '{\"openId\":\"omwf25izKON9dktgoy0dogqvnGhk\",\"deptId\":1024,\"updateTime\":1670309042000,\"postId\":5,\"password\":\"96e79218965eb72c92a549dd5a330112\",\"isDeleted\":0,\"createTime\":1653361540000,\"param\":{},\"phone\":\"18909098909\",\"name\":\"\",\"id\":3,\"status\":1,\"username\":\"rsjl\"}', '{\"code\":200,\"message\":\"\"}', 1, '', NULL, '2022-12-07 16:46:02', NULL, 0);
INSERT INTO `sys_oper_log` (`id`, `title`, `business_type`, `method`, `request_method`, `operator_type`, `oper_name`, `dept_name`, `oper_url`, `oper_ip`, `oper_param`, `json_result`, `status`, `error_msg`, `oper_time`, `create_time`, `update_time`, `is_deleted`) VALUES (87, '', 'INSERT', 'com.atguigu.system.controller.SysUserController.save()', 'POST', 'MANAGE', 'admin', '', '/admin/system/sysUser/save', '127.0.0.1', '{\"deptId\":10,\"postId\":8,\"password\":\"96e79218965eb72c92a549dd5a330112\",\"param\":{},\"phone\":\"16325412563\",\"name\":\"\",\"id\":5,\"status\":1,\"username\":\"zjl\"}', '{\"code\":200,\"message\":\"\"}', 1, '', NULL, '2022-12-07 16:47:00', NULL, 0);
INSERT INTO `sys_oper_log` (`id`, `title`, `business_type`, `method`, `request_method`, `operator_type`, `oper_name`, `dept_name`, `oper_url`, `oper_ip`, `oper_param`, `json_result`, `status`, `error_msg`, `oper_time`, `create_time`, `update_time`, `is_deleted`) VALUES (88, '', 'INSERT', 'com.atguigu.system.controller.SysPostController.save()', 'POST', 'MANAGE', 'admin', '', '/admin/system/sysPost/save', '127.0.0.1', '{\"param\":{},\"name\":\"\",\"description\":\"\",\"postCode\":\"js\",\"id\":10,\"status\":1}', '{\"code\":200,\"message\":\"\"}', 1, '', NULL, '2022-12-07 16:47:34', NULL, 0);
INSERT INTO `sys_oper_log` (`id`, `title`, `business_type`, `method`, `request_method`, `operator_type`, `oper_name`, `dept_name`, `oper_url`, `oper_ip`, `oper_param`, `json_result`, `status`, `error_msg`, `oper_time`, `create_time`, `update_time`, `is_deleted`) VALUES (89, '', 'UPDATE', 'com.atguigu.system.controller.SysUserController.updateById()', 'PUT', 'MANAGE', 'admin', '', '/admin/system/sysUser/update', '127.0.0.1', '{\"openId\":\"omwf25izKON9dktgoy0dogqvnGhk\",\"deptId\":1021,\"updateTime\":1670309043000,\"postId\":10,\"password\":\"96e79218965eb72c92a549dd5a330112\",\"isDeleted\":0,\"createTime\":1670290351000,\"param\":{},\"phone\":\"15245632152\",\"name\":\"\",\"id\":4,\"status\":1,\"username\":\"lijiangshi\"}', '{\"code\":200,\"message\":\"\"}', 1, '', NULL, '2022-12-07 16:49:32', NULL, 0);
INSERT INTO `sys_oper_log` (`id`, `title`, `business_type`, `method`, `request_method`, `operator_type`, `oper_name`, `dept_name`, `oper_url`, `oper_ip`, `oper_param`, `json_result`, `status`, `error_msg`, `oper_time`, `create_time`, `update_time`, `is_deleted`) VALUES (90, '', 'INSERT', 'com.atguigu.system.controller.SysDeptController.save()', 'POST', 'MANAGE', 'admin', '', '/admin/system/sysDept/save', '127.0.0.1', '{\"leader\":\"\",\"parentId\":1,\"param\":{},\"phone\":\"\",\"name\":\"\",\"id\":2018,\"treePath\":\",1,1,\"}', '{\"code\":200,\"message\":\"\"}', 1, '', NULL, '2022-12-07 16:49:56', NULL, 0);
INSERT INTO `sys_oper_log` (`id`, `title`, `business_type`, `method`, `request_method`, `operator_type`, `oper_name`, `dept_name`, `oper_url`, `oper_ip`, `oper_param`, `json_result`, `status`, `error_msg`, `oper_time`, `create_time`, `update_time`, `is_deleted`) VALUES (91, '', 'UPDATE', 'com.atguigu.system.controller.SysUserController.updateById()', 'PUT', 'MANAGE', 'admin', '', '/admin/system/sysUser/update', '127.0.0.1', '{\"openId\":\"omwf25izKON9dktgoy0dogqvnGhk\",\"deptId\":2018,\"updateTime\":1670309042000,\"postId\":5,\"password\":\"96e79218965eb72c92a549dd5a330112\",\"isDeleted\":0,\"createTime\":1653361540000,\"param\":{},\"phone\":\"18909098909\",\"name\":\"\",\"id\":3,\"status\":1,\"username\":\"rsjl\"}', '{\"code\":200,\"message\":\"\"}', 1, '', NULL, '2022-12-07 16:50:12', NULL, 0);
INSERT INTO `sys_oper_log` (`id`, `title`, `business_type`, `method`, `request_method`, `operator_type`, `oper_name`, `dept_name`, `oper_url`, `oper_ip`, `oper_param`, `json_result`, `status`, `error_msg`, `oper_time`, `create_time`, `update_time`, `is_deleted`) VALUES (92, '', 'INSERT', 'com.atguigu.system.controller.SysMenuController.save()', 'POST', 'MANAGE', 'admin', '', '/admin/system/sysMenu/save', '127.0.0.1', '{\"select\":false,\"icon\":\"\",\"type\":2,\"parentId\":36,\"path\":\"onlineProcessSet\",\"sortValue\":1,\"component\":\"processSet/processTemplate/onlineProcessSet\",\"param\":{},\"name\":\"\",\"perms\":\"bnt.processTemplate.onlineProcessSet\",\"id\":44,\"status\":1}', '{\"code\":200,\"message\":\"\"}', 1, '', NULL, '2022-12-08 10:13:15', NULL, 0);
INSERT INTO `sys_oper_log` (`id`, `title`, `business_type`, `method`, `request_method`, `operator_type`, `oper_name`, `dept_name`, `oper_url`, `oper_ip`, `oper_param`, `json_result`, `status`, `error_msg`, `oper_time`, `create_time`, `update_time`, `is_deleted`) VALUES (93, '', 'INSERT', 'com.atguigu.system.controller.SysMenuController.save()', 'POST', 'MANAGE', 'admin', '', '/admin/system/sysMenu/save', '127.0.0.1', '{\"select\":false,\"icon\":\"\",\"type\":2,\"parentId\":39,\"path\":\"\",\"sortValue\":1,\"component\":\"\",\"param\":{},\"name\":\"\",\"perms\":\"bnt.processType.add\",\"id\":45,\"status\":1}', '{\"code\":200,\"message\":\"\"}', 1, '', NULL, '2022-12-09 09:14:53', NULL, 0);
INSERT INTO `sys_oper_log` (`id`, `title`, `business_type`, `method`, `request_method`, `operator_type`, `oper_name`, `dept_name`, `oper_url`, `oper_ip`, `oper_param`, `json_result`, `status`, `error_msg`, `oper_time`, `create_time`, `update_time`, `is_deleted`) VALUES (94, '', 'INSERT', 'com.atguigu.system.controller.SysMenuController.save()', 'POST', 'MANAGE', 'admin', '', '/admin/system/sysMenu/save', '127.0.0.1', '{\"select\":false,\"icon\":\"\",\"type\":2,\"parentId\":39,\"path\":\"\",\"sortValue\":1,\"component\":\"\",\"param\":{},\"name\":\"\",\"perms\":\"bnt.processType.update\",\"id\":46,\"status\":1}', '{\"code\":200,\"message\":\"\"}', 1, '', NULL, '2022-12-09 09:15:10', NULL, 0);
INSERT INTO `sys_oper_log` (`id`, `title`, `business_type`, `method`, `request_method`, `operator_type`, `oper_name`, `dept_name`, `oper_url`, `oper_ip`, `oper_param`, `json_result`, `status`, `error_msg`, `oper_time`, `create_time`, `update_time`, `is_deleted`) VALUES (95, '', 'INSERT', 'com.atguigu.system.controller.SysMenuController.save()', 'POST', 'MANAGE', 'admin', '', '/admin/system/sysMenu/save', '127.0.0.1', '{\"select\":false,\"icon\":\"\",\"type\":2,\"parentId\":39,\"path\":\"\",\"sortValue\":1,\"component\":\"\",\"param\":{},\"name\":\"\",\"perms\":\"bnt.processType.remove\",\"id\":47,\"status\":1}', '{\"code\":200,\"message\":\"\"}', 1, '', NULL, '2022-12-09 09:15:25', NULL, 0);
INSERT INTO `sys_oper_log` (`id`, `title`, `business_type`, `method`, `request_method`, `operator_type`, `oper_name`, `dept_name`, `oper_url`, `oper_ip`, `oper_param`, `json_result`, `status`, `error_msg`, `oper_time`, `create_time`, `update_time`, `is_deleted`) VALUES (96, '', 'INSERT', 'com.atguigu.system.controller.SysMenuController.save()', 'POST', 'MANAGE', 'admin', '', '/admin/system/sysMenu/save', '127.0.0.1', '{\"select\":false,\"icon\":\"\",\"type\":2,\"parentId\":36,\"path\":\"\",\"sortValue\":1,\"component\":\"\",\"param\":{},\"name\":\"\",\"perms\":\"bnt.processTemplate.remove\",\"id\":48,\"status\":1}', '{\"code\":200,\"message\":\"\"}', 1, '', NULL, '2022-12-09 09:22:29', NULL, 0);
INSERT INTO `sys_oper_log` (`id`, `title`, `business_type`, `method`, `request_method`, `operator_type`, `oper_name`, `dept_name`, `oper_url`, `oper_ip`, `oper_param`, `json_result`, `status`, `error_msg`, `oper_time`, `create_time`, `update_time`, `is_deleted`) VALUES (97, '', 'INSERT', 'com.atguigu.system.controller.SysMenuController.save()', 'POST', 'MANAGE', 'admin', '', '/admin/system/sysMenu/save', '127.0.0.1', '{\"select\":false,\"icon\":\"\",\"type\":2,\"parentId\":36,\"path\":\"\",\"sortValue\":1,\"component\":\"\",\"param\":{},\"name\":\"\",\"perms\":\"bnt.processTemplate.publish\",\"id\":49,\"status\":1}', '{\"code\":200,\"message\":\"\"}', 1, '', NULL, '2022-12-09 09:24:47', NULL, 0);
COMMIT;

-- ----------------------------
-- Table structure for sys_post
-- ----------------------------
DROP TABLE IF EXISTS `sys_post`;
CREATE TABLE `sys_post` (
  `id` bigint NOT NULL AUTO_INCREMENT COMMENT 'ID',
  `post_code` varchar(64) NOT NULL COMMENT '',
  `name` varchar(50) NOT NULL DEFAULT '' COMMENT '',
  `description` varchar(255) NOT NULL DEFAULT '' COMMENT '',
  `status` tinyint(1) NOT NULL DEFAULT '1' COMMENT '1 0',
  `create_time` timestamp NOT NULL DEFAULT CURRENT_TIMESTAMP ON UPDATE CURRENT_TIMESTAMP,
  `update_time` timestamp NULL DEFAULT NULL ON UPDATE CURRENT_TIMESTAMP,
  `is_deleted` tinyint NOT NULL DEFAULT '0' COMMENT '0: 1:',
  PRIMARY KEY (`id`) USING BTREE
) ENGINE=InnoDB AUTO_INCREMENT=11 DEFAULT CHARSET=utf8mb3 COMMENT='';

-- ----------------------------
-- Records of sys_post
-- ----------------------------
BEGIN;
INSERT INTO `sys_post` (`id`, `post_code`, `name`, `description`, `status`, `create_time`, `update_time`, `is_deleted`) VALUES (5, 'rsjl', '', '1', 1, '2022-05-24 10:33:53', '2022-12-07 16:03:05', 0);
INSERT INTO `sys_post` (`id`, `post_code`, `name`, `description`, `status`, `create_time`, `update_time`, `is_deleted`) VALUES (6, 'jl', '', '2', 1, '2022-05-24 10:34:08', '2022-12-07 16:00:36', 0);
INSERT INTO `sys_post` (`id`, `post_code`, `name`, `description`, `status`, `create_time`, `update_time`, `is_deleted`) VALUES (7, 'wz', '', '', 1, '2022-05-27 08:56:41', '2022-05-27 08:56:41', 1);
INSERT INTO `sys_post` (`id`, `post_code`, `name`, `description`, `status`, `create_time`, `update_time`, `is_deleted`) VALUES (8, 'zjl', '', '', 1, '2022-06-08 17:14:21', '2022-12-07 16:01:13', 0);
INSERT INTO `sys_post` (`id`, `post_code`, `name`, `description`, `status`, `create_time`, `update_time`, `is_deleted`) VALUES (9, 'bj', '', '', 1, '2022-12-07 16:04:10', NULL, 0);
INSERT INTO `sys_post` (`id`, `post_code`, `name`, `description`, `status`, `create_time`, `update_time`, `is_deleted`) VALUES (10, 'yg', '', '', 1, '2022-12-07 16:47:34', '2022-12-22 10:04:29', 0);
COMMIT;

-- ----------------------------
-- Table structure for sys_role
-- ----------------------------
DROP TABLE IF EXISTS `sys_role`;
CREATE TABLE `sys_role` (
  `id` bigint NOT NULL AUTO_INCREMENT COMMENT 'id',
  `role_name` varchar(20) CHARACTER SET utf8 COLLATE utf8_general_ci NOT NULL DEFAULT '' COMMENT '',
  `role_code` varchar(20) CHARACTER SET utf8 COLLATE utf8_general_ci DEFAULT NULL COMMENT '',
  `description` varchar(255) CHARACTER SET utf8 COLLATE utf8_general_ci DEFAULT NULL COMMENT '',
  `create_time` timestamp NOT NULL DEFAULT CURRENT_TIMESTAMP COMMENT '',
  `update_time` timestamp NOT NULL DEFAULT CURRENT_TIMESTAMP ON UPDATE CURRENT_TIMESTAMP COMMENT '',
  `is_deleted` tinyint NOT NULL DEFAULT '0' COMMENT '0: 1:',
  PRIMARY KEY (`id`)
) ENGINE=InnoDB AUTO_INCREMENT=9 DEFAULT CHARSET=utf8mb4 COLLATE=utf8mb4_0900_ai_ci STATS_AUTO_RECALC=1 COMMENT='';

-- ----------------------------
-- Records of sys_role
-- ----------------------------
BEGIN;
INSERT INTO `sys_role` (`id`, `role_name`, `role_code`, `description`, `create_time`, `update_time`, `is_deleted`) VALUES (1, '', 'SYSTEM', '', '2023-06-09 12:12:55', '2023-06-10 04:12:59', 0);
INSERT INTO `sys_role` (`id`, `role_name`, `role_code`, `description`, `create_time`, `update_time`, `is_deleted`) VALUES (2, '', 'COMMON', '', '2023-06-09 12:12:55', '2023-06-10 04:13:03', 0);
INSERT INTO `sys_role` (`id`, `role_name`, `role_code`, `description`, `create_time`, `update_time`, `is_deleted`) VALUES (3, '', 'yhgly', NULL, '2023-06-09 12:12:55', '2023-06-10 04:13:05', 0);
INSERT INTO `sys_role` (`id`, `role_name`, `role_code`, `description`, `create_time`, `update_time`, `is_deleted`) VALUES (4, '1', '3', NULL, '2023-06-09 04:14:59', '2023-06-09 04:22:44', 1);
INSERT INTO `sys_role` (`id`, `role_name`, `role_code`, `description`, `create_time`, `update_time`, `is_deleted`) VALUES (5, 'q', 'q', NULL, '2023-06-09 04:22:34', '2023-06-09 04:22:44', 1);
INSERT INTO `sys_role` (`id`, `role_name`, `role_code`, `description`, `create_time`, `update_time`, `is_deleted`) VALUES (6, 'q', 'qq', NULL, '2023-06-09 04:22:40', '2023-06-09 04:23:35', 1);
INSERT INTO `sys_role` (`id`, `role_name`, `role_code`, `description`, `create_time`, `update_time`, `is_deleted`) VALUES (7, '', '', NULL, '2023-06-09 10:51:24', '2023-06-09 10:51:24', 0);
INSERT INTO `sys_role` (`id`, `role_name`, `role_code`, `description`, `create_time`, `update_time`, `is_deleted`) VALUES (8, '12', '12', NULL, '2023-06-11 04:24:43', '2023-06-11 04:24:43', 0);
COMMIT;

-- ----------------------------
-- Table structure for sys_role_menu
-- ----------------------------
DROP TABLE IF EXISTS `sys_role_menu`;
CREATE TABLE `sys_role_menu` (
  `id` bigint NOT NULL AUTO_INCREMENT,
  `role_id` bigint NOT NULL DEFAULT '0',
  `menu_id` bigint NOT NULL DEFAULT '0',
  `create_time` timestamp NOT NULL DEFAULT CURRENT_TIMESTAMP COMMENT '',
  `update_time` timestamp NOT NULL DEFAULT CURRENT_TIMESTAMP ON UPDATE CURRENT_TIMESTAMP COMMENT '',
  `is_deleted` tinyint NOT NULL DEFAULT '0' COMMENT '0: 1:',
  PRIMARY KEY (`id`),
  KEY `idx_role_id` (`role_id`),
  KEY `idx_menu_id` (`menu_id`)
) ENGINE=InnoDB AUTO_INCREMENT=193 DEFAULT CHARSET=utf8mb3 COMMENT='';

-- ----------------------------
-- Records of sys_role_menu
-- ----------------------------
BEGIN;
INSERT INTO `sys_role_menu` (`id`, `role_id`, `menu_id`, `create_time`, `update_time`, `is_deleted`) VALUES (1, 2, 2, '2022-06-02 16:11:27', '2023-06-10 05:01:46', 1);
INSERT INTO `sys_role_menu` (`id`, `role_id`, `menu_id`, `create_time`, `update_time`, `is_deleted`) VALUES (2, 2, 3, '2022-06-02 16:11:27', '2023-06-10 05:01:46', 1);
INSERT INTO `sys_role_menu` (`id`, `role_id`, `menu_id`, `create_time`, `update_time`, `is_deleted`) VALUES (3, 2, 6, '2022-06-02 16:11:27', '2023-06-10 05:01:46', 1);
INSERT INTO `sys_role_menu` (`id`, `role_id`, `menu_id`, `create_time`, `update_time`, `is_deleted`) VALUES (4, 2, 7, '2022-06-02 16:11:27', '2023-06-10 05:01:46', 1);
INSERT INTO `sys_role_menu` (`id`, `role_id`, `menu_id`, `create_time`, `update_time`, `is_deleted`) VALUES (5, 2, 8, '2022-06-02 16:11:27', '2023-06-10 05:01:46', 1);
INSERT INTO `sys_role_menu` (`id`, `role_id`, `menu_id`, `create_time`, `update_time`, `is_deleted`) VALUES (6, 2, 9, '2022-06-02 16:11:27', '2023-06-10 05:01:46', 1);
INSERT INTO `sys_role_menu` (`id`, `role_id`, `menu_id`, `create_time`, `update_time`, `is_deleted`) VALUES (7, 2, 18, '2022-06-02 16:11:27', '2023-06-10 05:01:46', 1);
INSERT INTO `sys_role_menu` (`id`, `role_id`, `menu_id`, `create_time`, `update_time`, `is_deleted`) VALUES (8, 2, 4, '2022-06-02 16:11:27', '2023-06-10 05:01:46', 1);
INSERT INTO `sys_role_menu` (`id`, `role_id`, `menu_id`, `create_time`, `update_time`, `is_deleted`) VALUES (9, 2, 10, '2022-06-02 16:11:27', '2023-06-10 05:01:46', 1);
INSERT INTO `sys_role_menu` (`id`, `role_id`, `menu_id`, `create_time`, `update_time`, `is_deleted`) VALUES (10, 2, 11, '2022-06-02 16:11:27', '2023-06-10 05:01:46', 1);
INSERT INTO `sys_role_menu` (`id`, `role_id`, `menu_id`, `create_time`, `update_time`, `is_deleted`) VALUES (11, 2, 12, '2022-06-02 16:11:27', '2023-06-10 05:01:46', 1);
INSERT INTO `sys_role_menu` (`id`, `role_id`, `menu_id`, `create_time`, `update_time`, `is_deleted`) VALUES (12, 2, 13, '2022-06-02 16:11:27', '2023-06-10 05:01:46', 1);
INSERT INTO `sys_role_menu` (`id`, `role_id`, `menu_id`, `create_time`, `update_time`, `is_deleted`) VALUES (13, 2, 19, '2022-06-02 16:11:27', '2023-06-10 05:01:46', 1);
INSERT INTO `sys_role_menu` (`id`, `role_id`, `menu_id`, `create_time`, `update_time`, `is_deleted`) VALUES (14, 2, 5, '2022-06-02 16:11:27', '2023-06-10 05:01:46', 1);
INSERT INTO `sys_role_menu` (`id`, `role_id`, `menu_id`, `create_time`, `update_time`, `is_deleted`) VALUES (15, 2, 14, '2022-06-02 16:11:27', '2023-06-10 05:01:46', 1);
INSERT INTO `sys_role_menu` (`id`, `role_id`, `menu_id`, `create_time`, `update_time`, `is_deleted`) VALUES (16, 2, 15, '2022-06-02 16:11:27', '2023-06-10 05:01:46', 1);
INSERT INTO `sys_role_menu` (`id`, `role_id`, `menu_id`, `create_time`, `update_time`, `is_deleted`) VALUES (17, 2, 16, '2022-06-02 16:11:27', '2023-06-10 05:01:46', 1);
INSERT INTO `sys_role_menu` (`id`, `role_id`, `menu_id`, `create_time`, `update_time`, `is_deleted`) VALUES (18, 2, 17, '2022-06-02 16:11:27', '2023-06-10 05:01:46', 1);
INSERT INTO `sys_role_menu` (`id`, `role_id`, `menu_id`, `create_time`, `update_time`, `is_deleted`) VALUES (19, 2, 2, '2022-06-02 16:16:10', '2023-06-10 05:01:46', 1);
INSERT INTO `sys_role_menu` (`id`, `role_id`, `menu_id`, `create_time`, `update_time`, `is_deleted`) VALUES (20, 2, 3, '2022-06-02 16:16:10', '2023-06-10 05:01:46', 1);
INSERT INTO `sys_role_menu` (`id`, `role_id`, `menu_id`, `create_time`, `update_time`, `is_deleted`) VALUES (21, 2, 6, '2022-06-02 16:16:10', '2023-06-10 05:01:46', 1);
INSERT INTO `sys_role_menu` (`id`, `role_id`, `menu_id`, `create_time`, `update_time`, `is_deleted`) VALUES (22, 2, 7, '2022-06-02 16:16:10', '2023-06-10 05:01:46', 1);
INSERT INTO `sys_role_menu` (`id`, `role_id`, `menu_id`, `create_time`, `update_time`, `is_deleted`) VALUES (23, 2, 8, '2022-06-02 16:16:10', '2023-06-10 05:01:46', 1);
INSERT INTO `sys_role_menu` (`id`, `role_id`, `menu_id`, `create_time`, `update_time`, `is_deleted`) VALUES (24, 2, 2, '2022-06-09 09:26:34', '2023-06-10 05:01:46', 0);
INSERT INTO `sys_role_menu` (`id`, `role_id`, `menu_id`, `create_time`, `update_time`, `is_deleted`) VALUES (25, 2, 3, '2022-06-09 09:26:34', '2023-06-10 05:01:46', 0);
INSERT INTO `sys_role_menu` (`id`, `role_id`, `menu_id`, `create_time`, `update_time`, `is_deleted`) VALUES (26, 2, 6, '2022-06-09 09:26:34', '2023-06-10 05:01:46', 0);
INSERT INTO `sys_role_menu` (`id`, `role_id`, `menu_id`, `create_time`, `update_time`, `is_deleted`) VALUES (27, 2, 7, '2022-06-09 09:26:34', '2023-06-10 05:01:46', 0);
INSERT INTO `sys_role_menu` (`id`, `role_id`, `menu_id`, `create_time`, `update_time`, `is_deleted`) VALUES (28, 2, 8, '2022-06-09 09:26:34', '2023-06-10 05:01:46', 0);
INSERT INTO `sys_role_menu` (`id`, `role_id`, `menu_id`, `create_time`, `update_time`, `is_deleted`) VALUES (29, 2, 5, '2022-06-09 09:26:34', '2023-06-10 05:01:46', 0);
INSERT INTO `sys_role_menu` (`id`, `role_id`, `menu_id`, `create_time`, `update_time`, `is_deleted`) VALUES (30, 2, 14, '2022-06-09 09:26:34', '2023-06-10 05:01:46', 0);
INSERT INTO `sys_role_menu` (`id`, `role_id`, `menu_id`, `create_time`, `update_time`, `is_deleted`) VALUES (31, 2, 20, '2022-06-09 09:26:34', '2023-06-10 05:01:46', 0);
INSERT INTO `sys_role_menu` (`id`, `role_id`, `menu_id`, `create_time`, `update_time`, `is_deleted`) VALUES (32, 2, 21, '2022-06-09 09:26:34', '2023-06-10 05:01:46', 0);
INSERT INTO `sys_role_menu` (`id`, `role_id`, `menu_id`, `create_time`, `update_time`, `is_deleted`) VALUES (33, 3, 2, '2023-06-10 14:15:49', '2023-06-11 03:43:15', 1);
INSERT INTO `sys_role_menu` (`id`, `role_id`, `menu_id`, `create_time`, `update_time`, `is_deleted`) VALUES (34, 3, 3, '2023-06-10 14:15:49', '2023-06-11 03:43:15', 1);
INSERT INTO `sys_role_menu` (`id`, `role_id`, `menu_id`, `create_time`, `update_time`, `is_deleted`) VALUES (35, 3, 6, '2023-06-10 14:15:49', '2023-06-11 03:43:15', 1);
INSERT INTO `sys_role_menu` (`id`, `role_id`, `menu_id`, `create_time`, `update_time`, `is_deleted`) VALUES (36, 3, 7, '2023-06-10 14:15:49', '2023-06-11 03:43:15', 1);
INSERT INTO `sys_role_menu` (`id`, `role_id`, `menu_id`, `create_time`, `update_time`, `is_deleted`) VALUES (37, 3, 8, '2023-06-10 14:15:49', '2023-06-11 03:43:15', 1);
INSERT INTO `sys_role_menu` (`id`, `role_id`, `menu_id`, `create_time`, `update_time`, `is_deleted`) VALUES (38, 3, 9, '2023-06-10 14:15:49', '2023-06-11 03:43:15', 1);
INSERT INTO `sys_role_menu` (`id`, `role_id`, `menu_id`, `create_time`, `update_time`, `is_deleted`) VALUES (39, 3, 18, '2023-06-10 14:15:49', '2023-06-11 03:43:15', 1);
INSERT INTO `sys_role_menu` (`id`, `role_id`, `menu_id`, `create_time`, `update_time`, `is_deleted`) VALUES (40, 3, 4, '2023-06-10 14:15:49', '2023-06-11 03:43:15', 1);
INSERT INTO `sys_role_menu` (`id`, `role_id`, `menu_id`, `create_time`, `update_time`, `is_deleted`) VALUES (41, 3, 10, '2023-06-10 14:15:49', '2023-06-11 03:43:15', 1);
INSERT INTO `sys_role_menu` (`id`, `role_id`, `menu_id`, `create_time`, `update_time`, `is_deleted`) VALUES (42, 3, 11, '2023-06-10 14:15:49', '2023-06-11 03:43:15', 1);
INSERT INTO `sys_role_menu` (`id`, `role_id`, `menu_id`, `create_time`, `update_time`, `is_deleted`) VALUES (43, 3, 12, '2023-06-10 14:15:49', '2023-06-11 03:43:15', 1);
INSERT INTO `sys_role_menu` (`id`, `role_id`, `menu_id`, `create_time`, `update_time`, `is_deleted`) VALUES (44, 3, 13, '2023-06-10 14:15:49', '2023-06-11 03:43:15', 1);
INSERT INTO `sys_role_menu` (`id`, `role_id`, `menu_id`, `create_time`, `update_time`, `is_deleted`) VALUES (45, 3, 19, '2023-06-10 14:15:49', '2023-06-11 03:43:15', 1);
INSERT INTO `sys_role_menu` (`id`, `role_id`, `menu_id`, `create_time`, `update_time`, `is_deleted`) VALUES (46, 3, 2, '2023-06-11 03:43:15', '2023-06-11 04:19:10', 1);
INSERT INTO `sys_role_menu` (`id`, `role_id`, `menu_id`, `create_time`, `update_time`, `is_deleted`) VALUES (47, 3, 4, '2023-06-11 03:43:15', '2023-06-11 04:19:10', 1);
INSERT INTO `sys_role_menu` (`id`, `role_id`, `menu_id`, `create_time`, `update_time`, `is_deleted`) VALUES (48, 3, 10, '2023-06-11 03:43:15', '2023-06-11 04:19:10', 1);
INSERT INTO `sys_role_menu` (`id`, `role_id`, `menu_id`, `create_time`, `update_time`, `is_deleted`) VALUES (49, 3, 11, '2023-06-11 03:43:15', '2023-06-11 04:19:10', 1);
INSERT INTO `sys_role_menu` (`id`, `role_id`, `menu_id`, `create_time`, `update_time`, `is_deleted`) VALUES (50, 3, 12, '2023-06-11 03:43:15', '2023-06-11 04:19:10', 1);
INSERT INTO `sys_role_menu` (`id`, `role_id`, `menu_id`, `create_time`, `update_time`, `is_deleted`) VALUES (51, 3, 19, '2023-06-11 03:43:15', '2023-06-11 04:19:10', 1);
INSERT INTO `sys_role_menu` (`id`, `role_id`, `menu_id`, `create_time`, `update_time`, `is_deleted`) VALUES (52, 7, 2, '2023-06-11 03:44:35', '2023-06-11 03:44:35', 0);
INSERT INTO `sys_role_menu` (`id`, `role_id`, `menu_id`, `create_time`, `update_time`, `is_deleted`) VALUES (53, 7, 3, '2023-06-11 03:44:35', '2023-06-11 03:44:35', 0);
INSERT INTO `sys_role_menu` (`id`, `role_id`, `menu_id`, `create_time`, `update_time`, `is_deleted`) VALUES (54, 7, 6, '2023-06-11 03:44:35', '2023-06-11 03:44:35', 0);
INSERT INTO `sys_role_menu` (`id`, `role_id`, `menu_id`, `create_time`, `update_time`, `is_deleted`) VALUES (55, 1, 2, '2023-06-11 03:55:43', '2023-06-15 10:22:03', 1);
INSERT INTO `sys_role_menu` (`id`, `role_id`, `menu_id`, `create_time`, `update_time`, `is_deleted`) VALUES (56, 1, 3, '2023-06-11 03:55:43', '2023-06-15 10:22:03', 1);
INSERT INTO `sys_role_menu` (`id`, `role_id`, `menu_id`, `create_time`, `update_time`, `is_deleted`) VALUES (57, 1, 6, '2023-06-11 03:55:43', '2023-06-15 10:22:03', 1);
INSERT INTO `sys_role_menu` (`id`, `role_id`, `menu_id`, `create_time`, `update_time`, `is_deleted`) VALUES (58, 1, 7, '2023-06-11 03:55:43', '2023-06-15 10:22:03', 1);
INSERT INTO `sys_role_menu` (`id`, `role_id`, `menu_id`, `create_time`, `update_time`, `is_deleted`) VALUES (59, 1, 8, '2023-06-11 03:55:43', '2023-06-15 10:22:03', 1);
INSERT INTO `sys_role_menu` (`id`, `role_id`, `menu_id`, `create_time`, `update_time`, `is_deleted`) VALUES (60, 1, 9, '2023-06-11 03:55:43', '2023-06-15 10:22:03', 1);
INSERT INTO `sys_role_menu` (`id`, `role_id`, `menu_id`, `create_time`, `update_time`, `is_deleted`) VALUES (61, 1, 18, '2023-06-11 03:55:43', '2023-06-15 10:22:03', 1);
INSERT INTO `sys_role_menu` (`id`, `role_id`, `menu_id`, `create_time`, `update_time`, `is_deleted`) VALUES (62, 1, 4, '2023-06-11 03:55:43', '2023-06-15 10:22:03', 1);
INSERT INTO `sys_role_menu` (`id`, `role_id`, `menu_id`, `create_time`, `update_time`, `is_deleted`) VALUES (63, 1, 10, '2023-06-11 03:55:43', '2023-06-15 10:22:03', 1);
INSERT INTO `sys_role_menu` (`id`, `role_id`, `menu_id`, `create_time`, `update_time`, `is_deleted`) VALUES (64, 1, 11, '2023-06-11 03:55:43', '2023-06-15 10:22:03', 1);
INSERT INTO `sys_role_menu` (`id`, `role_id`, `menu_id`, `create_time`, `update_time`, `is_deleted`) VALUES (65, 1, 12, '2023-06-11 03:55:43', '2023-06-15 10:22:03', 1);
INSERT INTO `sys_role_menu` (`id`, `role_id`, `menu_id`, `create_time`, `update_time`, `is_deleted`) VALUES (66, 1, 13, '2023-06-11 03:55:43', '2023-06-15 10:22:03', 1);
INSERT INTO `sys_role_menu` (`id`, `role_id`, `menu_id`, `create_time`, `update_time`, `is_deleted`) VALUES (67, 1, 19, '2023-06-11 03:55:43', '2023-06-15 10:22:03', 1);
INSERT INTO `sys_role_menu` (`id`, `role_id`, `menu_id`, `create_time`, `update_time`, `is_deleted`) VALUES (68, 1, 5, '2023-06-11 03:55:43', '2023-06-15 10:22:03', 1);
INSERT INTO `sys_role_menu` (`id`, `role_id`, `menu_id`, `create_time`, `update_time`, `is_deleted`) VALUES (69, 1, 14, '2023-06-11 03:55:43', '2023-06-15 10:22:03', 1);
INSERT INTO `sys_role_menu` (`id`, `role_id`, `menu_id`, `create_time`, `update_time`, `is_deleted`) VALUES (70, 1, 15, '2023-06-11 03:55:43', '2023-06-15 10:22:03', 1);
INSERT INTO `sys_role_menu` (`id`, `role_id`, `menu_id`, `create_time`, `update_time`, `is_deleted`) VALUES (71, 1, 16, '2023-06-11 03:55:43', '2023-06-15 10:22:03', 1);
INSERT INTO `sys_role_menu` (`id`, `role_id`, `menu_id`, `create_time`, `update_time`, `is_deleted`) VALUES (72, 1, 17, '2023-06-11 03:55:43', '2023-06-15 10:22:03', 1);
INSERT INTO `sys_role_menu` (`id`, `role_id`, `menu_id`, `create_time`, `update_time`, `is_deleted`) VALUES (73, 1, 20, '2023-06-11 03:55:43', '2023-06-15 10:22:03', 1);
INSERT INTO `sys_role_menu` (`id`, `role_id`, `menu_id`, `create_time`, `update_time`, `is_deleted`) VALUES (74, 1, 21, '2023-06-11 03:55:43', '2023-06-15 10:22:03', 1);
INSERT INTO `sys_role_menu` (`id`, `role_id`, `menu_id`, `create_time`, `update_time`, `is_deleted`) VALUES (75, 1, 24, '2023-06-11 03:55:43', '2023-06-15 10:22:03', 1);
INSERT INTO `sys_role_menu` (`id`, `role_id`, `menu_id`, `create_time`, `update_time`, `is_deleted`) VALUES (76, 1, 25, '2023-06-11 03:55:43', '2023-06-15 10:22:03', 1);
INSERT INTO `sys_role_menu` (`id`, `role_id`, `menu_id`, `create_time`, `update_time`, `is_deleted`) VALUES (77, 1, 26, '2023-06-11 03:55:43', '2023-06-15 10:22:03', 1);
INSERT INTO `sys_role_menu` (`id`, `role_id`, `menu_id`, `create_time`, `update_time`, `is_deleted`) VALUES (78, 1, 22, '2023-06-11 03:55:43', '2023-06-15 10:22:03', 1);
INSERT INTO `sys_role_menu` (`id`, `role_id`, `menu_id`, `create_time`, `update_time`, `is_deleted`) VALUES (79, 1, 23, '2023-06-11 03:55:43', '2023-06-15 10:22:03', 1);
INSERT INTO `sys_role_menu` (`id`, `role_id`, `menu_id`, `create_time`, `update_time`, `is_deleted`) VALUES (80, 1, 27, '2023-06-11 03:55:43', '2023-06-15 10:22:03', 1);
INSERT INTO `sys_role_menu` (`id`, `role_id`, `menu_id`, `create_time`, `update_time`, `is_deleted`) VALUES (81, 1, 28, '2023-06-11 03:55:43', '2023-06-15 10:22:03', 1);
INSERT INTO `sys_role_menu` (`id`, `role_id`, `menu_id`, `create_time`, `update_time`, `is_deleted`) VALUES (82, 1, 29, '2023-06-11 03:55:43', '2023-06-15 10:22:03', 1);
INSERT INTO `sys_role_menu` (`id`, `role_id`, `menu_id`, `create_time`, `update_time`, `is_deleted`) VALUES (83, 1, 34, '2023-06-11 03:55:43', '2023-06-15 10:22:03', 1);
INSERT INTO `sys_role_menu` (`id`, `role_id`, `menu_id`, `create_time`, `update_time`, `is_deleted`) VALUES (84, 1, 30, '2023-06-11 03:55:43', '2023-06-15 10:22:03', 1);
INSERT INTO `sys_role_menu` (`id`, `role_id`, `menu_id`, `create_time`, `update_time`, `is_deleted`) VALUES (85, 1, 31, '2023-06-11 03:55:43', '2023-06-15 10:22:03', 1);
INSERT INTO `sys_role_menu` (`id`, `role_id`, `menu_id`, `create_time`, `update_time`, `is_deleted`) VALUES (86, 1, 32, '2023-06-11 03:55:43', '2023-06-15 10:22:03', 1);
INSERT INTO `sys_role_menu` (`id`, `role_id`, `menu_id`, `create_time`, `update_time`, `is_deleted`) VALUES (87, 1, 33, '2023-06-11 03:55:43', '2023-06-15 10:22:03', 1);
INSERT INTO `sys_role_menu` (`id`, `role_id`, `menu_id`, `create_time`, `update_time`, `is_deleted`) VALUES (88, 1, 35, '2023-06-11 03:55:43', '2023-06-15 10:22:03', 1);
INSERT INTO `sys_role_menu` (`id`, `role_id`, `menu_id`, `create_time`, `update_time`, `is_deleted`) VALUES (89, 1, 36, '2023-06-11 03:55:43', '2023-06-15 10:22:03', 1);
INSERT INTO `sys_role_menu` (`id`, `role_id`, `menu_id`, `create_time`, `update_time`, `is_deleted`) VALUES (90, 1, 37, '2023-06-11 03:55:43', '2023-06-15 10:22:03', 1);
INSERT INTO `sys_role_menu` (`id`, `role_id`, `menu_id`, `create_time`, `update_time`, `is_deleted`) VALUES (91, 1, 38, '2023-06-11 03:55:43', '2023-06-15 10:22:03', 1);
INSERT INTO `sys_role_menu` (`id`, `role_id`, `menu_id`, `create_time`, `update_time`, `is_deleted`) VALUES (92, 1, 44, '2023-06-11 03:55:43', '2023-06-15 10:22:03', 1);
INSERT INTO `sys_role_menu` (`id`, `role_id`, `menu_id`, `create_time`, `update_time`, `is_deleted`) VALUES (93, 1, 48, '2023-06-11 03:55:43', '2023-06-15 10:22:03', 1);
INSERT INTO `sys_role_menu` (`id`, `role_id`, `menu_id`, `create_time`, `update_time`, `is_deleted`) VALUES (94, 1, 49, '2023-06-11 03:55:43', '2023-06-15 10:22:03', 1);
INSERT INTO `sys_role_menu` (`id`, `role_id`, `menu_id`, `create_time`, `update_time`, `is_deleted`) VALUES (95, 1, 39, '2023-06-11 03:55:43', '2023-06-15 10:22:03', 1);
INSERT INTO `sys_role_menu` (`id`, `role_id`, `menu_id`, `create_time`, `update_time`, `is_deleted`) VALUES (96, 1, 40, '2023-06-11 03:55:43', '2023-06-15 10:22:03', 1);
INSERT INTO `sys_role_menu` (`id`, `role_id`, `menu_id`, `create_time`, `update_time`, `is_deleted`) VALUES (97, 1, 45, '2023-06-11 03:55:43', '2023-06-15 10:22:03', 1);
INSERT INTO `sys_role_menu` (`id`, `role_id`, `menu_id`, `create_time`, `update_time`, `is_deleted`) VALUES (98, 1, 46, '2023-06-11 03:55:43', '2023-06-15 10:22:03', 1);
INSERT INTO `sys_role_menu` (`id`, `role_id`, `menu_id`, `create_time`, `update_time`, `is_deleted`) VALUES (99, 1, 47, '2023-06-11 03:55:43', '2023-06-15 10:22:03', 1);
INSERT INTO `sys_role_menu` (`id`, `role_id`, `menu_id`, `create_time`, `update_time`, `is_deleted`) VALUES (100, 1, 41, '2023-06-11 03:55:43', '2023-06-15 10:22:03', 1);
INSERT INTO `sys_role_menu` (`id`, `role_id`, `menu_id`, `create_time`, `update_time`, `is_deleted`) VALUES (101, 1, 42, '2023-06-11 03:55:43', '2023-06-15 10:22:03', 1);
INSERT INTO `sys_role_menu` (`id`, `role_id`, `menu_id`, `create_time`, `update_time`, `is_deleted`) VALUES (102, 1, 43, '2023-06-11 03:55:43', '2023-06-15 10:22:03', 1);
INSERT INTO `sys_role_menu` (`id`, `role_id`, `menu_id`, `create_time`, `update_time`, `is_deleted`) VALUES (103, 1, 50, '2023-06-11 03:55:43', '2023-06-15 10:22:03', 1);
INSERT INTO `sys_role_menu` (`id`, `role_id`, `menu_id`, `create_time`, `update_time`, `is_deleted`) VALUES (104, 1, 51, '2023-06-11 03:55:43', '2023-06-15 10:22:03', 1);
INSERT INTO `sys_role_menu` (`id`, `role_id`, `menu_id`, `create_time`, `update_time`, `is_deleted`) VALUES (105, 1, 52, '2023-06-11 03:55:43', '2023-06-15 10:22:03', 1);
INSERT INTO `sys_role_menu` (`id`, `role_id`, `menu_id`, `create_time`, `update_time`, `is_deleted`) VALUES (106, 1, 53, '2023-06-11 03:55:43', '2023-06-15 10:22:03', 1);
INSERT INTO `sys_role_menu` (`id`, `role_id`, `menu_id`, `create_time`, `update_time`, `is_deleted`) VALUES (107, 1, 54, '2023-06-11 03:55:43', '2023-06-15 10:22:03', 1);
INSERT INTO `sys_role_menu` (`id`, `role_id`, `menu_id`, `create_time`, `update_time`, `is_deleted`) VALUES (108, 1, 55, '2023-06-11 03:55:43', '2023-06-15 10:22:03', 1);
INSERT INTO `sys_role_menu` (`id`, `role_id`, `menu_id`, `create_time`, `update_time`, `is_deleted`) VALUES (109, 1, 56, '2023-06-11 03:55:43', '2023-06-15 10:22:03', 1);
INSERT INTO `sys_role_menu` (`id`, `role_id`, `menu_id`, `create_time`, `update_time`, `is_deleted`) VALUES (110, 1, 57, '2023-06-11 03:55:43', '2023-06-15 10:22:03', 1);
INSERT INTO `sys_role_menu` (`id`, `role_id`, `menu_id`, `create_time`, `update_time`, `is_deleted`) VALUES (111, 3, 2, '2023-06-11 04:19:10', '2023-06-11 04:35:50', 1);
INSERT INTO `sys_role_menu` (`id`, `role_id`, `menu_id`, `create_time`, `update_time`, `is_deleted`) VALUES (112, 3, 3, '2023-06-11 04:19:10', '2023-06-11 04:35:50', 1);
INSERT INTO `sys_role_menu` (`id`, `role_id`, `menu_id`, `create_time`, `update_time`, `is_deleted`) VALUES (113, 3, 6, '2023-06-11 04:19:10', '2023-06-11 04:35:50', 1);
INSERT INTO `sys_role_menu` (`id`, `role_id`, `menu_id`, `create_time`, `update_time`, `is_deleted`) VALUES (114, 3, 8, '2023-06-11 04:19:10', '2023-06-11 04:35:50', 1);
INSERT INTO `sys_role_menu` (`id`, `role_id`, `menu_id`, `create_time`, `update_time`, `is_deleted`) VALUES (115, 3, 9, '2023-06-11 04:19:10', '2023-06-11 04:35:50', 1);
INSERT INTO `sys_role_menu` (`id`, `role_id`, `menu_id`, `create_time`, `update_time`, `is_deleted`) VALUES (116, 3, 18, '2023-06-11 04:19:10', '2023-06-11 04:35:50', 1);
INSERT INTO `sys_role_menu` (`id`, `role_id`, `menu_id`, `create_time`, `update_time`, `is_deleted`) VALUES (117, 3, 4, '2023-06-11 04:19:10', '2023-06-11 04:35:50', 1);
INSERT INTO `sys_role_menu` (`id`, `role_id`, `menu_id`, `create_time`, `update_time`, `is_deleted`) VALUES (118, 3, 10, '2023-06-11 04:19:10', '2023-06-11 04:35:50', 1);
INSERT INTO `sys_role_menu` (`id`, `role_id`, `menu_id`, `create_time`, `update_time`, `is_deleted`) VALUES (119, 3, 11, '2023-06-11 04:19:10', '2023-06-11 04:35:50', 1);
INSERT INTO `sys_role_menu` (`id`, `role_id`, `menu_id`, `create_time`, `update_time`, `is_deleted`) VALUES (120, 3, 12, '2023-06-11 04:19:10', '2023-06-11 04:35:50', 1);
INSERT INTO `sys_role_menu` (`id`, `role_id`, `menu_id`, `create_time`, `update_time`, `is_deleted`) VALUES (121, 3, 19, '2023-06-11 04:19:10', '2023-06-11 04:35:50', 1);
INSERT INTO `sys_role_menu` (`id`, `role_id`, `menu_id`, `create_time`, `update_time`, `is_deleted`) VALUES (122, 3, 2, '2023-06-11 04:35:50', '2023-06-11 04:35:50', 0);
INSERT INTO `sys_role_menu` (`id`, `role_id`, `menu_id`, `create_time`, `update_time`, `is_deleted`) VALUES (123, 3, 3, '2023-06-11 04:35:50', '2023-06-11 04:35:50', 0);
INSERT INTO `sys_role_menu` (`id`, `role_id`, `menu_id`, `create_time`, `update_time`, `is_deleted`) VALUES (124, 3, 8, '2023-06-11 04:35:50', '2023-06-11 04:35:50', 0);
INSERT INTO `sys_role_menu` (`id`, `role_id`, `menu_id`, `create_time`, `update_time`, `is_deleted`) VALUES (125, 3, 9, '2023-06-11 04:35:50', '2023-06-11 04:35:50', 0);
INSERT INTO `sys_role_menu` (`id`, `role_id`, `menu_id`, `create_time`, `update_time`, `is_deleted`) VALUES (126, 3, 18, '2023-06-11 04:35:50', '2023-06-11 04:35:50', 0);
INSERT INTO `sys_role_menu` (`id`, `role_id`, `menu_id`, `create_time`, `update_time`, `is_deleted`) VALUES (127, 3, 4, '2023-06-11 04:35:50', '2023-06-11 04:35:50', 0);
INSERT INTO `sys_role_menu` (`id`, `role_id`, `menu_id`, `create_time`, `update_time`, `is_deleted`) VALUES (128, 3, 10, '2023-06-11 04:35:50', '2023-06-11 04:35:50', 0);
INSERT INTO `sys_role_menu` (`id`, `role_id`, `menu_id`, `create_time`, `update_time`, `is_deleted`) VALUES (129, 3, 12, '2023-06-11 04:35:50', '2023-06-11 04:35:50', 0);
INSERT INTO `sys_role_menu` (`id`, `role_id`, `menu_id`, `create_time`, `update_time`, `is_deleted`) VALUES (130, 8, 2, '2023-06-15 06:18:59', '2023-06-15 06:18:59', 0);
INSERT INTO `sys_role_menu` (`id`, `role_id`, `menu_id`, `create_time`, `update_time`, `is_deleted`) VALUES (131, 8, 3, '2023-06-15 06:18:59', '2023-06-15 06:18:59', 0);
INSERT INTO `sys_role_menu` (`id`, `role_id`, `menu_id`, `create_time`, `update_time`, `is_deleted`) VALUES (132, 8, 6, '2023-06-15 06:18:59', '2023-06-15 06:18:59', 0);
INSERT INTO `sys_role_menu` (`id`, `role_id`, `menu_id`, `create_time`, `update_time`, `is_deleted`) VALUES (133, 8, 7, '2023-06-15 06:18:59', '2023-06-15 06:18:59', 0);
INSERT INTO `sys_role_menu` (`id`, `role_id`, `menu_id`, `create_time`, `update_time`, `is_deleted`) VALUES (134, 8, 8, '2023-06-15 06:18:59', '2023-06-15 06:18:59', 0);
INSERT INTO `sys_role_menu` (`id`, `role_id`, `menu_id`, `create_time`, `update_time`, `is_deleted`) VALUES (135, 8, 9, '2023-06-15 06:18:59', '2023-06-15 06:18:59', 0);
INSERT INTO `sys_role_menu` (`id`, `role_id`, `menu_id`, `create_time`, `update_time`, `is_deleted`) VALUES (136, 8, 18, '2023-06-15 06:18:59', '2023-06-15 06:18:59', 0);
INSERT INTO `sys_role_menu` (`id`, `role_id`, `menu_id`, `create_time`, `update_time`, `is_deleted`) VALUES (137, 1, 2, '2023-06-15 10:22:03', '2023-06-15 10:22:03', 0);
INSERT INTO `sys_role_menu` (`id`, `role_id`, `menu_id`, `create_time`, `update_time`, `is_deleted`) VALUES (138, 1, 3, '2023-06-15 10:22:03', '2023-06-15 10:22:03', 0);
INSERT INTO `sys_role_menu` (`id`, `role_id`, `menu_id`, `create_time`, `update_time`, `is_deleted`) VALUES (139, 1, 6, '2023-06-15 10:22:03', '2023-06-15 10:22:03', 0);
INSERT INTO `sys_role_menu` (`id`, `role_id`, `menu_id`, `create_time`, `update_time`, `is_deleted`) VALUES (140, 1, 7, '2023-06-15 10:22:03', '2023-06-15 10:22:03', 0);
INSERT INTO `sys_role_menu` (`id`, `role_id`, `menu_id`, `create_time`, `update_time`, `is_deleted`) VALUES (141, 1, 8, '2023-06-15 10:22:03', '2023-06-15 10:22:03', 0);
INSERT INTO `sys_role_menu` (`id`, `role_id`, `menu_id`, `create_time`, `update_time`, `is_deleted`) VALUES (142, 1, 9, '2023-06-15 10:22:03', '2023-06-15 10:22:03', 0);
INSERT INTO `sys_role_menu` (`id`, `role_id`, `menu_id`, `create_time`, `update_time`, `is_deleted`) VALUES (143, 1, 18, '2023-06-15 10:22:03', '2023-06-15 10:22:03', 0);
INSERT INTO `sys_role_menu` (`id`, `role_id`, `menu_id`, `create_time`, `update_time`, `is_deleted`) VALUES (144, 1, 4, '2023-06-15 10:22:03', '2023-06-15 10:22:03', 0);
INSERT INTO `sys_role_menu` (`id`, `role_id`, `menu_id`, `create_time`, `update_time`, `is_deleted`) VALUES (145, 1, 10, '2023-06-15 10:22:03', '2023-06-15 10:22:03', 0);
INSERT INTO `sys_role_menu` (`id`, `role_id`, `menu_id`, `create_time`, `update_time`, `is_deleted`) VALUES (146, 1, 11, '2023-06-15 10:22:03', '2023-06-15 10:22:03', 0);
INSERT INTO `sys_role_menu` (`id`, `role_id`, `menu_id`, `create_time`, `update_time`, `is_deleted`) VALUES (147, 1, 12, '2023-06-15 10:22:03', '2023-06-15 10:22:03', 0);
INSERT INTO `sys_role_menu` (`id`, `role_id`, `menu_id`, `create_time`, `update_time`, `is_deleted`) VALUES (148, 1, 13, '2023-06-15 10:22:03', '2023-06-15 10:22:03', 0);
INSERT INTO `sys_role_menu` (`id`, `role_id`, `menu_id`, `create_time`, `update_time`, `is_deleted`) VALUES (149, 1, 19, '2023-06-15 10:22:03', '2023-06-15 10:22:03', 0);
INSERT INTO `sys_role_menu` (`id`, `role_id`, `menu_id`, `create_time`, `update_time`, `is_deleted`) VALUES (150, 1, 5, '2023-06-15 10:22:03', '2023-06-15 10:22:03', 0);
INSERT INTO `sys_role_menu` (`id`, `role_id`, `menu_id`, `create_time`, `update_time`, `is_deleted`) VALUES (151, 1, 14, '2023-06-15 10:22:03', '2023-06-15 10:22:03', 0);
INSERT INTO `sys_role_menu` (`id`, `role_id`, `menu_id`, `create_time`, `update_time`, `is_deleted`) VALUES (152, 1, 15, '2023-06-15 10:22:03', '2023-06-15 10:22:03', 0);
INSERT INTO `sys_role_menu` (`id`, `role_id`, `menu_id`, `create_time`, `update_time`, `is_deleted`) VALUES (153, 1, 16, '2023-06-15 10:22:03', '2023-06-15 10:22:03', 0);
INSERT INTO `sys_role_menu` (`id`, `role_id`, `menu_id`, `create_time`, `update_time`, `is_deleted`) VALUES (154, 1, 17, '2023-06-15 10:22:03', '2023-06-15 10:22:03', 0);
INSERT INTO `sys_role_menu` (`id`, `role_id`, `menu_id`, `create_time`, `update_time`, `is_deleted`) VALUES (155, 1, 20, '2023-06-15 10:22:03', '2023-06-15 10:22:03', 0);
INSERT INTO `sys_role_menu` (`id`, `role_id`, `menu_id`, `create_time`, `update_time`, `is_deleted`) VALUES (156, 1, 21, '2023-06-15 10:22:03', '2023-06-15 10:22:03', 0);
INSERT INTO `sys_role_menu` (`id`, `role_id`, `menu_id`, `create_time`, `update_time`, `is_deleted`) VALUES (157, 1, 24, '2023-06-15 10:22:03', '2023-06-15 10:22:03', 0);
INSERT INTO `sys_role_menu` (`id`, `role_id`, `menu_id`, `create_time`, `update_time`, `is_deleted`) VALUES (158, 1, 25, '2023-06-15 10:22:03', '2023-06-15 10:22:03', 0);
INSERT INTO `sys_role_menu` (`id`, `role_id`, `menu_id`, `create_time`, `update_time`, `is_deleted`) VALUES (159, 1, 26, '2023-06-15 10:22:03', '2023-06-15 10:22:03', 0);
INSERT INTO `sys_role_menu` (`id`, `role_id`, `menu_id`, `create_time`, `update_time`, `is_deleted`) VALUES (160, 1, 22, '2023-06-15 10:22:03', '2023-06-15 10:22:03', 0);
INSERT INTO `sys_role_menu` (`id`, `role_id`, `menu_id`, `create_time`, `update_time`, `is_deleted`) VALUES (161, 1, 23, '2023-06-15 10:22:03', '2023-06-15 10:22:03', 0);
INSERT INTO `sys_role_menu` (`id`, `role_id`, `menu_id`, `create_time`, `update_time`, `is_deleted`) VALUES (162, 1, 27, '2023-06-15 10:22:03', '2023-06-15 10:22:03', 0);
INSERT INTO `sys_role_menu` (`id`, `role_id`, `menu_id`, `create_time`, `update_time`, `is_deleted`) VALUES (163, 1, 28, '2023-06-15 10:22:03', '2023-06-15 10:22:03', 0);
INSERT INTO `sys_role_menu` (`id`, `role_id`, `menu_id`, `create_time`, `update_time`, `is_deleted`) VALUES (164, 1, 29, '2023-06-15 10:22:03', '2023-06-15 10:22:03', 0);
INSERT INTO `sys_role_menu` (`id`, `role_id`, `menu_id`, `create_time`, `update_time`, `is_deleted`) VALUES (165, 1, 34, '2023-06-15 10:22:03', '2023-06-15 10:22:03', 0);
INSERT INTO `sys_role_menu` (`id`, `role_id`, `menu_id`, `create_time`, `update_time`, `is_deleted`) VALUES (166, 1, 30, '2023-06-15 10:22:03', '2023-06-15 10:22:03', 0);
INSERT INTO `sys_role_menu` (`id`, `role_id`, `menu_id`, `create_time`, `update_time`, `is_deleted`) VALUES (167, 1, 31, '2023-06-15 10:22:03', '2023-06-15 10:22:03', 0);
INSERT INTO `sys_role_menu` (`id`, `role_id`, `menu_id`, `create_time`, `update_time`, `is_deleted`) VALUES (168, 1, 32, '2023-06-15 10:22:03', '2023-06-15 10:22:03', 0);
INSERT INTO `sys_role_menu` (`id`, `role_id`, `menu_id`, `create_time`, `update_time`, `is_deleted`) VALUES (169, 1, 33, '2023-06-15 10:22:03', '2023-06-15 10:22:03', 0);
INSERT INTO `sys_role_menu` (`id`, `role_id`, `menu_id`, `create_time`, `update_time`, `is_deleted`) VALUES (170, 1, 35, '2023-06-15 10:22:03', '2023-06-15 10:22:03', 0);
INSERT INTO `sys_role_menu` (`id`, `role_id`, `menu_id`, `create_time`, `update_time`, `is_deleted`) VALUES (171, 1, 36, '2023-06-15 10:22:03', '2023-06-15 10:22:03', 0);
INSERT INTO `sys_role_menu` (`id`, `role_id`, `menu_id`, `create_time`, `update_time`, `is_deleted`) VALUES (172, 1, 37, '2023-06-15 10:22:03', '2023-06-15 10:22:03', 0);
INSERT INTO `sys_role_menu` (`id`, `role_id`, `menu_id`, `create_time`, `update_time`, `is_deleted`) VALUES (173, 1, 38, '2023-06-15 10:22:03', '2023-06-15 10:22:03', 0);
INSERT INTO `sys_role_menu` (`id`, `role_id`, `menu_id`, `create_time`, `update_time`, `is_deleted`) VALUES (174, 1, 44, '2023-06-15 10:22:03', '2023-06-15 10:22:03', 0);
INSERT INTO `sys_role_menu` (`id`, `role_id`, `menu_id`, `create_time`, `update_time`, `is_deleted`) VALUES (175, 1, 48, '2023-06-15 10:22:03', '2023-06-15 10:22:03', 0);
INSERT INTO `sys_role_menu` (`id`, `role_id`, `menu_id`, `create_time`, `update_time`, `is_deleted`) VALUES (176, 1, 49, '2023-06-15 10:22:03', '2023-06-15 10:22:03', 0);
INSERT INTO `sys_role_menu` (`id`, `role_id`, `menu_id`, `create_time`, `update_time`, `is_deleted`) VALUES (177, 1, 39, '2023-06-15 10:22:03', '2023-06-15 10:22:03', 0);
INSERT INTO `sys_role_menu` (`id`, `role_id`, `menu_id`, `create_time`, `update_time`, `is_deleted`) VALUES (178, 1, 40, '2023-06-15 10:22:03', '2023-06-15 10:22:03', 0);
INSERT INTO `sys_role_menu` (`id`, `role_id`, `menu_id`, `create_time`, `update_time`, `is_deleted`) VALUES (179, 1, 45, '2023-06-15 10:22:03', '2023-06-15 10:22:03', 0);
INSERT INTO `sys_role_menu` (`id`, `role_id`, `menu_id`, `create_time`, `update_time`, `is_deleted`) VALUES (180, 1, 46, '2023-06-15 10:22:03', '2023-06-15 10:22:03', 0);
INSERT INTO `sys_role_menu` (`id`, `role_id`, `menu_id`, `create_time`, `update_time`, `is_deleted`) VALUES (181, 1, 47, '2023-06-15 10:22:03', '2023-06-15 10:22:03', 0);
INSERT INTO `sys_role_menu` (`id`, `role_id`, `menu_id`, `create_time`, `update_time`, `is_deleted`) VALUES (182, 1, 41, '2023-06-15 10:22:03', '2023-06-15 10:22:03', 0);
INSERT INTO `sys_role_menu` (`id`, `role_id`, `menu_id`, `create_time`, `update_time`, `is_deleted`) VALUES (183, 1, 42, '2023-06-15 10:22:03', '2023-06-15 10:22:03', 0);
INSERT INTO `sys_role_menu` (`id`, `role_id`, `menu_id`, `create_time`, `update_time`, `is_deleted`) VALUES (184, 1, 43, '2023-06-15 10:22:03', '2023-06-15 10:22:03', 0);
INSERT INTO `sys_role_menu` (`id`, `role_id`, `menu_id`, `create_time`, `update_time`, `is_deleted`) VALUES (185, 1, 50, '2023-06-15 10:22:03', '2023-06-15 10:22:03', 0);
INSERT INTO `sys_role_menu` (`id`, `role_id`, `menu_id`, `create_time`, `update_time`, `is_deleted`) VALUES (186, 1, 51, '2023-06-15 10:22:03', '2023-06-15 10:22:03', 0);
INSERT INTO `sys_role_menu` (`id`, `role_id`, `menu_id`, `create_time`, `update_time`, `is_deleted`) VALUES (187, 1, 52, '2023-06-15 10:22:03', '2023-06-15 10:22:03', 0);
INSERT INTO `sys_role_menu` (`id`, `role_id`, `menu_id`, `create_time`, `update_time`, `is_deleted`) VALUES (188, 1, 53, '2023-06-15 10:22:03', '2023-06-15 10:22:03', 0);
INSERT INTO `sys_role_menu` (`id`, `role_id`, `menu_id`, `create_time`, `update_time`, `is_deleted`) VALUES (189, 1, 54, '2023-06-15 10:22:03', '2023-06-15 10:22:03', 0);
INSERT INTO `sys_role_menu` (`id`, `role_id`, `menu_id`, `create_time`, `update_time`, `is_deleted`) VALUES (190, 1, 55, '2023-06-15 10:22:03', '2023-06-15 10:22:03', 0);
INSERT INTO `sys_role_menu` (`id`, `role_id`, `menu_id`, `create_time`, `update_time`, `is_deleted`) VALUES (191, 1, 56, '2023-06-15 10:22:03', '2023-06-15 10:22:03', 0);
INSERT INTO `sys_role_menu` (`id`, `role_id`, `menu_id`, `create_time`, `update_time`, `is_deleted`) VALUES (192, 1, 57, '2023-06-15 10:22:03', '2023-06-15 10:22:03', 0);
COMMIT;

-- ----------------------------
-- Table structure for sys_user
-- ----------------------------
DROP TABLE IF EXISTS `sys_user`;
CREATE TABLE `sys_user` (
  `id` bigint NOT NULL AUTO_INCREMENT COMMENT 'id',
  `username` varchar(20) NOT NULL DEFAULT '' COMMENT '',
  `password` varchar(32) NOT NULL DEFAULT '' COMMENT '',
  `name` varchar(50) DEFAULT NULL COMMENT '',
  `phone` varchar(11) DEFAULT NULL COMMENT '',
  `head_url` varchar(200) DEFAULT NULL COMMENT '',
  `dept_id` bigint DEFAULT NULL COMMENT 'id',
  `post_id` bigint DEFAULT NULL COMMENT 'id',
  `open_id` varchar(255) DEFAULT NULL COMMENT 'openId',
  `description` varchar(255) DEFAULT NULL COMMENT '',
  `status` tinyint DEFAULT NULL COMMENT '1 0',
  `create_time` timestamp NOT NULL DEFAULT CURRENT_TIMESTAMP COMMENT '',
  `update_time` timestamp NOT NULL DEFAULT CURRENT_TIMESTAMP ON UPDATE CURRENT_TIMESTAMP COMMENT '',
  `is_deleted` tinyint NOT NULL DEFAULT '0' COMMENT '0: 1:',
  PRIMARY KEY (`id`),
  UNIQUE KEY `idx_username` (`username`)
) ENGINE=InnoDB AUTO_INCREMENT=18 DEFAULT CHARSET=utf8mb4 COLLATE=utf8mb4_0900_ai_ci COMMENT='';

-- ----------------------------
-- Records of sys_user
-- ----------------------------
BEGIN;
INSERT INTO `sys_user` (`id`, `username`, `password`, `name`, `phone`, `head_url`, `dept_id`, `post_id`, `open_id`, `description`, `status`, `create_time`, `update_time`, `is_deleted`) VALUES (1, 'admin', '96e79218965eb72c92a549dd5a330112', 'admin', '15000000000', 'http://r61cnlsfq.hn-bkt.clouddn.com/7daa4595-dfde-45da-8513-c5c2b81d20cc', 1022, NULL, '', NULL, 1, '2021-05-31 18:08:43', '2022-12-13 14:52:31', 0);
INSERT INTO `sys_user` (`id`, `username`, `password`, `name`, `phone`, `head_url`, `dept_id`, `post_id`, `open_id`, `description`, `status`, `create_time`, `update_time`, `is_deleted`) VALUES (2, 'wjl', '96e79218965eb72c92a549dd5a330112', '', '15000000002', 'http://r61cnlsfq.hn-bkt.clouddn.com/b09b3467-3d99-437a-bd2e-dd8c9be92bb8', 1022, 6, '', NULL, 1, '2022-02-08 10:35:38', '2022-12-22 10:05:03', 0);
INSERT INTO `sys_user` (`id`, `username`, `password`, `name`, `phone`, `head_url`, `dept_id`, `post_id`, `open_id`, `description`, `status`, `create_time`, `update_time`, `is_deleted`) VALUES (3, 'lrsjl', '96e79218965eb72c92a549dd5a330112', '', '15000000004', NULL, 2018, 5, '', NULL, 1, '2022-05-24 11:05:40', '2022-12-22 10:05:21', 0);
INSERT INTO `sys_user` (`id`, `username`, `password`, `name`, `phone`, `head_url`, `dept_id`, `post_id`, `open_id`, `description`, `status`, `create_time`, `update_time`, `is_deleted`) VALUES (4, 'lisi', '96e79218965eb72c92a549dd5a330112', '', '15000000009', NULL, 1021, 10, 'omwf25izKON9dktgoy0dogqvnGhk', NULL, 1, '2022-12-06 09:32:31', '2022-12-21 09:25:06', 0);
INSERT INTO `sys_user` (`id`, `username`, `password`, `name`, `phone`, `head_url`, `dept_id`, `post_id`, `open_id`, `description`, `status`, `create_time`, `update_time`, `is_deleted`) VALUES (5, 'zzjl', '96e79218965eb72c92a549dd5a330112', '', '15000000003', NULL, 10, 8, '', NULL, 1, '2022-12-07 16:47:00', '2023-06-09 11:54:18', 1);
INSERT INTO `sys_user` (`id`, `username`, `password`, `name`, `phone`, `head_url`, `dept_id`, `post_id`, `open_id`, `description`, `status`, `create_time`, `update_time`, `is_deleted`) VALUES (6, 'xkfzr', '96e79218965eb72c92a549dd5a330112', '', '15000000005', NULL, 1010, 11, NULL, NULL, 1, '2022-12-14 09:18:12', '2022-12-14 09:18:12', 0);
INSERT INTO `sys_user` (`id`, `username`, `password`, `name`, `phone`, `head_url`, `dept_id`, `post_id`, `open_id`, `description`, `status`, `create_time`, `update_time`, `is_deleted`) VALUES (7, 'zhangsan', '96e79218965eb72c92a549dd5a330112', '', '15000000006', NULL, 1021, 10, NULL, NULL, 1, '2022-12-26 11:26:45', '2022-12-27 09:11:37', 0);
INSERT INTO `sys_user` (`id`, `username`, `password`, `name`, `phone`, `head_url`, `dept_id`, `post_id`, `open_id`, `description`, `status`, `create_time`, `update_time`, `is_deleted`) VALUES (11, 'tom01', '96e79218965eb72c92a549dd5a330112', '01', '15000000007', NULL, 1021, 10, NULL, NULL, 1, '2022-12-26 11:27:33', '2023-06-13 08:23:19', 0);
INSERT INTO `sys_user` (`id`, `username`, `password`, `name`, `phone`, `head_url`, `dept_id`, `post_id`, `open_id`, `description`, `status`, `create_time`, `update_time`, `is_deleted`) VALUES (12, 'zhangsan02', '96e79218965eb72c92a549dd5a330112', '02', '15000000008', NULL, 1021, 10, NULL, NULL, 1, '2022-12-26 11:27:39', '2023-06-13 08:23:19', 0);
INSERT INTO `sys_user` (`id`, `username`, `password`, `name`, `phone`, `head_url`, `dept_id`, `post_id`, `open_id`, `description`, `status`, `create_time`, `update_time`, `is_deleted`) VALUES (13, '1', '1', '12', '1', NULL, NULL, NULL, NULL, NULL, 1, '2023-06-09 10:46:16', '2023-06-13 08:23:19', 0);
INSERT INTO `sys_user` (`id`, `username`, `password`, `name`, `phone`, `head_url`, `dept_id`, `post_id`, `open_id`, `description`, `status`, `create_time`, `update_time`, `is_deleted`) VALUES (14, '111111', '96e79218965eb72c92a549dd5a330112', '111111', '312321', NULL, NULL, NULL, NULL, NULL, 1, '2023-06-10 13:37:59', '2023-06-10 13:37:59', 0);
INSERT INTO `sys_user` (`id`, `username`, `password`, `name`, `phone`, `head_url`, `dept_id`, `post_id`, `open_id`, `description`, `status`, `create_time`, `update_time`, `is_deleted`) VALUES (15, '', '96e79218965eb72c92a549dd5a330112', '', '12345678900', NULL, NULL, NULL, NULL, NULL, 1, '2023-06-11 03:51:32', '2023-06-11 03:51:32', 0);
INSERT INTO `sys_user` (`id`, `username`, `password`, `name`, `phone`, `head_url`, `dept_id`, `post_id`, `open_id`, `description`, `status`, `create_time`, `update_time`, `is_deleted`) VALUES (16, '', '96e79218965eb72c92a549dd5a330112', '', '12312312332', NULL, NULL, NULL, NULL, NULL, 1, '2023-06-11 04:19:41', '2023-06-15 06:18:48', 1);
INSERT INTO `sys_user` (`id`, `username`, `password`, `name`, `phone`, `head_url`, `dept_id`, `post_id`, `open_id`, `description`, `status`, `create_time`, `update_time`, `is_deleted`) VALUES (17, '11111', '96e79218965eb72c92a549dd5a330112', '1111111', '111111', NULL, NULL, NULL, NULL, NULL, 1, '2023-06-11 04:28:04', '2023-06-11 04:36:39', 1);
COMMIT;

-- ----------------------------
-- Table structure for sys_user_role
-- ----------------------------
DROP TABLE IF EXISTS `sys_user_role`;
CREATE TABLE `sys_user_role` (
  `id` bigint NOT NULL AUTO_INCREMENT COMMENT 'id',
  `role_id` bigint NOT NULL DEFAULT '0' COMMENT 'id',
  `user_id` bigint NOT NULL DEFAULT '0' COMMENT 'id',
  `create_time` timestamp NOT NULL DEFAULT CURRENT_TIMESTAMP COMMENT '',
  `update_time` timestamp NOT NULL DEFAULT CURRENT_TIMESTAMP ON UPDATE CURRENT_TIMESTAMP COMMENT '',
  `is_deleted` tinyint NOT NULL DEFAULT '0' COMMENT '0: 1:',
  PRIMARY KEY (`id`),
  KEY `idx_role_id` (`role_id`),
  KEY `idx_admin_id` (`user_id`)
) ENGINE=InnoDB AUTO_INCREMENT=27 DEFAULT CHARSET=utf8mb3 COMMENT='';

-- ----------------------------
-- Records of sys_user_role
-- ----------------------------
BEGIN;
INSERT INTO `sys_user_role` (`id`, `role_id`, `user_id`, `create_time`, `update_time`, `is_deleted`) VALUES (2, 2, 2, '2022-01-20 20:49:37', '2023-06-11 03:55:56', 1);
INSERT INTO `sys_user_role` (`id`, `role_id`, `user_id`, `create_time`, `update_time`, `is_deleted`) VALUES (3, 1, 1, '2022-05-19 10:37:27', '2022-05-24 16:55:53', 1);
INSERT INTO `sys_user_role` (`id`, `role_id`, `user_id`, `create_time`, `update_time`, `is_deleted`) VALUES (4, 2, 1, '2022-05-19 10:37:27', '2022-05-24 16:55:53', 1);
INSERT INTO `sys_user_role` (`id`, `role_id`, `user_id`, `create_time`, `update_time`, `is_deleted`) VALUES (5, 1, 1, '2022-05-24 16:55:53', '2023-06-09 11:53:35', 1);
INSERT INTO `sys_user_role` (`id`, `role_id`, `user_id`, `create_time`, `update_time`, `is_deleted`) VALUES (6, 2, 3, '2022-05-25 16:09:31', '2023-06-10 14:16:11', 1);
INSERT INTO `sys_user_role` (`id`, `role_id`, `user_id`, `create_time`, `update_time`, `is_deleted`) VALUES (7, 2, 4, '2022-06-02 11:08:14', '2022-06-02 11:15:36', 1);
INSERT INTO `sys_user_role` (`id`, `role_id`, `user_id`, `create_time`, `update_time`, `is_deleted`) VALUES (8, 2, 4, '2022-06-02 11:15:36', '2022-06-02 16:10:53', 1);
INSERT INTO `sys_user_role` (`id`, `role_id`, `user_id`, `create_time`, `update_time`, `is_deleted`) VALUES (9, 1, 4, '2022-06-02 11:15:36', '2022-06-02 16:10:53', 1);
INSERT INTO `sys_user_role` (`id`, `role_id`, `user_id`, `create_time`, `update_time`, `is_deleted`) VALUES (10, 1, 4, '2022-06-02 16:10:53', '2023-06-10 14:15:16', 1);
INSERT INTO `sys_user_role` (`id`, `role_id`, `user_id`, `create_time`, `update_time`, `is_deleted`) VALUES (11, 3, 5, '2023-06-09 11:52:53', '2023-06-09 11:52:53', 0);
INSERT INTO `sys_user_role` (`id`, `role_id`, `user_id`, `create_time`, `update_time`, `is_deleted`) VALUES (12, 7, 6, '2023-06-09 11:52:56', '2023-06-09 11:52:56', 0);
INSERT INTO `sys_user_role` (`id`, `role_id`, `user_id`, `create_time`, `update_time`, `is_deleted`) VALUES (13, 1, 1, '2023-06-09 11:53:35', '2023-06-11 03:55:54', 1);
INSERT INTO `sys_user_role` (`id`, `role_id`, `user_id`, `create_time`, `update_time`, `is_deleted`) VALUES (14, 2, 1, '2023-06-09 11:53:35', '2023-06-11 03:55:54', 1);
INSERT INTO `sys_user_role` (`id`, `role_id`, `user_id`, `create_time`, `update_time`, `is_deleted`) VALUES (15, 7, 14, '2023-06-10 13:38:11', '2023-06-15 06:18:52', 1);
INSERT INTO `sys_user_role` (`id`, `role_id`, `user_id`, `create_time`, `update_time`, `is_deleted`) VALUES (16, 1, 4, '2023-06-10 14:15:16', '2023-06-10 14:16:03', 1);
INSERT INTO `sys_user_role` (`id`, `role_id`, `user_id`, `create_time`, `update_time`, `is_deleted`) VALUES (17, 7, 4, '2023-06-10 14:16:03', '2023-06-11 03:42:36', 1);
INSERT INTO `sys_user_role` (`id`, `role_id`, `user_id`, `create_time`, `update_time`, `is_deleted`) VALUES (18, 3, 3, '2023-06-10 14:16:11', '2023-06-10 14:16:11', 0);
INSERT INTO `sys_user_role` (`id`, `role_id`, `user_id`, `create_time`, `update_time`, `is_deleted`) VALUES (19, 3, 4, '2023-06-11 03:42:36', '2023-06-11 03:42:36', 0);
INSERT INTO `sys_user_role` (`id`, `role_id`, `user_id`, `create_time`, `update_time`, `is_deleted`) VALUES (20, 1, 1, '2023-06-11 03:55:54', '2023-06-11 03:55:54', 0);
INSERT INTO `sys_user_role` (`id`, `role_id`, `user_id`, `create_time`, `update_time`, `is_deleted`) VALUES (21, 2, 2, '2023-06-11 03:55:56', '2023-06-11 03:55:56', 0);
INSERT INTO `sys_user_role` (`id`, `role_id`, `user_id`, `create_time`, `update_time`, `is_deleted`) VALUES (22, 7, 14, '2023-06-15 06:18:52', '2023-06-15 06:19:18', 1);
INSERT INTO `sys_user_role` (`id`, `role_id`, `user_id`, `create_time`, `update_time`, `is_deleted`) VALUES (23, 8, 14, '2023-06-15 06:18:52', '2023-06-15 06:19:18', 1);
INSERT INTO `sys_user_role` (`id`, `role_id`, `user_id`, `create_time`, `update_time`, `is_deleted`) VALUES (24, 7, 14, '2023-06-15 06:19:18', '2023-06-15 06:19:18', 0);
INSERT INTO `sys_user_role` (`id`, `role_id`, `user_id`, `create_time`, `update_time`, `is_deleted`) VALUES (25, 8, 14, '2023-06-15 06:19:18', '2023-06-15 06:19:18', 0);
INSERT INTO `sys_user_role` (`id`, `role_id`, `user_id`, `create_time`, `update_time`, `is_deleted`) VALUES (26, 3, 14, '2023-06-15 06:19:18', '2023-06-15 06:19:18', 0);
COMMIT;

-- ----------------------------
-- Table structure for ums_user
-- ----------------------------
DROP TABLE IF EXISTS `ums_user`;
CREATE TABLE `ums_user` (
  `id` varchar(20) CHARACTER SET utf8 COLLATE utf8_general_ci NOT NULL COMMENT 'ID',
  `username` varchar(15) CHARACTER SET utf8 COLLATE utf8_general_ci NOT NULL DEFAULT '' COMMENT '',
  `alias` varchar(255) CHARACTER SET utf8 COLLATE utf8_general_ci DEFAULT NULL COMMENT '',
  `password` varchar(100) CHARACTER SET utf8 COLLATE utf8_general_ci DEFAULT '' COMMENT '',
  `avatar` varchar(1000) CHARACTER SET utf8 COLLATE utf8_general_ci DEFAULT NULL COMMENT '',
  `email` varchar(255) CHARACTER SET utf8 COLLATE utf8_general_ci DEFAULT NULL COMMENT '',
  `mobile` varchar(255) CHARACTER SET utf8 COLLATE utf8_general_ci DEFAULT NULL COMMENT '',
  `score` int NOT NULL DEFAULT '0' COMMENT '',
  `token` varchar(255) CHARACTER SET utf8 COLLATE utf8_general_ci DEFAULT '' COMMENT 'token',
  `bio` varchar(255) CHARACTER SET utf8 COLLATE utf8_general_ci DEFAULT NULL COMMENT '',
  `active` bit(1) NOT NULL DEFAULT b'0' COMMENT '10',
  `status` bit(1) DEFAULT b'1' COMMENT '10',
  `role_id` int DEFAULT NULL COMMENT '',
  `create_time` datetime NOT NULL COMMENT '',
  `modify_time` datetime DEFAULT NULL COMMENT '',
  PRIMARY KEY (`id`) USING BTREE,
  UNIQUE KEY `user_name` (`username`) USING BTREE,
  KEY `user_email` (`email`) USING BTREE,
  KEY `user_create_time` (`create_time`) USING BTREE
) ENGINE=InnoDB DEFAULT CHARSET=utf8mb3 ROW_FORMAT=DYNAMIC COMMENT='';

-- ----------------------------
-- Records of ums_user
-- ----------------------------
BEGIN;
INSERT INTO `ums_user` (`id`, `username`, `alias`, `password`, `avatar`, `email`, `mobile`, `score`, `token`, `bio`, `active`, `status`, `role_id`, `create_time`, `modify_time`) VALUES ('1349290158897311745', 'admin', 'admin', '96e79218965eb72c92a549dd5a330112', 'https://api.multiavatar.com/', '23456@qq.com', NULL, 3, '', '', b'1', b'1', NULL, '2023-06-14 19:34:11', NULL);
INSERT INTO `ums_user` (`id`, `username`, `alias`, `password`, `avatar`, `email`, `mobile`, `score`, `token`, `bio`, `active`, `status`, `role_id`, `create_time`, `modify_time`) VALUES ('1668944443979345922', 'user', 'user', '96e79218965eb72c92a549dd5a330112', 'https://api.multiavatar.com/', '11@qq.com', NULL, 2, '', '', b'1', b'1', NULL, '2023-06-14 19:34:11', NULL);
INSERT INTO `ums_user` (`id`, `username`, `alias`, `password`, `avatar`, `email`, `mobile`, `score`, `token`, `bio`, `active`, `status`, `role_id`, `create_time`, `modify_time`) VALUES ('1670316800153255937', 'ceshi1', 'ceshi1', '9464c3798239e316379036767f0ff7d1', 'https://api.multiavatar.com/', '12@qq.com', NULL, 0, '', '', b'1', b'1', NULL, '2023-06-18 14:25:33', NULL);
INSERT INTO `ums_user` (`id`, `username`, `alias`, `password`, `avatar`, `email`, `mobile`, `score`, `token`, `bio`, `active`, `status`, `role_id`, `create_time`, `modify_time`) VALUES ('1670318386917191681', '1111111', '1111111', '7fa8282ad93047a4d6fe6111c93b308a', 'https://api.multiavatar.com/1.png', '11@qw.co', NULL, 0, '', '', b'1', b'1', NULL, '2023-06-18 14:31:51', NULL);
COMMIT;

-- ----------------------------
-- Table structure for wechat_menu
-- ----------------------------
DROP TABLE IF EXISTS `wechat_menu`;
CREATE TABLE `wechat_menu` (
  `id` bigint NOT NULL AUTO_INCREMENT COMMENT '',
  `parent_id` bigint DEFAULT NULL COMMENT 'id',
  `name` varchar(50) DEFAULT NULL COMMENT '',
  `type` varchar(10) DEFAULT NULL COMMENT '',
  `url` varchar(100) DEFAULT NULL COMMENT ' ',
  `meun_key` varchar(20) DEFAULT NULL COMMENT 'KEY',
  `sort` tinyint DEFAULT NULL COMMENT '',
  `create_time` timestamp NOT NULL DEFAULT CURRENT_TIMESTAMP COMMENT '',
  `update_time` timestamp NOT NULL DEFAULT CURRENT_TIMESTAMP ON UPDATE CURRENT_TIMESTAMP,
  `is_deleted` tinyint NOT NULL DEFAULT '0',
  PRIMARY KEY (`id`)
) ENGINE=InnoDB AUTO_INCREMENT=10 DEFAULT CHARSET=utf8mb3 COMMENT='';

-- ----------------------------
-- Records of wechat_menu
-- ----------------------------
BEGIN;
INSERT INTO `wechat_menu` (`id`, `parent_id`, `name`, `type`, `url`, `meun_key`, `sort`, `create_time`, `update_time`, `is_deleted`) VALUES (2, 0, '', NULL, NULL, NULL, 1, '2022-12-13 09:23:30', '2022-12-13 09:29:22', 0);
INSERT INTO `wechat_menu` (`id`, `parent_id`, `name`, `type`, `url`, `meun_key`, `sort`, `create_time`, `update_time`, `is_deleted`) VALUES (3, 0, '', 'view', '/', NULL, 2, '2022-12-13 09:23:44', '2022-12-13 09:54:20', 0);
INSERT INTO `wechat_menu` (`id`, `parent_id`, `name`, `type`, `url`, `meun_key`, `sort`, `create_time`, `update_time`, `is_deleted`) VALUES (4, 0, '', NULL, NULL, NULL, 3, '2022-12-13 09:23:52', '2022-12-13 09:29:24', 0);
INSERT INTO `wechat_menu` (`id`, `parent_id`, `name`, `type`, `url`, `meun_key`, `sort`, `create_time`, `update_time`, `is_deleted`) VALUES (5, 2, '', 'view', '/list/0', '', 1, '2022-12-13 09:19:56', '2022-12-13 09:24:10', 0);
INSERT INTO `wechat_menu` (`id`, `parent_id`, `name`, `type`, `url`, `meun_key`, `sort`, `create_time`, `update_time`, `is_deleted`) VALUES (6, 2, '', 'view', '/list/1', '', 2, '2022-12-13 09:27:00', '2022-12-13 09:29:28', 0);
INSERT INTO `wechat_menu` (`id`, `parent_id`, `name`, `type`, `url`, `meun_key`, `sort`, `create_time`, `update_time`, `is_deleted`) VALUES (7, 2, '', 'view', '/list/1', '', 3, '2022-12-13 09:27:30', '2022-12-13 09:29:30', 0);
INSERT INTO `wechat_menu` (`id`, `parent_id`, `name`, `type`, `url`, `meun_key`, `sort`, `create_time`, `update_time`, `is_deleted`) VALUES (8, 4, '', 'view', '/user', '', 1, '2022-12-13 09:28:47', '2022-12-13 09:28:47', 0);
INSERT INTO `wechat_menu` (`id`, `parent_id`, `name`, `type`, `url`, `meun_key`, `sort`, `create_time`, `update_time`, `is_deleted`) VALUES (9, 4, '', 'view', '/about', '', 2, '2022-12-13 09:29:08', '2022-12-13 09:29:32', 0);
COMMIT;

SET FOREIGN_KEY_CHECKS = 1;
